-- MariaDB dump 10.19  Distrib 10.4.32-MariaDB, for Win64 (AMD64)
--
-- Host: localhost    Database: calloway_pharmacy
-- ------------------------------------------------------
-- Server version	10.4.32-MariaDB

/*!40101 SET @OLD_CHARACTER_SET_CLIENT=@@CHARACTER_SET_CLIENT */;
/*!40101 SET @OLD_CHARACTER_SET_RESULTS=@@CHARACTER_SET_RESULTS */;
/*!40101 SET @OLD_COLLATION_CONNECTION=@@COLLATION_CONNECTION */;
/*!40101 SET NAMES utf8mb4 */;
/*!40103 SET @OLD_TIME_ZONE=@@TIME_ZONE */;
/*!40103 SET TIME_ZONE='+00:00' */;
/*!40014 SET @OLD_UNIQUE_CHECKS=@@UNIQUE_CHECKS, UNIQUE_CHECKS=0 */;
/*!40014 SET @OLD_FOREIGN_KEY_CHECKS=@@FOREIGN_KEY_CHECKS, FOREIGN_KEY_CHECKS=0 */;
/*!40101 SET @OLD_SQL_MODE=@@SQL_MODE, SQL_MODE='NO_AUTO_VALUE_ON_ZERO' */;
/*!40111 SET @OLD_SQL_NOTES=@@SQL_NOTES, SQL_NOTES=0 */;

--
-- Table structure for table `activity_logs`
--

DROP TABLE IF EXISTS `activity_logs`;
/*!40101 SET @saved_cs_client     = @@character_set_client */;
/*!40101 SET character_set_client = utf8 */;
CREATE TABLE `activity_logs` (
  `log_id` int(11) NOT NULL AUTO_INCREMENT,
  `user_id` int(11) DEFAULT NULL,
  `action` varchar(100) NOT NULL,
  `module` varchar(100) NOT NULL,
  `details` text DEFAULT NULL,
  `ip_address` varchar(45) DEFAULT NULL,
  `user_agent` text DEFAULT NULL,
  `created_at` timestamp NOT NULL DEFAULT CURRENT_TIMESTAMP,
  PRIMARY KEY (`log_id`),
  KEY `idx_user_id` (`user_id`),
  KEY `idx_action` (`action`),
  KEY `idx_module` (`module`),
  KEY `idx_created_at` (`created_at`)
) ENGINE=InnoDB AUTO_INCREMENT=540 DEFAULT CHARSET=utf8mb4 COLLATE=utf8mb4_unicode_ci;
/*!40101 SET character_set_client = @saved_cs_client */;

--
-- Dumping data for table `activity_logs`
--

LOCK TABLES `activity_logs` WRITE;
/*!40000 ALTER TABLE `activity_logs` DISABLE KEYS */;
INSERT INTO `activity_logs` VALUES (1,1,'login_success','Authentication','User logged in successfully',NULL,NULL,'2026-02-13 05:34:22'),(2,NULL,'login_failed','Authentication','Failed login attempt for: Chrollo','::1','Mozilla/5.0 (Windows NT 10.0; Win64; x64) AppleWebKit/537.36 (KHTML, like Gecko) Chrome/135.0.0.0 Safari/537.36 Edg/135.0.0.0','2026-02-13 05:36:06'),(3,1,'login_success','Authentication','User logged in successfully','::1','Mozilla/5.0 (Windows NT 10.0; Win64; x64) AppleWebKit/537.36 (KHTML, like Gecko) Chrome/135.0.0.0 Safari/537.36 Edg/135.0.0.0','2026-02-13 05:41:40'),(4,NULL,'login_failed','Authentication','Failed login attempt for: hendry','127.0.0.1','Mozilla/5.0 (Windows NT 10.0; Win64; x64) AppleWebKit/537.36 (KHTML, like Gecko) Chrome/144.0.0.0 Safari/537.36 Edg/144.0.0.0','2026-02-13 05:41:58'),(5,NULL,'login_failed','Authentication','Failed login attempt for: hendry','127.0.0.1','Mozilla/5.0 (Windows NT 10.0; Win64; x64) AppleWebKit/537.36 (KHTML, like Gecko) Chrome/144.0.0.0 Safari/537.36 Edg/144.0.0.0','2026-02-13 05:42:04'),(6,NULL,'login_failed','Authentication','Failed login attempt for: cess','127.0.0.1','Mozilla/5.0 (Windows NT 10.0; Win64; x64) AppleWebKit/537.36 (KHTML, like Gecko) Chrome/144.0.0.0 Safari/537.36 Edg/144.0.0.0','2026-02-13 05:42:13'),(7,NULL,'login_failed','Authentication','Failed login attempt for: cess','127.0.0.1','Mozilla/5.0 (Windows NT 10.0; Win64; x64) AppleWebKit/537.36 (KHTML, like Gecko) Chrome/144.0.0.0 Safari/537.36 Edg/144.0.0.0','2026-02-13 05:42:19'),(8,NULL,'login_failed','Authentication','Failed login attempt for: cess','127.0.0.1','Mozilla/5.0 (Windows NT 10.0; Win64; x64) AppleWebKit/537.36 (KHTML, like Gecko) Chrome/144.0.0.0 Safari/537.36 Edg/144.0.0.0','2026-02-13 05:42:21'),(9,NULL,'login_failed','Authentication','Failed login attempt for: hendry','127.0.0.1','Mozilla/5.0 (Windows NT 10.0; Win64; x64) AppleWebKit/537.36 (KHTML, like Gecko) Chrome/144.0.0.0 Safari/537.36 Edg/144.0.0.0','2026-02-13 05:50:05'),(10,NULL,'login_failed','Authentication','Failed login attempt for: hendry','127.0.0.1','Mozilla/5.0 (Windows NT 10.0; Win64; x64) AppleWebKit/537.36 (KHTML, like Gecko) Chrome/144.0.0.0 Safari/537.36 Edg/144.0.0.0','2026-02-13 05:54:32'),(11,1,'DELETE','users','Deleted user: na.eyes','::1','Mozilla/5.0 (Windows NT 10.0; Win64; x64) AppleWebKit/537.36 (KHTML, like Gecko) Chrome/135.0.0.0 Safari/537.36 Edg/135.0.0.0','2026-02-13 05:57:06'),(12,NULL,'login_failed','Authentication','Failed login attempt for: hendry','127.0.0.1','Mozilla/5.0 (Windows NT 10.0; Win64; x64) AppleWebKit/537.36 (KHTML, like Gecko) Chrome/144.0.0.0 Safari/537.36 Edg/144.0.0.0','2026-02-13 05:58:33'),(13,1,'CREATE','users','Created user: Hendry','::1','Mozilla/5.0 (Windows NT 10.0; Win64; x64) AppleWebKit/537.36 (KHTML, like Gecko) Chrome/135.0.0.0 Safari/537.36 Edg/135.0.0.0','2026-02-13 05:59:34'),(14,12,'login_failed','Authentication','Invalid password','127.0.0.1','Mozilla/5.0 (Windows NT 10.0; Win64; x64) AppleWebKit/537.36 (KHTML, like Gecko) Chrome/144.0.0.0 Safari/537.36 Edg/144.0.0.0','2026-02-13 05:59:50'),(15,12,'login_failed','Authentication','Invalid password','127.0.0.1','Mozilla/5.0 (Windows NT 10.0; Win64; x64) AppleWebKit/537.36 (KHTML, like Gecko) Chrome/144.0.0.0 Safari/537.36 Edg/144.0.0.0','2026-02-13 05:59:57'),(16,12,'login_success','Authentication','User logged in successfully','127.0.0.1','Mozilla/5.0 (Windows NT 10.0; Win64; x64) AppleWebKit/537.36 (KHTML, like Gecko) Chrome/144.0.0.0 Safari/537.36 Edg/144.0.0.0','2026-02-13 06:00:13'),(17,12,'logout','Authentication','User logged out','127.0.0.1','Mozilla/5.0 (Windows NT 10.0; Win64; x64) AppleWebKit/537.36 (KHTML, like Gecko) Chrome/144.0.0.0 Safari/537.36 Edg/144.0.0.0','2026-02-13 06:03:03'),(18,NULL,'login_failed','Authentication','Failed login attempt for: cess','127.0.0.1','Mozilla/5.0 (Windows NT 10.0; Win64; x64) AppleWebKit/537.36 (KHTML, like Gecko) Chrome/144.0.0.0 Safari/537.36 Edg/144.0.0.0','2026-02-13 06:03:11'),(19,13,'login_success','Authentication','User logged in successfully','127.0.0.1','Mozilla/5.0 (Windows NT 10.0; Win64; x64) AppleWebKit/537.36 (KHTML, like Gecko) Chrome/144.0.0.0 Safari/537.36 Edg/144.0.0.0','2026-02-13 06:03:32'),(20,13,'logout','Authentication','User logged out','127.0.0.1','Mozilla/5.0 (Windows NT 10.0; Win64; x64) AppleWebKit/537.36 (KHTML, like Gecko) Chrome/144.0.0.0 Safari/537.36 Edg/144.0.0.0','2026-02-13 06:04:19'),(21,12,'login_success','Authentication','User logged in successfully','127.0.0.1','Mozilla/5.0 (Windows NT 10.0; Win64; x64) AppleWebKit/537.36 (KHTML, like Gecko) Chrome/144.0.0.0 Safari/537.36 Edg/144.0.0.0','2026-02-13 06:04:25'),(22,12,'sale_completed','POS','Sale TX-70962813-393 — ₱180.00','127.0.0.1','Mozilla/5.0 (Windows NT 10.0; Win64; x64) AppleWebKit/537.36 (KHTML, like Gecko) Chrome/144.0.0.0 Safari/537.36 Edg/144.0.0.0','2026-02-13 06:06:53'),(23,12,'sale_completed','POS','Sale TX-70964813-181 — ₱35.00','127.0.0.1','Mozilla/5.0 (Windows NT 10.0; Win64; x64) AppleWebKit/537.36 (KHTML, like Gecko) Chrome/144.0.0.0 Safari/537.36 Edg/144.0.0.0','2026-02-13 06:40:13'),(24,12,'logout','Authentication','User logged out','127.0.0.1','Mozilla/5.0 (Windows NT 10.0; Win64; x64) AppleWebKit/537.36 (KHTML, like Gecko) Chrome/144.0.0.0 Safari/537.36 Edg/144.0.0.0','2026-02-13 06:42:49'),(25,13,'login_success','Authentication','User logged in successfully','127.0.0.1','Mozilla/5.0 (Windows NT 10.0; Win64; x64) AppleWebKit/537.36 (KHTML, like Gecko) Chrome/144.0.0.0 Safari/537.36 Edg/144.0.0.0','2026-02-13 06:42:55'),(26,13,'logout','Authentication','User logged out','127.0.0.1','Mozilla/5.0 (Windows NT 10.0; Win64; x64) AppleWebKit/537.36 (KHTML, like Gecko) Chrome/144.0.0.0 Safari/537.36 Edg/144.0.0.0','2026-02-13 06:49:35'),(27,12,'login_failed','Authentication','Invalid password','127.0.0.1','Mozilla/5.0 (Windows NT 10.0; Win64; x64) AppleWebKit/537.36 (KHTML, like Gecko) Chrome/144.0.0.0 Safari/537.36 Edg/144.0.0.0','2026-02-13 06:49:41'),(28,12,'login_success','Authentication','User logged in successfully','127.0.0.1','Mozilla/5.0 (Windows NT 10.0; Win64; x64) AppleWebKit/537.36 (KHTML, like Gecko) Chrome/144.0.0.0 Safari/537.36 Edg/144.0.0.0','2026-02-13 06:49:45'),(29,12,'sale_completed','POS','Sale TX-70965406-542 — ₱115.00','127.0.0.1','Mozilla/5.0 (Windows NT 10.0; Win64; x64) AppleWebKit/537.36 (KHTML, like Gecko) Chrome/144.0.0.0 Safari/537.36 Edg/144.0.0.0','2026-02-13 06:50:06'),(30,12,'UPDATE','users','Updated user: hendry','127.0.0.1','Mozilla/5.0 (Windows NT 10.0; Win64; x64) AppleWebKit/537.36 (KHTML, like Gecko) Chrome/144.0.0.0 Safari/537.36 Edg/144.0.0.0','2026-02-13 06:51:57'),(31,12,'product_deleted','Inventory','Deleted product ID: 15','127.0.0.1','Mozilla/5.0 (Windows NT 10.0; Win64; x64) AppleWebKit/537.36 (KHTML, like Gecko) Chrome/144.0.0.0 Safari/537.36 Edg/144.0.0.0','2026-02-13 07:17:48'),(32,12,'product_updated','Inventory','Updated product: Allegra 120mg (ID: 119)','127.0.0.1','Mozilla/5.0 (Windows NT 10.0; Win64; x64) AppleWebKit/537.36 (KHTML, like Gecko) Chrome/144.0.0.0 Safari/537.36 Edg/144.0.0.0','2026-02-13 07:22:08'),(33,12,'product_updated','Inventory','Updated product: Allegra 120mg (ID: 119)','127.0.0.1','Mozilla/5.0 (Windows NT 10.0; Win64; x64) AppleWebKit/537.36 (KHTML, like Gecko) Chrome/144.0.0.0 Safari/537.36 Edg/144.0.0.0','2026-02-13 07:22:33'),(34,12,'product_updated','Inventory','Updated product: Amlodipine 10mg (ID: 166)','127.0.0.1','Mozilla/5.0 (Windows NT 10.0; Win64; x64) AppleWebKit/537.36 (KHTML, like Gecko) Chrome/144.0.0.0 Safari/537.36 Edg/144.0.0.0','2026-02-13 07:28:46'),(35,12,'product_updated','Inventory','Updated product: Amlodipine 5mg (Norvasc) (ID: 165)','127.0.0.1','Mozilla/5.0 (Windows NT 10.0; Win64; x64) AppleWebKit/537.36 (KHTML, like Gecko) Chrome/144.0.0.0 Safari/537.36 Edg/144.0.0.0','2026-02-13 07:29:15'),(36,1,'product_updated','Inventory','Updated product: Allegra 120mg (ID: 119)','::1','Mozilla/5.0 (Windows NT 10.0; Win64; x64) AppleWebKit/537.36 (KHTML, like Gecko) Chrome/135.0.0.0 Safari/537.36 Edg/135.0.0.0','2026-02-13 07:30:27'),(37,12,'product_updated','Inventory','Updated product: Amlodipine 10mg (ID: 166)','127.0.0.1','Mozilla/5.0 (Windows NT 10.0; Win64; x64) AppleWebKit/537.36 (KHTML, like Gecko) Chrome/144.0.0.0 Safari/537.36 Edg/144.0.0.0','2026-02-13 07:32:45'),(38,12,'product_updated','Inventory','Updated product: Allegra 120mg (ID: 119)','127.0.0.1','Mozilla/5.0 (Windows NT 10.0; Win64; x64) AppleWebKit/537.36 (KHTML, like Gecko) Chrome/144.0.0.0 Safari/537.36 Edg/144.0.0.0','2026-02-13 07:33:03'),(39,12,'product_updated','Inventory','Updated product: Amoxicillin 500mg (Amoxil) (ID: 32)','127.0.0.1','Mozilla/5.0 (Windows NT 10.0; Win64; x64) AppleWebKit/537.36 (KHTML, like Gecko) Chrome/144.0.0.0 Safari/537.36 Edg/144.0.0.0','2026-02-13 07:34:54'),(40,12,'product_updated','Inventory','Updated product: Allegra 120mg (ID: 119)','127.0.0.1','Mozilla/5.0 (Windows NT 10.0; Win64; x64) AppleWebKit/537.36 (KHTML, like Gecko) Chrome/144.0.0.0 Safari/537.36 Edg/144.0.0.0','2026-02-13 07:41:12'),(41,12,'product_updated','Inventory','Updated product: Allegra 120mg (ID: 119)','127.0.0.1','Mozilla/5.0 (Windows NT 10.0; Win64; x64) AppleWebKit/537.36 (KHTML, like Gecko) Chrome/144.0.0.0 Safari/537.36 Edg/144.0.0.0','2026-02-13 07:41:28'),(42,12,'product_updated','Inventory','Updated product: Allegra 120mg (ID: 119)','127.0.0.1','Mozilla/5.0 (Windows NT 10.0; Win64; x64) AppleWebKit/537.36 (KHTML, like Gecko) Chrome/144.0.0.0 Safari/537.36 Edg/144.0.0.0','2026-02-13 07:41:51'),(43,12,'product_updated','Inventory','Updated product: Allegra 120mg (ID: 119)','127.0.0.1','Mozilla/5.0 (Windows NT 10.0; Win64; x64) AppleWebKit/537.36 (KHTML, like Gecko) Chrome/144.0.0.0 Safari/537.36 Edg/144.0.0.0','2026-02-13 07:44:38'),(44,12,'product_updated','Inventory','Updated product: Amlodipine 10mg (ID: 166)','127.0.0.1','Mozilla/5.0 (Windows NT 10.0; Win64; x64) AppleWebKit/537.36 (KHTML, like Gecko) Chrome/144.0.0.0 Safari/537.36 Edg/144.0.0.0','2026-02-13 07:45:29'),(45,12,'product_updated','Inventory','Updated product: Amlodipine 5mg (RiteMed) (ID: 167)','127.0.0.1','Mozilla/5.0 (Windows NT 10.0; Win64; x64) AppleWebKit/537.36 (KHTML, like Gecko) Chrome/144.0.0.0 Safari/537.36 Edg/144.0.0.0','2026-02-13 07:48:30'),(46,12,'product_updated','Inventory','Updated product: Amlodipine 5mg (Norvasc) (ID: 165)','127.0.0.1','Mozilla/5.0 (Windows NT 10.0; Win64; x64) AppleWebKit/537.36 (KHTML, like Gecko) Chrome/144.0.0.0 Safari/537.36 Edg/144.0.0.0','2026-02-13 07:48:50'),(47,12,'product_updated','Inventory','Updated product: Amoxicillin 250mg/5mL Suspension (ID: 31)','127.0.0.1','Mozilla/5.0 (Windows NT 10.0; Win64; x64) AppleWebKit/537.36 (KHTML, like Gecko) Chrome/144.0.0.0 Safari/537.36 Edg/144.0.0.0','2026-02-13 07:52:59'),(48,12,'product_updated','Inventory','Updated product: Amoxicillin 500mg (Amoxil) (ID: 32)','127.0.0.1','Mozilla/5.0 (Windows NT 10.0; Win64; x64) AppleWebKit/537.36 (KHTML, like Gecko) Chrome/144.0.0.0 Safari/537.36 Edg/144.0.0.0','2026-02-13 07:53:09'),(49,12,'product_updated','Inventory','Updated product: Amoxicillin 500mg (RiteMed) (ID: 30)','127.0.0.1','Mozilla/5.0 (Windows NT 10.0; Win64; x64) AppleWebKit/537.36 (KHTML, like Gecko) Chrome/144.0.0.0 Safari/537.36 Edg/144.0.0.0','2026-02-13 07:53:23'),(50,12,'sale_completed','POS','Sale TX-70971782-445 — ₱3.36','127.0.0.1','Mozilla/5.0 (Windows NT 10.0; Win64; x64) AppleWebKit/537.36 (KHTML, like Gecko) Chrome/144.0.0.0 Safari/537.36 Edg/144.0.0.0','2026-02-13 08:36:22'),(51,1,'logout','Authentication','User logged out','::1','Mozilla/5.0 (Windows NT 10.0; Win64; x64) AppleWebKit/537.36 (KHTML, like Gecko) Chrome/135.0.0.0 Safari/537.36 Edg/135.0.0.0','2026-02-13 08:43:31'),(52,1,'login_success','Authentication','User logged in successfully','::1','Mozilla/5.0 (Windows NT 10.0; Win64; x64) AppleWebKit/537.36 (KHTML, like Gecko) Chrome/135.0.0.0 Safari/537.36 Edg/135.0.0.0','2026-02-13 08:43:34'),(53,1,'login_success','Authentication','User logged in successfully','::1','Mozilla/5.0 (Windows NT 10.0; Win64; x64) AppleWebKit/537.36 (KHTML, like Gecko) Chrome/135.0.0.0 Safari/537.36 Edg/135.0.0.0','2026-02-13 08:44:17'),(54,12,'logout','Authentication','User logged out','127.0.0.1','Mozilla/5.0 (Windows NT 10.0; Win64; x64) AppleWebKit/537.36 (KHTML, like Gecko) Chrome/144.0.0.0 Safari/537.36 Edg/144.0.0.0','2026-02-13 09:06:42'),(55,12,'login_success','Authentication','User logged in successfully','127.0.0.1','Mozilla/5.0 (Windows NT 10.0; Win64; x64) AppleWebKit/537.36 (KHTML, like Gecko) Chrome/144.0.0.0 Safari/537.36 Edg/144.0.0.0','2026-02-13 09:07:51'),(56,12,'logout','Authentication','User logged out','127.0.0.1','Mozilla/5.0 (Windows NT 10.0; Win64; x64) AppleWebKit/537.36 (KHTML, like Gecko) Chrome/144.0.0.0 Safari/537.36 Edg/144.0.0.0','2026-02-13 09:07:59'),(57,13,'login_failed','Authentication','Invalid password','127.0.0.1','Mozilla/5.0 (Windows NT 10.0; Win64; x64) AppleWebKit/537.36 (KHTML, like Gecko) Chrome/144.0.0.0 Safari/537.36 Edg/144.0.0.0','2026-02-13 09:08:07'),(58,13,'login_success','Authentication','User logged in successfully','127.0.0.1','Mozilla/5.0 (Windows NT 10.0; Win64; x64) AppleWebKit/537.36 (KHTML, like Gecko) Chrome/144.0.0.0 Safari/537.36 Edg/144.0.0.0','2026-02-13 09:08:52'),(59,1,'logout','Authentication','User logged out','::1','Mozilla/5.0 (Windows NT 10.0; Win64; x64) AppleWebKit/537.36 (KHTML, like Gecko) Chrome/135.0.0.0 Safari/537.36 Edg/135.0.0.0','2026-02-13 11:10:58'),(60,1,'login_success','Authentication','User logged in successfully','::1','Mozilla/5.0 (Windows NT 10.0; Win64; x64) AppleWebKit/537.36 (KHTML, like Gecko) Chrome/135.0.0.0 Safari/537.36 Edg/135.0.0.0','2026-02-13 13:20:12'),(61,1,'sale_completed','POS','Sale TX-70988853-444 — ₱106.40','::1','Mozilla/5.0 (Windows NT 10.0; Win64; x64) AppleWebKit/537.36 (KHTML, like Gecko) Chrome/135.0.0.0 Safari/537.36 Edg/135.0.0.0','2026-02-13 13:20:53'),(62,1,'login_success','Authentication','User logged in successfully','::1','Mozilla/5.0 (Windows NT 10.0; Win64; x64) AppleWebKit/537.36 (KHTML, like Gecko) Chrome/135.0.0.0 Safari/537.36 Edg/135.0.0.0','2026-02-14 12:47:12'),(63,1,'login_success','Authentication','User logged in successfully','::1','Mozilla/5.0 (Windows NT 10.0; Win64; x64) AppleWebKit/537.36 (KHTML, like Gecko) Chrome/135.0.0.0 Safari/537.36 Edg/135.0.0.0','2026-02-15 05:10:23'),(64,1,'product_updated','Inventory','Updated product: Amlodipine 5mg (RiteMed) (ID: 167)','::1','Mozilla/5.0 (Windows NT 10.0; Win64; x64) AppleWebKit/537.36 (KHTML, like Gecko) Chrome/135.0.0.0 Safari/537.36 Edg/135.0.0.0','2026-02-15 05:31:44'),(65,1,'stock_movement','Inventory','Stock ADJUSTMENT: Product ID 238, Quantity: 45','::1','Mozilla/5.0 (Windows NT 10.0; Win64; x64) AppleWebKit/537.36 (KHTML, like Gecko) Chrome/135.0.0.0 Safari/537.36 Edg/135.0.0.0','2026-02-15 05:31:54'),(66,1,'login_success','Authentication','User logged in successfully','::1','Mozilla/5.0 (Windows NT 10.0; Win64; x64) AppleWebKit/537.36 (KHTML, like Gecko) Chrome/135.0.0.0 Safari/537.36 Edg/135.0.0.0','2026-02-15 05:37:55'),(67,1,'CREATE','users','Created user: Chrollo','::1','Mozilla/5.0 (Windows NT 10.0; Win64; x64) AppleWebKit/537.36 (KHTML, like Gecko) Chrome/135.0.0.0 Safari/537.36 Edg/135.0.0.0','2026-02-15 05:39:36'),(68,14,'login_success','Authentication','User logged in successfully','::1','Mozilla/5.0 (Windows NT 10.0; Win64; x64) AppleWebKit/537.36 (KHTML, like Gecko) Chrome/135.0.0.0 Safari/537.36 Edg/135.0.0.0','2026-02-15 06:13:48'),(69,14,'sale_completed','POS','Sale TX-71138491-369 — ₱128.80','::1','Mozilla/5.0 (Windows NT 10.0; Win64; x64) AppleWebKit/537.36 (KHTML, like Gecko) Chrome/135.0.0.0 Safari/537.36 Edg/135.0.0.0','2026-02-15 06:54:51'),(70,14,'sale_completed','POS','Sale TX-71138514-179 — ₱201.60','::1','Mozilla/5.0 (Windows NT 10.0; Win64; x64) AppleWebKit/537.36 (KHTML, like Gecko) Chrome/135.0.0.0 Safari/537.36 Edg/135.0.0.0','2026-02-15 06:55:14'),(71,14,'login_success','Authentication','User logged in successfully','::1','Mozilla/5.0 (Windows NT 10.0; Win64; x64) AppleWebKit/537.36 (KHTML, like Gecko) Chrome/135.0.0.0 Safari/537.36 Edg/135.0.0.0','2026-02-15 12:55:22'),(72,14,'login_success','Authentication','User logged in successfully','::1','Mozilla/5.0 (Windows NT 10.0; Win64; x64) AppleWebKit/537.36 (KHTML, like Gecko) Chrome/135.0.0.0 Safari/537.36 Edg/135.0.0.0','2026-02-15 13:53:54'),(73,14,'logout','Authentication','User logged out','::1','Mozilla/5.0 (Windows NT 10.0; Win64; x64) AppleWebKit/537.36 (KHTML, like Gecko) Chrome/135.0.0.0 Safari/537.36 Edg/135.0.0.0','2026-02-15 13:54:20'),(74,14,'login_success','Authentication','User logged in successfully','::1','Mozilla/5.0 (Windows NT 10.0; Win64; x64) AppleWebKit/537.36 (KHTML, like Gecko) Chrome/135.0.0.0 Safari/537.36 Edg/135.0.0.0','2026-02-15 13:55:14'),(75,14,'logout','Authentication','User logged out','::1','Mozilla/5.0 (Windows NT 10.0; Win64; x64) AppleWebKit/537.36 (KHTML, like Gecko) Chrome/135.0.0.0 Safari/537.36 Edg/135.0.0.0','2026-02-15 13:58:46'),(76,14,'login_success','Authentication','User logged in successfully','::1','Mozilla/5.0 (Windows NT 10.0; Win64; x64) AppleWebKit/537.36 (KHTML, like Gecko) Chrome/135.0.0.0 Safari/537.36 Edg/135.0.0.0','2026-02-15 14:08:25'),(77,14,'login_success','Authentication','User logged in successfully','127.0.0.1','Mozilla/5.0 (Windows NT 10.0; Win64; x64) AppleWebKit/537.36 (KHTML, like Gecko) Chrome/135.0.0.0 Safari/537.36 Edg/135.0.0.0','2026-02-17 00:48:56'),(78,12,'login_success','Authentication','User logged in successfully','127.0.0.1','Mozilla/5.0 (Windows NT 10.0; Win64; x64) AppleWebKit/537.36 (KHTML, like Gecko) Chrome/145.0.0.0 Safari/537.36 Edg/145.0.0.0','2026-02-17 00:51:27'),(79,14,'DELETE','users','Deleted user: ark.an','::1','Mozilla/5.0 (Windows NT 10.0; Win64; x64) AppleWebKit/537.36 (KHTML, like Gecko) Chrome/135.0.0.0 Safari/537.36 Edg/135.0.0.0','2026-02-17 00:52:00'),(80,14,'DELETE','users','Deleted user: ose.arcia','::1','Mozilla/5.0 (Windows NT 10.0; Win64; x64) AppleWebKit/537.36 (KHTML, like Gecko) Chrome/135.0.0.0 Safari/537.36 Edg/135.0.0.0','2026-02-17 00:52:02'),(81,14,'DELETE','users','Deleted user: edro.endoza','::1','Mozilla/5.0 (Windows NT 10.0; Win64; x64) AppleWebKit/537.36 (KHTML, like Gecko) Chrome/135.0.0.0 Safari/537.36 Edg/135.0.0.0','2026-02-17 00:52:03'),(82,14,'DELETE','users','Deleted user: ohn.oe','::1','Mozilla/5.0 (Windows NT 10.0; Win64; x64) AppleWebKit/537.36 (KHTML, like Gecko) Chrome/135.0.0.0 Safari/537.36 Edg/135.0.0.0','2026-02-17 00:52:05'),(83,14,'DELETE','users','Deleted user: ane.mith','::1','Mozilla/5.0 (Windows NT 10.0; Win64; x64) AppleWebKit/537.36 (KHTML, like Gecko) Chrome/135.0.0.0 Safari/537.36 Edg/135.0.0.0','2026-02-17 00:52:08'),(84,14,'DELETE','users','Deleted user: r.aria.antos','::1','Mozilla/5.0 (Windows NT 10.0; Win64; x64) AppleWebKit/537.36 (KHTML, like Gecko) Chrome/135.0.0.0 Safari/537.36 Edg/135.0.0.0','2026-02-17 00:52:10'),(85,14,'DELETE','users','Deleted user: uan.dela.ruz','::1','Mozilla/5.0 (Windows NT 10.0; Win64; x64) AppleWebKit/537.36 (KHTML, like Gecko) Chrome/135.0.0.0 Safari/537.36 Edg/135.0.0.0','2026-02-17 00:52:12'),(86,14,'DELETE','users','Deleted user: asdadasda','::1','Mozilla/5.0 (Windows NT 10.0; Win64; x64) AppleWebKit/537.36 (KHTML, like Gecko) Chrome/135.0.0.0 Safari/537.36 Edg/135.0.0.0','2026-02-17 00:52:15'),(87,14,'DELETE','users','Deleted user: admin','::1','Mozilla/5.0 (Windows NT 10.0; Win64; x64) AppleWebKit/537.36 (KHTML, like Gecko) Chrome/135.0.0.0 Safari/537.36 Edg/135.0.0.0','2026-02-17 00:52:16'),(88,14,'login_success','Authentication','User logged in successfully','::1','Mozilla/5.0 (Windows NT 10.0; Win64; x64) AppleWebKit/537.36 (KHTML, like Gecko) Chrome/135.0.0.0 Safari/537.36 Edg/135.0.0.0','2026-02-17 06:40:43'),(89,14,'product_updated','Inventory','Updated product: Ascof Lagundi 600mg (ID: 66)','::1','Mozilla/5.0 (Windows NT 10.0; Win64; x64) AppleWebKit/537.36 (KHTML, like Gecko) Chrome/135.0.0.0 Safari/537.36 Edg/135.0.0.0','2026-02-17 06:49:00'),(90,14,'product_updated','Inventory','Updated product: Aspirin 80mg (Cardiac) (ID: 175)','::1','Mozilla/5.0 (Windows NT 10.0; Win64; x64) AppleWebKit/537.36 (KHTML, like Gecko) Chrome/135.0.0.0 Safari/537.36 Edg/135.0.0.0','2026-02-17 06:49:45'),(91,14,'product_updated','Inventory','Updated product: Aspirin 80mg (Cardiac) (ID: 175)','::1','Mozilla/5.0 (Windows NT 10.0; Win64; x64) AppleWebKit/537.36 (KHTML, like Gecko) Chrome/135.0.0.0 Safari/537.36 Edg/135.0.0.0','2026-02-17 06:51:18'),(92,14,'product_updated','Inventory','Updated product: Atorvastatin 20mg (Lipitor) (ID: 171)','::1','Mozilla/5.0 (Windows NT 10.0; Win64; x64) AppleWebKit/537.36 (KHTML, like Gecko) Chrome/135.0.0.0 Safari/537.36 Edg/135.0.0.0','2026-02-17 06:52:41'),(93,14,'product_updated','Inventory','Updated product: Atorvastatin 40mg (RiteMed) (ID: 172)','::1','Mozilla/5.0 (Windows NT 10.0; Win64; x64) AppleWebKit/537.36 (KHTML, like Gecko) Chrome/135.0.0.0 Safari/537.36 Edg/135.0.0.0','2026-02-17 06:53:45'),(94,14,'product_updated','Inventory','Updated product: Augmentin 625mg (ID: 33)','::1','Mozilla/5.0 (Windows NT 10.0; Win64; x64) AppleWebKit/537.36 (KHTML, like Gecko) Chrome/135.0.0.0 Safari/537.36 Edg/135.0.0.0','2026-02-17 06:54:35'),(95,14,'product_deleted','Inventory','Deleted product ID: 233','::1','Mozilla/5.0 (Windows NT 10.0; Win64; x64) AppleWebKit/537.36 (KHTML, like Gecko) Chrome/135.0.0.0 Safari/537.36 Edg/135.0.0.0','2026-02-17 06:55:41'),(96,14,'product_updated','Inventory','Updated product: Azithromycin 500mg (RiteMed) (ID: 39)','::1','Mozilla/5.0 (Windows NT 10.0; Win64; x64) AppleWebKit/537.36 (KHTML, like Gecko) Chrome/135.0.0.0 Safari/537.36 Edg/135.0.0.0','2026-02-17 06:56:18'),(97,14,'product_updated','Inventory','Updated product: Azithromycin 500mg (Zithromax) (ID: 38)','::1','Mozilla/5.0 (Windows NT 10.0; Win64; x64) AppleWebKit/537.36 (KHTML, like Gecko) Chrome/135.0.0.0 Safari/537.36 Edg/135.0.0.0','2026-02-17 06:58:15'),(98,14,'product_updated','Inventory','Updated product: Azithromycin 500mg (Zithromax) (ID: 38)','::1','Mozilla/5.0 (Windows NT 10.0; Win64; x64) AppleWebKit/537.36 (KHTML, like Gecko) Chrome/135.0.0.0 Safari/537.36 Edg/135.0.0.0','2026-02-17 06:58:35'),(99,14,'product_updated','Inventory','Updated product: Bactidol Mouthwash 250mL (ID: 70)','::1','Mozilla/5.0 (Windows NT 10.0; Win64; x64) AppleWebKit/537.36 (KHTML, like Gecko) Chrome/135.0.0.0 Safari/537.36 Edg/135.0.0.0','2026-02-17 06:59:48'),(100,14,'product_updated','Inventory','Updated product: Bactroban 2% Ointment 5g (ID: 127)','::1','Mozilla/5.0 (Windows NT 10.0; Win64; x64) AppleWebKit/537.36 (KHTML, like Gecko) Chrome/135.0.0.0 Safari/537.36 Edg/135.0.0.0','2026-02-17 07:00:50'),(101,14,'product_deleted','Inventory','Deleted product ID: 137','::1','Mozilla/5.0 (Windows NT 10.0; Win64; x64) AppleWebKit/537.36 (KHTML, like Gecko) Chrome/135.0.0.0 Safari/537.36 Edg/135.0.0.0','2026-02-17 07:01:25'),(102,14,'product_deleted','Inventory','Deleted product ID: 25','::1','Mozilla/5.0 (Windows NT 10.0; Win64; x64) AppleWebKit/537.36 (KHTML, like Gecko) Chrome/135.0.0.0 Safari/537.36 Edg/135.0.0.0','2026-02-17 07:01:37'),(103,14,'product_updated','Inventory','Updated product: Benadryl 25mg Capsule (ID: 118)','::1','Mozilla/5.0 (Windows NT 10.0; Win64; x64) AppleWebKit/537.36 (KHTML, like Gecko) Chrome/135.0.0.0 Safari/537.36 Edg/135.0.0.0','2026-02-17 07:04:45'),(104,14,'product_updated','Inventory','Updated product: Benadryl Cough Syrup (ID: 56)','::1','Mozilla/5.0 (Windows NT 10.0; Win64; x64) AppleWebKit/537.36 (KHTML, like Gecko) Chrome/135.0.0.0 Safari/537.36 Edg/135.0.0.0','2026-02-17 07:05:41'),(105,14,'product_updated','Inventory','Updated product: Benzoyl Peroxide 5% Gel 25g (ID: 128)','::1','Mozilla/5.0 (Windows NT 10.0; Win64; x64) AppleWebKit/537.36 (KHTML, like Gecko) Chrome/135.0.0.0 Safari/537.36 Edg/135.0.0.0','2026-02-17 07:06:26'),(106,14,'product_deleted','Inventory','Deleted product ID: 267','::1','Mozilla/5.0 (Windows NT 10.0; Win64; x64) AppleWebKit/537.36 (KHTML, like Gecko) Chrome/135.0.0.0 Safari/537.36 Edg/135.0.0.0','2026-02-17 07:12:05'),(107,14,'product_updated','Inventory','Updated product: Berocca 10s Effervescent (ID: 75)','::1','Mozilla/5.0 (Windows NT 10.0; Win64; x64) AppleWebKit/537.36 (KHTML, like Gecko) Chrome/135.0.0.0 Safari/537.36 Edg/135.0.0.0','2026-02-17 07:12:48'),(108,14,'product_updated','Inventory','Updated product: Betadine Feminine Wash 150mL (ID: 240)','::1','Mozilla/5.0 (Windows NT 10.0; Win64; x64) AppleWebKit/537.36 (KHTML, like Gecko) Chrome/135.0.0.0 Safari/537.36 Edg/135.0.0.0','2026-02-17 07:16:49'),(109,14,'product_updated','Inventory','Updated product: Betadine Gargle 120mL (ID: 250)','::1','Mozilla/5.0 (Windows NT 10.0; Win64; x64) AppleWebKit/537.36 (KHTML, like Gecko) Chrome/135.0.0.0 Safari/537.36 Edg/135.0.0.0','2026-02-17 07:18:02'),(110,14,'product_updated','Inventory','Updated product: Betadine Solution 120mL (ID: 122)','::1','Mozilla/5.0 (Windows NT 10.0; Win64; x64) AppleWebKit/537.36 (KHTML, like Gecko) Chrome/135.0.0.0 Safari/537.36 Edg/135.0.0.0','2026-02-17 07:18:54'),(111,14,'product_updated','Inventory','Updated product: Betadine Solution 60mL (ID: 121)','::1','Mozilla/5.0 (Windows NT 10.0; Win64; x64) AppleWebKit/537.36 (KHTML, like Gecko) Chrome/135.0.0.0 Safari/537.36 Edg/135.0.0.0','2026-02-17 07:20:37'),(112,14,'product_updated','Inventory','Updated product: Betadine Throat Spray (ID: 69)','::1','Mozilla/5.0 (Windows NT 10.0; Win64; x64) AppleWebKit/537.36 (KHTML, like Gecko) Chrome/135.0.0.0 Safari/537.36 Edg/135.0.0.0','2026-02-17 07:21:41'),(113,14,'product_updated','Inventory','Updated product: Bioflu Tablet (ID: 61)','::1','Mozilla/5.0 (Windows NT 10.0; Win64; x64) AppleWebKit/537.36 (KHTML, like Gecko) Chrome/135.0.0.0 Safari/537.36 Edg/135.0.0.0','2026-02-17 07:22:28'),(114,14,'product_updated','Inventory','Updated product: Biogesic 500mg Tablet (ID: 1)','::1','Mozilla/5.0 (Windows NT 10.0; Win64; x64) AppleWebKit/537.36 (KHTML, like Gecko) Chrome/135.0.0.0 Safari/537.36 Edg/135.0.0.0','2026-02-17 07:23:09'),(115,14,'product_updated','Inventory','Updated product: Biogesic 500mg Tablet (ID: 1)','::1','Mozilla/5.0 (Windows NT 10.0; Win64; x64) AppleWebKit/537.36 (KHTML, like Gecko) Chrome/135.0.0.0 Safari/537.36 Edg/135.0.0.0','2026-02-17 07:23:27'),(116,14,'product_updated','Inventory','Updated product: Biogesic for Kids Suspension 120mg/5mL (ID: 3)','::1','Mozilla/5.0 (Windows NT 10.0; Win64; x64) AppleWebKit/537.36 (KHTML, like Gecko) Chrome/135.0.0.0 Safari/537.36 Edg/135.0.0.0','2026-02-17 07:24:43'),(117,14,'product_updated','Inventory','Updated product: Biogesic Pediatric Drops 100mg/mL (ID: 2)','::1','Mozilla/5.0 (Windows NT 10.0; Win64; x64) AppleWebKit/537.36 (KHTML, like Gecko) Chrome/135.0.0.0 Safari/537.36 Edg/135.0.0.0','2026-02-17 07:40:59'),(118,14,'product_updated','Inventory','Updated product: Blood Pressure Monitor (Omron) (ID: 258)','::1','Mozilla/5.0 (Windows NT 10.0; Win64; x64) AppleWebKit/537.36 (KHTML, like Gecko) Chrome/135.0.0.0 Safari/537.36 Edg/135.0.0.0','2026-02-17 07:43:11'),(119,14,'product_deleted','Inventory','Deleted product ID: 266','::1','Mozilla/5.0 (Windows NT 10.0; Win64; x64) AppleWebKit/537.36 (KHTML, like Gecko) Chrome/135.0.0.0 Safari/537.36 Edg/135.0.0.0','2026-02-17 07:46:39'),(120,14,'product_updated','Inventory','Updated product: Buscopan 10mg (ID: 104)','::1','Mozilla/5.0 (Windows NT 10.0; Win64; x64) AppleWebKit/537.36 (KHTML, like Gecko) Chrome/135.0.0.0 Safari/537.36 Edg/135.0.0.0','2026-02-17 07:47:33'),(121,14,'product_updated','Inventory','Updated product: Calamine Lotion 120mL (ID: 135)','::1','Mozilla/5.0 (Windows NT 10.0; Win64; x64) AppleWebKit/537.36 (KHTML, like Gecko) Chrome/135.0.0.0 Safari/537.36 Edg/135.0.0.0','2026-02-17 07:49:37'),(122,14,'product_updated','Inventory','Updated product: Calpol 120mg/5mL Suspension (ID: 8)','::1','Mozilla/5.0 (Windows NT 10.0; Win64; x64) AppleWebKit/537.36 (KHTML, like Gecko) Chrome/135.0.0.0 Safari/537.36 Edg/135.0.0.0','2026-02-17 07:50:43'),(123,14,'product_deleted','Inventory','Deleted product ID: 9','::1','Mozilla/5.0 (Windows NT 10.0; Win64; x64) AppleWebKit/537.36 (KHTML, like Gecko) Chrome/135.0.0.0 Safari/537.36 Edg/135.0.0.0','2026-02-17 08:03:59'),(124,14,'product_deleted','Inventory','Deleted product ID: 7','::1','Mozilla/5.0 (Windows NT 10.0; Win64; x64) AppleWebKit/537.36 (KHTML, like Gecko) Chrome/135.0.0.0 Safari/537.36 Edg/135.0.0.0','2026-02-17 08:04:49'),(125,12,'login_success','Authentication','User logged in successfully','127.0.0.1','Mozilla/5.0 (Windows NT 10.0; Win64; x64) AppleWebKit/537.36 (KHTML, like Gecko) Chrome/145.0.0.0 Safari/537.36 Edg/145.0.0.0','2026-02-17 08:06:10'),(126,14,'product_updated','Inventory','Updated product: Calpol Infant Drops 15mL (ID: 268)','::1','Mozilla/5.0 (Windows NT 10.0; Win64; x64) AppleWebKit/537.36 (KHTML, like Gecko) Chrome/135.0.0.0 Safari/537.36 Edg/135.0.0.0','2026-02-17 08:07:06'),(127,14,'product_deleted','Inventory','Deleted product ID: 82','::1','Mozilla/5.0 (Windows NT 10.0; Win64; x64) AppleWebKit/537.36 (KHTML, like Gecko) Chrome/135.0.0.0 Safari/537.36 Edg/135.0.0.0','2026-02-17 08:08:32'),(128,14,'product_updated','Inventory','Updated product: Canesten 1% Cream 15g (ID: 124)','::1','Mozilla/5.0 (Windows NT 10.0; Win64; x64) AppleWebKit/537.36 (KHTML, like Gecko) Chrome/135.0.0.0 Safari/537.36 Edg/135.0.0.0','2026-02-17 08:09:45'),(129,14,'product_updated','Inventory','Updated product: Carefree Panty Liners 20s (ID: 246)','::1','Mozilla/5.0 (Windows NT 10.0; Win64; x64) AppleWebKit/537.36 (KHTML, like Gecko) Chrome/135.0.0.0 Safari/537.36 Edg/135.0.0.0','2026-02-17 08:11:26'),(130,12,'product_created','Inventory','Created product: ImmunPro Vitamin C + Zinc Tablets (20pcs tablets) – Immune System Support (ID: 271)','127.0.0.1','Mozilla/5.0 (Windows NT 10.0; Win64; x64) AppleWebKit/537.36 (KHTML, like Gecko) Chrome/145.0.0.0 Safari/537.36 Edg/145.0.0.0','2026-02-17 08:12:08'),(131,14,'product_updated','Inventory','Updated product: Ceelin Plus Syrup 120mL (ID: 264)','::1','Mozilla/5.0 (Windows NT 10.0; Win64; x64) AppleWebKit/537.36 (KHTML, like Gecko) Chrome/135.0.0.0 Safari/537.36 Edg/135.0.0.0','2026-02-17 08:12:20'),(132,14,'product_updated','Inventory','Updated product: Cefalexin 500mg (RiteMed) (ID: 35)','::1','Mozilla/5.0 (Windows NT 10.0; Win64; x64) AppleWebKit/537.36 (KHTML, like Gecko) Chrome/135.0.0.0 Safari/537.36 Edg/135.0.0.0','2026-02-17 08:13:49'),(133,14,'product_updated','Inventory','Updated product: Cefuroxime 500mg (RiteMed) (ID: 37)','::1','Mozilla/5.0 (Windows NT 10.0; Win64; x64) AppleWebKit/537.36 (KHTML, like Gecko) Chrome/135.0.0.0 Safari/537.36 Edg/135.0.0.0','2026-02-17 08:15:06'),(134,12,'product_created','Inventory','Created product: Pharex Vitamin B-Complex Tablets 20s – B-Vitamins for Energy & Metabolism (ID: 272)','127.0.0.1','Mozilla/5.0 (Windows NT 10.0; Win64; x64) AppleWebKit/537.36 (KHTML, like Gecko) Chrome/145.0.0.0 Safari/537.36 Edg/145.0.0.0','2026-02-17 08:15:07'),(135,14,'product_updated','Inventory','Updated product: Cefuroxime 500mg (RiteMed) (ID: 37)','::1','Mozilla/5.0 (Windows NT 10.0; Win64; x64) AppleWebKit/537.36 (KHTML, like Gecko) Chrome/135.0.0.0 Safari/537.36 Edg/135.0.0.0','2026-02-17 08:16:04'),(136,14,'product_updated','Inventory','Updated product: Cefuroxime 500mg (RiteMed) (ID: 37)','::1','Mozilla/5.0 (Windows NT 10.0; Win64; x64) AppleWebKit/537.36 (KHTML, like Gecko) Chrome/135.0.0.0 Safari/537.36 Edg/135.0.0.0','2026-02-17 08:18:05'),(137,14,'UPDATE','users','Updated user: hendry','::1','Mozilla/5.0 (Windows NT 10.0; Win64; x64) AppleWebKit/537.36 (KHTML, like Gecko) Chrome/135.0.0.0 Safari/537.36 Edg/135.0.0.0','2026-02-17 08:23:33'),(138,12,'product_created','Inventory','Created product: Enervon Z+ Capsules (20pcs) Multivitamin Wellness Support (ID: 273)','127.0.0.1','Mozilla/5.0 (Windows NT 10.0; Win64; x64) AppleWebKit/537.36 (KHTML, like Gecko) Chrome/145.0.0.0 Safari/537.36 Edg/145.0.0.0','2026-02-17 08:25:00'),(139,12,'product_created','Inventory','Created product: Enervon Z+ Capsules (20pcs) Multivitamin Wellness Support (ID: 274)','127.0.0.1','Mozilla/5.0 (Windows NT 10.0; Win64; x64) AppleWebKit/537.36 (KHTML, like Gecko) Chrome/145.0.0.0 Safari/537.36 Edg/145.0.0.0','2026-02-17 08:25:04'),(140,12,'product_created','Inventory','Created product: Enervon Z+ Capsules (20pcs) Multivitamin Wellness Support (ID: 275)','127.0.0.1','Mozilla/5.0 (Windows NT 10.0; Win64; x64) AppleWebKit/537.36 (KHTML, like Gecko) Chrome/145.0.0.0 Safari/537.36 Edg/145.0.0.0','2026-02-17 08:25:04'),(141,12,'product_created','Inventory','Created product: Enervon Z+ Capsules (20pcs) Multivitamin Wellness Support (ID: 276)','127.0.0.1','Mozilla/5.0 (Windows NT 10.0; Win64; x64) AppleWebKit/537.36 (KHTML, like Gecko) Chrome/145.0.0.0 Safari/537.36 Edg/145.0.0.0','2026-02-17 08:25:04'),(142,12,'product_created','Inventory','Created product: Enervon Z+ Capsules (20pcs) Multivitamin Wellness Support (ID: 277)','127.0.0.1','Mozilla/5.0 (Windows NT 10.0; Win64; x64) AppleWebKit/537.36 (KHTML, like Gecko) Chrome/145.0.0.0 Safari/537.36 Edg/145.0.0.0','2026-02-17 08:25:04'),(143,12,'product_deleted','Inventory','Deleted product ID: 276','127.0.0.1','Mozilla/5.0 (Windows NT 10.0; Win64; x64) AppleWebKit/537.36 (KHTML, like Gecko) Chrome/145.0.0.0 Safari/537.36 Edg/145.0.0.0','2026-02-17 08:25:48'),(144,12,'product_deleted','Inventory','Deleted product ID: 275','127.0.0.1','Mozilla/5.0 (Windows NT 10.0; Win64; x64) AppleWebKit/537.36 (KHTML, like Gecko) Chrome/145.0.0.0 Safari/537.36 Edg/145.0.0.0','2026-02-17 08:25:50'),(145,12,'product_deleted','Inventory','Deleted product ID: 274','127.0.0.1','Mozilla/5.0 (Windows NT 10.0; Win64; x64) AppleWebKit/537.36 (KHTML, like Gecko) Chrome/145.0.0.0 Safari/537.36 Edg/145.0.0.0','2026-02-17 08:25:50'),(146,12,'product_deleted','Inventory','Deleted product ID: 273','127.0.0.1','Mozilla/5.0 (Windows NT 10.0; Win64; x64) AppleWebKit/537.36 (KHTML, like Gecko) Chrome/145.0.0.0 Safari/537.36 Edg/145.0.0.0','2026-02-17 08:25:50'),(147,12,'product_created','Inventory','Created product: Sangobion Iron Plus 20 Capsules – Iron + Vitamins for Healthy Blood & Energy (ID: 278)','127.0.0.1','Mozilla/5.0 (Windows NT 10.0; Win64; x64) AppleWebKit/537.36 (KHTML, like Gecko) Chrome/145.0.0.0 Safari/537.36 Edg/145.0.0.0','2026-02-17 08:27:31'),(148,14,'logout','Authentication','User logged out','::1','Mozilla/5.0 (Windows NT 10.0; Win64; x64) AppleWebKit/537.36 (KHTML, like Gecko) Chrome/135.0.0.0 Safari/537.36 Edg/135.0.0.0','2026-02-17 08:34:25'),(149,14,'login_success','Authentication','User logged in successfully','::1','Mozilla/5.0 (Windows NT 10.0; Win64; x64) AppleWebKit/537.36 (KHTML, like Gecko) Chrome/135.0.0.0 Safari/537.36 Edg/135.0.0.0','2026-02-17 08:35:20'),(150,14,'logout','Authentication','User logged out','::1','Mozilla/5.0 (Windows NT 10.0; Win64; x64) AppleWebKit/537.36 (KHTML, like Gecko) Chrome/135.0.0.0 Safari/537.36 Edg/135.0.0.0','2026-02-17 08:35:24'),(151,14,'login_success','Authentication','User logged in successfully','::1','Mozilla/5.0 (Windows NT 10.0; Win64; x64) AppleWebKit/537.36 (KHTML, like Gecko) Chrome/135.0.0.0 Safari/537.36 Edg/135.0.0.0','2026-02-17 08:35:31'),(152,14,'logout','Authentication','User logged out','::1','Mozilla/5.0 (Windows NT 10.0; Win64; x64) AppleWebKit/537.36 (KHTML, like Gecko) Chrome/135.0.0.0 Safari/537.36 Edg/135.0.0.0','2026-02-17 08:38:13'),(153,14,'login_success','Authentication','User logged in successfully','::1','Mozilla/5.0 (Windows NT 10.0; Win64; x64) AppleWebKit/537.36 (KHTML, like Gecko) Chrome/135.0.0.0 Safari/537.36 Edg/135.0.0.0','2026-02-17 08:41:52'),(154,14,'logout','Authentication','User logged out','::1','Mozilla/5.0 (Windows NT 10.0; Win64; x64) AppleWebKit/537.36 (KHTML, like Gecko) Chrome/135.0.0.0 Safari/537.36 Edg/135.0.0.0','2026-02-17 08:43:51'),(155,12,'logout','Authentication','User logged out','127.0.0.1','Mozilla/5.0 (Windows NT 10.0; Win64; x64) AppleWebKit/537.36 (KHTML, like Gecko) Chrome/145.0.0.0 Safari/537.36 Edg/145.0.0.0','2026-02-17 08:45:45'),(156,14,'login_success','Authentication','User logged in successfully','::1','Mozilla/5.0 (Windows NT 10.0; Win64; x64) AppleWebKit/537.36 (KHTML, like Gecko) Chrome/135.0.0.0 Safari/537.36 Edg/135.0.0.0','2026-02-17 08:49:45'),(157,12,'login_failed','Authentication','Invalid password','127.0.0.1','Mozilla/5.0 (Windows NT 10.0; Win64; x64) AppleWebKit/537.36 (KHTML, like Gecko) Chrome/145.0.0.0 Safari/537.36 Edg/145.0.0.0','2026-02-17 08:50:40'),(158,12,'login_failed','Authentication','Invalid password','127.0.0.1','Mozilla/5.0 (Windows NT 10.0; Win64; x64) AppleWebKit/537.36 (KHTML, like Gecko) Chrome/145.0.0.0 Safari/537.36 Edg/145.0.0.0','2026-02-17 08:50:44'),(159,12,'login_failed','Authentication','Invalid password','127.0.0.1','Mozilla/5.0 (Windows NT 10.0; Win64; x64) AppleWebKit/537.36 (KHTML, like Gecko) Chrome/145.0.0.0 Safari/537.36 Edg/145.0.0.0','2026-02-17 08:50:55'),(160,14,'logout','Authentication','User logged out','::1','Mozilla/5.0 (Windows NT 10.0; Win64; x64) AppleWebKit/537.36 (KHTML, like Gecko) Chrome/135.0.0.0 Safari/537.36 Edg/135.0.0.0','2026-02-17 08:55:59'),(161,12,'login_failed','Authentication','Invalid password','127.0.0.1','Mozilla/5.0 (Windows NT 10.0; Win64; x64) AppleWebKit/537.36 (KHTML, like Gecko) Chrome/145.0.0.0 Safari/537.36 Edg/145.0.0.0','2026-02-17 08:59:10'),(162,12,'login_failed','Authentication','Invalid password','127.0.0.1','Mozilla/5.0 (Windows NT 10.0; Win64; x64) AppleWebKit/537.36 (KHTML, like Gecko) Chrome/145.0.0.0 Safari/537.36 Edg/145.0.0.0','2026-02-17 08:59:17'),(163,14,'login_success','Authentication','User logged in successfully','::1','Mozilla/5.0 (Windows NT 10.0; Win64; x64) AppleWebKit/537.36 (KHTML, like Gecko) Chrome/135.0.0.0 Safari/537.36 Edg/135.0.0.0','2026-02-17 08:59:18'),(164,12,'login_failed','Authentication','Invalid password','127.0.0.1','Mozilla/5.0 (Windows NT 10.0; Win64; x64) AppleWebKit/537.36 (KHTML, like Gecko) Chrome/145.0.0.0 Safari/537.36 Edg/145.0.0.0','2026-02-17 08:59:26'),(165,12,'login_failed','Authentication','Invalid password','127.0.0.1','Mozilla/5.0 (Windows NT 10.0; Win64; x64) AppleWebKit/537.36 (KHTML, like Gecko) Chrome/145.0.0.0 Safari/537.36 Edg/145.0.0.0','2026-02-17 08:59:37'),(166,13,'login_failed','Authentication','Invalid password','127.0.0.1','Mozilla/5.0 (Windows NT 10.0; Win64; x64) AppleWebKit/537.36 (KHTML, like Gecko) Chrome/145.0.0.0 Safari/537.36 Edg/145.0.0.0','2026-02-17 09:00:35'),(167,13,'login_success','Authentication','User logged in successfully','127.0.0.1','Mozilla/5.0 (Windows NT 10.0; Win64; x64) AppleWebKit/537.36 (KHTML, like Gecko) Chrome/145.0.0.0 Safari/537.36 Edg/145.0.0.0','2026-02-17 09:00:40'),(168,13,'logout','Authentication','User logged out','127.0.0.1','Mozilla/5.0 (Windows NT 10.0; Win64; x64) AppleWebKit/537.36 (KHTML, like Gecko) Chrome/145.0.0.0 Safari/537.36 Edg/145.0.0.0','2026-02-17 09:03:05'),(169,12,'login_failed','Authentication','Invalid password','127.0.0.1','Mozilla/5.0 (Windows NT 10.0; Win64; x64) AppleWebKit/537.36 (KHTML, like Gecko) Chrome/145.0.0.0 Safari/537.36 Edg/145.0.0.0','2026-02-17 09:03:09'),(170,12,'login_failed','Authentication','Invalid password','127.0.0.1','Mozilla/5.0 (Windows NT 10.0; Win64; x64) AppleWebKit/537.36 (KHTML, like Gecko) Chrome/145.0.0.0 Safari/537.36 Edg/145.0.0.0','2026-02-17 09:04:42'),(171,12,'login_failed','Authentication','Invalid password','127.0.0.1','Mozilla/5.0 (Windows NT 10.0; Win64; x64) AppleWebKit/537.36 (KHTML, like Gecko) Chrome/145.0.0.0 Safari/537.36 Edg/145.0.0.0','2026-02-17 09:04:52'),(172,12,'login_failed','Authentication','Invalid password','127.0.0.1','Mozilla/5.0 (Windows NT 10.0; Win64; x64) AppleWebKit/537.36 (KHTML, like Gecko) Chrome/145.0.0.0 Safari/537.36 Edg/145.0.0.0','2026-02-17 09:13:39'),(173,12,'login_failed','Authentication','Invalid password','127.0.0.1','Mozilla/5.0 (Windows NT 10.0; Win64; x64) AppleWebKit/537.36 (KHTML, like Gecko) Chrome/145.0.0.0 Safari/537.36 Edg/145.0.0.0','2026-02-17 09:13:47'),(174,12,'login_failed','Authentication','Invalid password','127.0.0.1','Mozilla/5.0 (Windows NT 10.0; Win64; x64) AppleWebKit/537.36 (KHTML, like Gecko) Chrome/145.0.0.0 Safari/537.36 Edg/145.0.0.0','2026-02-17 09:13:51'),(175,14,'DELETE','users','Deleted user: hendry','::1','Mozilla/5.0 (Windows NT 10.0; Win64; x64) AppleWebKit/537.36 (KHTML, like Gecko) Chrome/135.0.0.0 Safari/537.36 Edg/135.0.0.0','2026-02-17 09:14:39'),(176,14,'CREATE','users','Created user: hendry','::1','Mozilla/5.0 (Windows NT 10.0; Win64; x64) AppleWebKit/537.36 (KHTML, like Gecko) Chrome/135.0.0.0 Safari/537.36 Edg/135.0.0.0','2026-02-17 09:14:59'),(177,15,'login_success','Authentication','User logged in successfully','127.0.0.1','Mozilla/5.0 (Windows NT 10.0; Win64; x64) AppleWebKit/537.36 (KHTML, like Gecko) Chrome/145.0.0.0 Safari/537.36 Edg/145.0.0.0','2026-02-17 09:16:43'),(178,14,'logout','Authentication','User logged out','::1','Mozilla/5.0 (Windows NT 10.0; Win64; x64) AppleWebKit/537.36 (KHTML, like Gecko) Chrome/135.0.0.0 Safari/537.36 Edg/135.0.0.0','2026-02-17 09:22:52'),(179,14,'login_success','Authentication','User logged in successfully','::1','Mozilla/5.0 (Windows NT 10.0; Win64; x64) AppleWebKit/537.36 (KHTML, like Gecko) Chrome/135.0.0.0 Safari/537.36 Edg/135.0.0.0','2026-02-17 09:43:20'),(180,14,'logout','Authentication','User logged out','::1','Mozilla/5.0 (Windows NT 10.0; Win64; x64) AppleWebKit/537.36 (KHTML, like Gecko) Chrome/135.0.0.0 Safari/537.36 Edg/135.0.0.0','2026-02-17 09:46:32'),(181,16,'login_success','Authentication','User logged in successfully','::1','Mozilla/5.0 (Windows NT 10.0; Win64; x64) AppleWebKit/537.36 (KHTML, like Gecko) Chrome/135.0.0.0 Safari/537.36 Edg/135.0.0.0','2026-02-17 09:48:12'),(182,16,'logout','Authentication','User logged out','::1','Mozilla/5.0 (Windows NT 10.0; Win64; x64) AppleWebKit/537.36 (KHTML, like Gecko) Chrome/135.0.0.0 Safari/537.36 Edg/135.0.0.0','2026-02-17 09:48:52'),(183,14,'login_success','Authentication','User logged in successfully','::1','Mozilla/5.0 (Windows NT 10.0; Win64; x64) AppleWebKit/537.36 (KHTML, like Gecko) Chrome/135.0.0.0 Safari/537.36 Edg/135.0.0.0','2026-02-17 09:49:10'),(184,14,'logout','Authentication','User logged out','::1','Mozilla/5.0 (Windows NT 10.0; Win64; x64) AppleWebKit/537.36 (KHTML, like Gecko) Chrome/135.0.0.0 Safari/537.36 Edg/135.0.0.0','2026-02-17 09:50:11'),(185,14,'login_success','Authentication','User logged in successfully','::1','Mozilla/5.0 (Windows NT 10.0; Win64; x64) AppleWebKit/537.36 (KHTML, like Gecko) Chrome/135.0.0.0 Safari/537.36 Edg/135.0.0.0','2026-02-17 09:53:17'),(186,14,'logout','Authentication','User logged out','::1','Mozilla/5.0 (Windows NT 10.0; Win64; x64) AppleWebKit/537.36 (KHTML, like Gecko) Chrome/135.0.0.0 Safari/537.36 Edg/135.0.0.0','2026-02-17 09:55:40'),(187,15,'sale_completed','POS','Sale TX-71323318-674 — ₱313.60','127.0.0.1','Mozilla/5.0 (Windows NT 10.0; Win64; x64) AppleWebKit/537.36 (KHTML, like Gecko) Chrome/145.0.0.0 Safari/537.36 Edg/145.0.0.0','2026-02-17 10:15:18'),(188,15,'logout','Authentication','User logged out','127.0.0.1','Mozilla/5.0 (Windows NT 10.0; Win64; x64) AppleWebKit/537.36 (KHTML, like Gecko) Chrome/145.0.0.0 Safari/537.36 Edg/145.0.0.0','2026-02-17 10:33:12'),(189,13,'login_success','Authentication','User logged in successfully','127.0.0.1','Mozilla/5.0 (Windows NT 10.0; Win64; x64) AppleWebKit/537.36 (KHTML, like Gecko) Chrome/145.0.0.0 Safari/537.36 Edg/145.0.0.0','2026-02-17 10:33:19'),(190,14,'login_success','Authentication','User logged in successfully','::1','Mozilla/5.0 (Windows NT 10.0; Win64; x64) AppleWebKit/537.36 (KHTML, like Gecko) Chrome/135.0.0.0 Safari/537.36 Edg/135.0.0.0','2026-02-17 10:35:47'),(191,13,'logout','Authentication','User logged out','127.0.0.1','Mozilla/5.0 (Windows NT 10.0; Win64; x64) AppleWebKit/537.36 (KHTML, like Gecko) Chrome/145.0.0.0 Safari/537.36 Edg/145.0.0.0','2026-02-17 10:41:43'),(192,15,'login_success','Authentication','User logged in successfully','127.0.0.1','Mozilla/5.0 (Windows NT 10.0; Win64; x64) AppleWebKit/537.36 (KHTML, like Gecko) Chrome/145.0.0.0 Safari/537.36 Edg/145.0.0.0','2026-02-17 10:41:50'),(193,14,'sale_completed','POS','Sale TX-71324956-200 — ₱481.60','::1','Mozilla/5.0 (Windows NT 10.0; Win64; x64) AppleWebKit/537.36 (KHTML, like Gecko) Chrome/135.0.0.0 Safari/537.36 Edg/135.0.0.0','2026-02-17 10:42:36'),(194,15,'sale_completed','POS','Sale TX-71325875-731 — ₱128.80','127.0.0.1','Mozilla/5.0 (Windows NT 10.0; Win64; x64) AppleWebKit/537.36 (KHTML, like Gecko) Chrome/145.0.0.0 Safari/537.36 Edg/145.0.0.0','2026-02-17 10:57:55'),(195,15,'sale_completed','POS','Sale TX-71325890-418 — ₱728.00','127.0.0.1','Mozilla/5.0 (Windows NT 10.0; Win64; x64) AppleWebKit/537.36 (KHTML, like Gecko) Chrome/145.0.0.0 Safari/537.36 Edg/145.0.0.0','2026-02-17 10:58:10'),(196,15,'sale_completed','POS','Sale TX-71325897-591 — ₱728.00','127.0.0.1','Mozilla/5.0 (Windows NT 10.0; Win64; x64) AppleWebKit/537.36 (KHTML, like Gecko) Chrome/145.0.0.0 Safari/537.36 Edg/145.0.0.0','2026-02-17 10:58:17'),(197,15,'logout','Authentication','User logged out','127.0.0.1','Mozilla/5.0 (Windows NT 10.0; Win64; x64) AppleWebKit/537.36 (KHTML, like Gecko) Chrome/145.0.0.0 Safari/537.36 Edg/145.0.0.0','2026-02-17 10:58:48'),(198,13,'login_success','Authentication','User logged in successfully','127.0.0.1','Mozilla/5.0 (Windows NT 10.0; Win64; x64) AppleWebKit/537.36 (KHTML, like Gecko) Chrome/145.0.0.0 Safari/537.36 Edg/145.0.0.0','2026-02-17 10:58:55'),(199,13,'logout','Authentication','User logged out','127.0.0.1','Mozilla/5.0 (Windows NT 10.0; Win64; x64) AppleWebKit/537.36 (KHTML, like Gecko) Chrome/145.0.0.0 Safari/537.36 Edg/145.0.0.0','2026-02-17 11:00:41'),(200,15,'login_success','Authentication','User logged in successfully','127.0.0.1','Mozilla/5.0 (Windows NT 10.0; Win64; x64) AppleWebKit/537.36 (KHTML, like Gecko) Chrome/145.0.0.0 Safari/537.36 Edg/145.0.0.0','2026-02-17 11:00:46'),(201,15,'logout','Authentication','User logged out','127.0.0.1','Mozilla/5.0 (Windows NT 10.0; Win64; x64) AppleWebKit/537.36 (KHTML, like Gecko) Chrome/145.0.0.0 Safari/537.36 Edg/145.0.0.0','2026-02-17 11:11:07'),(202,15,'login_success','Authentication','User logged in successfully','127.0.0.1','Mozilla/5.0 (Windows NT 10.0; Win64; x64) AppleWebKit/537.36 (KHTML, like Gecko) Chrome/145.0.0.0 Safari/537.36 Edg/145.0.0.0','2026-02-17 11:11:34'),(203,15,'logout','Authentication','User logged out','127.0.0.1','Mozilla/5.0 (Windows NT 10.0; Win64; x64) AppleWebKit/537.36 (KHTML, like Gecko) Chrome/145.0.0.0 Safari/537.36 Edg/145.0.0.0','2026-02-17 11:11:49'),(204,15,'login_success','Authentication','User logged in successfully','127.0.0.1','Mozilla/5.0 (Windows NT 10.0; Win64; x64) AppleWebKit/537.36 (KHTML, like Gecko) Chrome/145.0.0.0 Safari/537.36 Edg/145.0.0.0','2026-02-17 11:12:12'),(205,15,'logout','Authentication','User logged out','127.0.0.1','Mozilla/5.0 (Windows NT 10.0; Win64; x64) AppleWebKit/537.36 (KHTML, like Gecko) Chrome/145.0.0.0 Safari/537.36 Edg/145.0.0.0','2026-02-17 11:21:47'),(206,13,'login_success','Authentication','User logged in successfully','127.0.0.1','Mozilla/5.0 (Windows NT 10.0; Win64; x64) AppleWebKit/537.36 (KHTML, like Gecko) Chrome/145.0.0.0 Safari/537.36 Edg/145.0.0.0','2026-02-17 11:22:27'),(207,14,'logout','Authentication','User logged out','::1','Mozilla/5.0 (Windows NT 10.0; Win64; x64) AppleWebKit/537.36 (KHTML, like Gecko) Chrome/135.0.0.0 Safari/537.36 Edg/135.0.0.0','2026-02-17 11:49:13'),(208,14,'login_success','Authentication','User logged in successfully','::1','Mozilla/5.0 (Windows NT 10.0; Win64; x64) AppleWebKit/537.36 (KHTML, like Gecko) Chrome/135.0.0.0 Safari/537.36 Edg/135.0.0.0','2026-02-17 11:49:15'),(209,14,'sale_completed','POS','Sale TX-71328992-635 — ₱95.20','::1','Mozilla/5.0 (Windows NT 10.0; Win64; x64) AppleWebKit/537.36 (KHTML, like Gecko) Chrome/135.0.0.0 Safari/537.36 Edg/135.0.0.0','2026-02-17 11:49:53'),(210,14,'sale_completed','POS','Sale TX-71329013-273 — ₱2,755.20','::1','Mozilla/5.0 (Windows NT 10.0; Win64; x64) AppleWebKit/537.36 (KHTML, like Gecko) Chrome/135.0.0.0 Safari/537.36 Edg/135.0.0.0','2026-02-17 11:50:13'),(211,13,'logout','Authentication','User logged out','127.0.0.1','Mozilla/5.0 (Windows NT 10.0; Win64; x64) AppleWebKit/537.36 (KHTML, like Gecko) Chrome/145.0.0.0 Safari/537.36 Edg/145.0.0.0','2026-02-17 11:54:51'),(212,15,'login_success','Authentication','User logged in successfully','127.0.0.1','Mozilla/5.0 (Windows NT 10.0; Win64; x64) AppleWebKit/537.36 (KHTML, like Gecko) Chrome/145.0.0.0 Safari/537.36 Edg/145.0.0.0','2026-02-17 11:54:56'),(213,15,'sale_completed','POS','Sale TX-71329339-820 — ₱201.60','127.0.0.1','Mozilla/5.0 (Windows NT 10.0; Win64; x64) AppleWebKit/537.36 (KHTML, like Gecko) Chrome/145.0.0.0 Safari/537.36 Edg/145.0.0.0','2026-02-17 11:55:39'),(214,14,'sale_completed','POS','Sale TX-71329779-946 — ₱134.40','::1','Mozilla/5.0 (Windows NT 10.0; Win64; x64) AppleWebKit/537.36 (KHTML, like Gecko) Chrome/135.0.0.0 Safari/537.36 Edg/135.0.0.0','2026-02-17 12:02:59'),(215,14,'logout','Authentication','User logged out','::1','Mozilla/5.0 (Windows NT 10.0; Win64; x64) AppleWebKit/537.36 (KHTML, like Gecko) Chrome/135.0.0.0 Safari/537.36 Edg/135.0.0.0','2026-02-17 12:05:45'),(216,17,'login_failed','Authentication','Invalid password','::1','Mozilla/5.0 (Windows NT 10.0; Win64; x64) AppleWebKit/537.36 (KHTML, like Gecko) Chrome/135.0.0.0 Safari/537.36 Edg/135.0.0.0','2026-02-17 12:06:32'),(217,17,'login_success','Authentication','User logged in successfully','::1','Mozilla/5.0 (Windows NT 10.0; Win64; x64) AppleWebKit/537.36 (KHTML, like Gecko) Chrome/135.0.0.0 Safari/537.36 Edg/135.0.0.0','2026-02-17 12:06:35'),(218,15,'sale_completed','POS','Sale TX-71330046-508 — ₱1,304.80','127.0.0.1','Mozilla/5.0 (Windows NT 10.0; Win64; x64) AppleWebKit/537.36 (KHTML, like Gecko) Chrome/145.0.0.0 Safari/537.36 Edg/145.0.0.0','2026-02-17 12:07:26'),(219,17,'logout','Authentication','User logged out','::1','Mozilla/5.0 (Windows NT 10.0; Win64; x64) AppleWebKit/537.36 (KHTML, like Gecko) Chrome/135.0.0.0 Safari/537.36 Edg/135.0.0.0','2026-02-17 12:09:48'),(220,18,'login_success','Authentication','User logged in successfully','::1','Mozilla/5.0 (Windows NT 10.0; Win64; x64) AppleWebKit/537.36 (KHTML, like Gecko) Chrome/135.0.0.0 Safari/537.36 Edg/135.0.0.0','2026-02-17 12:23:18'),(221,18,'logout','Authentication','User logged out','::1','Mozilla/5.0 (Windows NT 10.0; Win64; x64) AppleWebKit/537.36 (KHTML, like Gecko) Chrome/135.0.0.0 Safari/537.36 Edg/135.0.0.0','2026-02-17 12:23:47'),(222,18,'login_success','Authentication','User logged in successfully','::1','Mozilla/5.0 (Windows NT 10.0; Win64; x64) AppleWebKit/537.36 (KHTML, like Gecko) Chrome/135.0.0.0 Safari/537.36 Edg/135.0.0.0','2026-02-17 12:25:29'),(223,18,'logout','Authentication','User logged out','::1','Mozilla/5.0 (Windows NT 10.0; Win64; x64) AppleWebKit/537.36 (KHTML, like Gecko) Chrome/135.0.0.0 Safari/537.36 Edg/135.0.0.0','2026-02-17 12:29:52'),(224,13,'login_success','Authentication','User logged in successfully','::1','Mozilla/5.0 (Windows NT 10.0; Win64; x64) AppleWebKit/537.36 (KHTML, like Gecko) Chrome/135.0.0.0 Safari/537.36 Edg/135.0.0.0','2026-02-17 12:30:05'),(225,13,'logout','Authentication','User logged out','::1','Mozilla/5.0 (Windows NT 10.0; Win64; x64) AppleWebKit/537.36 (KHTML, like Gecko) Chrome/135.0.0.0 Safari/537.36 Edg/135.0.0.0','2026-02-17 12:30:26'),(226,19,'login_success','Authentication','User logged in successfully','::1','Mozilla/5.0 (Windows NT 10.0; Win64; x64) AppleWebKit/537.36 (KHTML, like Gecko) Chrome/135.0.0.0 Safari/537.36 Edg/135.0.0.0','2026-02-17 12:31:05'),(227,19,'logout','Authentication','User logged out','::1','Mozilla/5.0 (Windows NT 10.0; Win64; x64) AppleWebKit/537.36 (KHTML, like Gecko) Chrome/135.0.0.0 Safari/537.36 Edg/135.0.0.0','2026-02-17 12:32:06'),(228,19,'login_success','Authentication','User logged in successfully','::1','Mozilla/5.0 (Windows NT 10.0; Win64; x64) AppleWebKit/537.36 (KHTML, like Gecko) Chrome/135.0.0.0 Safari/537.36 Edg/135.0.0.0','2026-02-17 12:32:36'),(229,19,'logout','Authentication','User logged out','::1','Mozilla/5.0 (Windows NT 10.0; Win64; x64) AppleWebKit/537.36 (KHTML, like Gecko) Chrome/135.0.0.0 Safari/537.36 Edg/135.0.0.0','2026-02-17 12:33:43'),(230,14,'login_success','Authentication','User logged in successfully','::1','Mozilla/5.0 (Windows NT 10.0; Win64; x64) AppleWebKit/537.36 (KHTML, like Gecko) Chrome/135.0.0.0 Safari/537.36 Edg/135.0.0.0','2026-02-17 12:34:10'),(231,14,'logout','Authentication','User logged out','::1','Mozilla/5.0 (Windows NT 10.0; Win64; x64) AppleWebKit/537.36 (KHTML, like Gecko) Chrome/135.0.0.0 Safari/537.36 Edg/135.0.0.0','2026-02-17 12:34:17'),(232,19,'login_success','Authentication','User logged in successfully','::1','Mozilla/5.0 (Windows NT 10.0; Win64; x64) AppleWebKit/537.36 (KHTML, like Gecko) Chrome/135.0.0.0 Safari/537.36 Edg/135.0.0.0','2026-02-17 12:35:51'),(233,19,'logout','Authentication','User logged out','::1','Mozilla/5.0 (Windows NT 10.0; Win64; x64) AppleWebKit/537.36 (KHTML, like Gecko) Chrome/135.0.0.0 Safari/537.36 Edg/135.0.0.0','2026-02-17 12:35:57'),(234,14,'login_success','Authentication','User logged in successfully','::1','Mozilla/5.0 (Windows NT 10.0; Win64; x64) AppleWebKit/537.36 (KHTML, like Gecko) Chrome/135.0.0.0 Safari/537.36 Edg/135.0.0.0','2026-02-17 12:37:16'),(235,14,'logout','Authentication','User logged out','::1','Mozilla/5.0 (Windows NT 10.0; Win64; x64) AppleWebKit/537.36 (KHTML, like Gecko) Chrome/135.0.0.0 Safari/537.36 Edg/135.0.0.0','2026-02-17 12:41:39'),(236,NULL,'login_failed','Authentication','Failed login attempt for: andrei','::1','Mozilla/5.0 (Windows NT 10.0; Win64; x64) AppleWebKit/537.36 (KHTML, like Gecko) Chrome/135.0.0.0 Safari/537.36 Edg/135.0.0.0','2026-02-17 12:41:49'),(237,19,'login_success','Authentication','User logged in successfully','::1','Mozilla/5.0 (Windows NT 10.0; Win64; x64) AppleWebKit/537.36 (KHTML, like Gecko) Chrome/135.0.0.0 Safari/537.36 Edg/135.0.0.0','2026-02-17 12:41:55'),(238,19,'logout','Authentication','User logged out','::1','Mozilla/5.0 (Windows NT 10.0; Win64; x64) AppleWebKit/537.36 (KHTML, like Gecko) Chrome/135.0.0.0 Safari/537.36 Edg/135.0.0.0','2026-02-17 12:48:24'),(239,14,'login_success','Authentication','User logged in successfully','::1','Mozilla/5.0 (Windows NT 10.0; Win64; x64) AppleWebKit/537.36 (KHTML, like Gecko) Chrome/135.0.0.0 Safari/537.36 Edg/135.0.0.0','2026-02-17 12:48:27'),(240,14,'logout','Authentication','User logged out','::1','Mozilla/5.0 (Windows NT 10.0; Win64; x64) AppleWebKit/537.36 (KHTML, like Gecko) Chrome/135.0.0.0 Safari/537.36 Edg/135.0.0.0','2026-02-17 12:51:14'),(241,14,'login_failed','Authentication','Invalid password','::1','Mozilla/5.0 (Windows NT 10.0; Win64; x64) AppleWebKit/537.36 (KHTML, like Gecko) Chrome/135.0.0.0 Safari/537.36 Edg/135.0.0.0','2026-02-17 12:51:18'),(242,14,'login_failed','Authentication','Invalid password','::1','Mozilla/5.0 (Windows NT 10.0; Win64; x64) AppleWebKit/537.36 (KHTML, like Gecko) Chrome/135.0.0.0 Safari/537.36 Edg/135.0.0.0','2026-02-17 12:51:20'),(243,14,'login_success','Authentication','User logged in successfully','::1','Mozilla/5.0 (Windows NT 10.0; Win64; x64) AppleWebKit/537.36 (KHTML, like Gecko) Chrome/135.0.0.0 Safari/537.36 Edg/135.0.0.0','2026-02-17 12:51:52'),(244,14,'sale_completed','POS','Sale TX-71332967-824 — ₱201.60','::1','Mozilla/5.0 (Windows NT 10.0; Win64; x64) AppleWebKit/537.36 (KHTML, like Gecko) Chrome/135.0.0.0 Safari/537.36 Edg/135.0.0.0','2026-02-17 12:56:07'),(245,14,'sale_completed','POS','Sale TX-71332994-337 — ₱946.40','::1','Mozilla/5.0 (Windows NT 10.0; Win64; x64) AppleWebKit/537.36 (KHTML, like Gecko) Chrome/135.0.0.0 Safari/537.36 Edg/135.0.0.0','2026-02-17 12:56:34'),(246,14,'sale_completed','POS','Sale TX-71333049-452 — ₱72.80','::1','Mozilla/5.0 (Windows NT 10.0; Win64; x64) AppleWebKit/537.36 (KHTML, like Gecko) Chrome/135.0.0.0 Safari/537.36 Edg/135.0.0.0','2026-02-17 12:57:29'),(247,14,'product_updated','Inventory','Updated product: Acyclovir 200mg (ID: 238)','::1','Mozilla/5.0 (Windows NT 10.0; Win64; x64) AppleWebKit/537.36 (KHTML, like Gecko) Chrome/135.0.0.0 Safari/537.36 Edg/135.0.0.0','2026-02-17 13:03:09'),(248,14,'product_created','Inventory','Created product: Pracetamol (ID: 270)','::1','Mozilla/5.0 (Windows NT 10.0; Win64; x64) AppleWebKit/537.36 (KHTML, like Gecko) Chrome/135.0.0.0 Safari/537.36 Edg/135.0.0.0','2026-02-17 13:04:52'),(249,14,'product_created','Inventory','Created product: 12312312 (ID: 271)','::1','Mozilla/5.0 (Windows NT 10.0; Win64; x64) AppleWebKit/537.36 (KHTML, like Gecko) Chrome/135.0.0.0 Safari/537.36 Edg/135.0.0.0','2026-02-17 13:06:20'),(250,14,'product_deleted','Inventory','Deleted product ID: 271','::1','Mozilla/5.0 (Windows NT 10.0; Win64; x64) AppleWebKit/537.36 (KHTML, like Gecko) Chrome/135.0.0.0 Safari/537.36 Edg/135.0.0.0','2026-02-17 13:06:29'),(251,14,'CREATE','users','Created user: Jonathan123','::1','Mozilla/5.0 (Windows NT 10.0; Win64; x64) AppleWebKit/537.36 (KHTML, like Gecko) Chrome/135.0.0.0 Safari/537.36 Edg/135.0.0.0','2026-02-17 13:11:02'),(252,14,'logout','Authentication','User logged out','::1','Mozilla/5.0 (Windows NT 10.0; Win64; x64) AppleWebKit/537.36 (KHTML, like Gecko) Chrome/135.0.0.0 Safari/537.36 Edg/135.0.0.0','2026-02-17 13:11:12'),(253,20,'login_success','Authentication','User logged in successfully','::1','Mozilla/5.0 (Windows NT 10.0; Win64; x64) AppleWebKit/537.36 (KHTML, like Gecko) Chrome/135.0.0.0 Safari/537.36 Edg/135.0.0.0','2026-02-17 13:11:20'),(254,20,'logout','Authentication','User logged out','::1','Mozilla/5.0 (Windows NT 10.0; Win64; x64) AppleWebKit/537.36 (KHTML, like Gecko) Chrome/135.0.0.0 Safari/537.36 Edg/135.0.0.0','2026-02-17 13:12:57'),(255,14,'login_success','Authentication','User logged in successfully','::1','Mozilla/5.0 (Windows NT 10.0; Win64; x64) AppleWebKit/537.36 (KHTML, like Gecko) Chrome/135.0.0.0 Safari/537.36 Edg/135.0.0.0','2026-02-17 13:12:59'),(256,14,'login_success','Authentication','User logged in successfully','::1','Mozilla/5.0 (Windows NT 10.0; Win64; x64) AppleWebKit/537.36 (KHTML, like Gecko) Chrome/135.0.0.0 Safari/537.36 Edg/135.0.0.0','2026-02-18 03:40:54'),(257,15,'login_success','Authentication','User logged in successfully','127.0.0.1','Mozilla/5.0 (Windows NT 10.0; Win64; x64) AppleWebKit/537.36 (KHTML, like Gecko) Chrome/145.0.0.0 Safari/537.36 Edg/145.0.0.0','2026-02-18 03:50:42'),(258,15,'login_success','Authentication','User logged in successfully','127.0.0.1','Mozilla/5.0 (Windows NT 10.0; Win64; x64) AppleWebKit/537.36 (KHTML, like Gecko) Chrome/145.0.0.0 Safari/537.36','2026-02-18 04:04:07'),(259,15,'login_success','Authentication','User logged in successfully','127.0.0.1','Mozilla/5.0 (Windows NT 10.0; Win64; x64) AppleWebKit/537.36 (KHTML, like Gecko) Chrome/145.0.0.0 Safari/537.36','2026-02-18 04:12:34'),(260,14,'logout','Authentication','User logged out','::1','Mozilla/5.0 (Windows NT 10.0; Win64; x64) AppleWebKit/537.36 (KHTML, like Gecko) Chrome/135.0.0.0 Safari/537.36 Edg/135.0.0.0','2026-02-18 04:52:27'),(261,14,'login_success','Authentication','User logged in successfully','::1','Mozilla/5.0 (Windows NT 10.0; Win64; x64) AppleWebKit/537.36 (KHTML, like Gecko) Chrome/135.0.0.0 Safari/537.36 Edg/135.0.0.0','2026-02-18 04:52:50'),(262,14,'logout','Authentication','User logged out','::1','Mozilla/5.0 (Windows NT 10.0; Win64; x64) AppleWebKit/537.36 (KHTML, like Gecko) Chrome/135.0.0.0 Safari/537.36 Edg/135.0.0.0','2026-02-18 04:53:49'),(263,14,'login_success','Authentication','User logged in successfully','::1','Mozilla/5.0 (Windows NT 10.0; Win64; x64) AppleWebKit/537.36 (KHTML, like Gecko) Chrome/135.0.0.0 Safari/537.36 Edg/135.0.0.0','2026-02-18 05:09:07'),(264,14,'logout','Authentication','User logged out','::1','Mozilla/5.0 (Windows NT 10.0; Win64; x64) AppleWebKit/537.36 (KHTML, like Gecko) Chrome/135.0.0.0 Safari/537.36 Edg/135.0.0.0','2026-02-18 05:09:07'),(265,14,'login_success','Authentication','User logged in successfully','::1','Mozilla/5.0 (Windows NT 10.0; Win64; x64) AppleWebKit/537.36 (KHTML, like Gecko) Chrome/135.0.0.0 Safari/537.36 Edg/135.0.0.0','2026-02-18 05:09:10'),(266,15,'logout','Authentication','User logged out','127.0.0.1','Mozilla/5.0 (Windows NT 10.0; Win64; x64) AppleWebKit/537.36 (KHTML, like Gecko) Chrome/145.0.0.0 Safari/537.36 Edg/145.0.0.0','2026-02-18 05:18:04'),(267,14,'sale_completed','POS','Sale TX-71392754-438 — ₱1,792.00','::1','Mozilla/5.0 (Windows NT 10.0; Win64; x64) AppleWebKit/537.36 (KHTML, like Gecko) Chrome/135.0.0.0 Safari/537.36 Edg/135.0.0.0','2026-02-18 05:32:34'),(268,14,'sale_completed','POS','Sale TX-71392778-375 — ₱1,008.00','::1','Mozilla/5.0 (Windows NT 10.0; Win64; x64) AppleWebKit/537.36 (KHTML, like Gecko) Chrome/135.0.0.0 Safari/537.36 Edg/135.0.0.0','2026-02-18 05:32:58'),(269,14,'stock_movement','Inventory','Stock ADJUSTMENT: Product ID 238, Quantity: 35','::1','Mozilla/5.0 (Windows NT 10.0; Win64; x64) AppleWebKit/537.36 (KHTML, like Gecko) Chrome/135.0.0.0 Safari/537.36 Edg/135.0.0.0','2026-02-18 05:35:23'),(270,15,'login_failed','Authentication','Invalid password','127.0.0.1','Mozilla/5.0 (Windows NT 10.0; Win64; x64) AppleWebKit/537.36 (KHTML, like Gecko) Chrome/145.0.0.0 Safari/537.36 Edg/145.0.0.0','2026-02-18 05:36:46'),(271,15,'login_success','Authentication','User logged in successfully','127.0.0.1','Mozilla/5.0 (Windows NT 10.0; Win64; x64) AppleWebKit/537.36 (KHTML, like Gecko) Chrome/145.0.0.0 Safari/537.36 Edg/145.0.0.0','2026-02-18 05:36:47'),(272,14,'sale_completed','POS','Sale TX-71393425-657 — ₱246.40','::1','Mozilla/5.0 (Windows NT 10.0; Win64; x64) AppleWebKit/537.36 (KHTML, like Gecko) Chrome/135.0.0.0 Safari/537.36 Edg/135.0.0.0','2026-02-18 05:43:45'),(273,15,'sale_completed','POS','Sale TX-71393500-960 — ₱6.72','127.0.0.1','Mozilla/5.0 (Windows NT 10.0; Win64; x64) AppleWebKit/537.36 (KHTML, like Gecko) Chrome/145.0.0.0 Safari/537.36 Edg/145.0.0.0','2026-02-18 05:45:00'),(274,15,'sale_completed','POS','Sale TX-71393515-186 — ₱6.72','127.0.0.1','Mozilla/5.0 (Windows NT 10.0; Win64; x64) AppleWebKit/537.36 (KHTML, like Gecko) Chrome/145.0.0.0 Safari/537.36 Edg/145.0.0.0','2026-02-18 05:45:15'),(275,15,'sale_completed','POS','Sale TX-71393526-223 — ₱33.60','127.0.0.1','Mozilla/5.0 (Windows NT 10.0; Win64; x64) AppleWebKit/537.36 (KHTML, like Gecko) Chrome/145.0.0.0 Safari/537.36 Edg/145.0.0.0','2026-02-18 05:45:26'),(276,14,'sale_completed','POS','Sale TX-71393531-762 — ₱386.40','::1','Mozilla/5.0 (Windows NT 10.0; Win64; x64) AppleWebKit/537.36 (KHTML, like Gecko) Chrome/135.0.0.0 Safari/537.36 Edg/135.0.0.0','2026-02-18 05:45:31'),(277,14,'sale_completed','POS','Sale TX-71393542-258 — ₱285.60','::1','Mozilla/5.0 (Windows NT 10.0; Win64; x64) AppleWebKit/537.36 (KHTML, like Gecko) Chrome/135.0.0.0 Safari/537.36 Edg/135.0.0.0','2026-02-18 05:45:42'),(278,15,'sale_completed','POS','Sale TX-71393548-659 — ₱571.20','127.0.0.1','Mozilla/5.0 (Windows NT 10.0; Win64; x64) AppleWebKit/537.36 (KHTML, like Gecko) Chrome/145.0.0.0 Safari/537.36 Edg/145.0.0.0','2026-02-18 05:45:48'),(279,15,'sale_completed','POS','Sale TX-71393562-509 — ₱728.00','127.0.0.1','Mozilla/5.0 (Windows NT 10.0; Win64; x64) AppleWebKit/537.36 (KHTML, like Gecko) Chrome/145.0.0.0 Safari/537.36 Edg/145.0.0.0','2026-02-18 05:46:02'),(280,15,'logout','Authentication','User logged out','127.0.0.1','Mozilla/5.0 (Windows NT 10.0; Win64; x64) AppleWebKit/537.36 (KHTML, like Gecko) Chrome/145.0.0.0 Safari/537.36 Edg/145.0.0.0','2026-02-18 05:47:54'),(281,13,'login_success','Authentication','User logged in successfully','127.0.0.1','Mozilla/5.0 (Windows NT 10.0; Win64; x64) AppleWebKit/537.36 (KHTML, like Gecko) Chrome/145.0.0.0 Safari/537.36 Edg/145.0.0.0','2026-02-18 05:48:03'),(282,13,'logout','Authentication','User logged out','127.0.0.1','Mozilla/5.0 (Windows NT 10.0; Win64; x64) AppleWebKit/537.36 (KHTML, like Gecko) Chrome/145.0.0.0 Safari/537.36 Edg/145.0.0.0','2026-02-18 05:48:38'),(283,19,'login_success','Authentication','User logged in successfully','127.0.0.1','Mozilla/5.0 (Windows NT 10.0; Win64; x64) AppleWebKit/537.36 (KHTML, like Gecko) Chrome/145.0.0.0 Safari/537.36 Edg/145.0.0.0','2026-02-18 05:49:02'),(284,19,'logout','Authentication','User logged out','127.0.0.1','Mozilla/5.0 (Windows NT 10.0; Win64; x64) AppleWebKit/537.36 (KHTML, like Gecko) Chrome/145.0.0.0 Safari/537.36 Edg/145.0.0.0','2026-02-18 05:56:05'),(285,15,'login_success','Authentication','User logged in successfully','127.0.0.1','Mozilla/5.0 (Windows NT 10.0; Win64; x64) AppleWebKit/537.36 (KHTML, like Gecko) Chrome/145.0.0.0 Safari/537.36 Edg/145.0.0.0','2026-02-18 05:56:16'),(286,15,'logout','Authentication','User logged out','127.0.0.1','Mozilla/5.0 (Windows NT 10.0; Win64; x64) AppleWebKit/537.36 (KHTML, like Gecko) Chrome/145.0.0.0 Safari/537.36 Edg/145.0.0.0','2026-02-18 05:58:34'),(287,15,'login_success','Authentication','User logged in successfully','127.0.0.1','Mozilla/5.0 (Windows NT 10.0; Win64; x64) AppleWebKit/537.36 (KHTML, like Gecko) Chrome/145.0.0.0 Safari/537.36 Edg/145.0.0.0','2026-02-18 06:07:33'),(288,14,'logout','Authentication','User logged out','::1','Mozilla/5.0 (Windows NT 10.0; Win64; x64) AppleWebKit/537.36 (KHTML, like Gecko) Chrome/135.0.0.0 Safari/537.36 Edg/135.0.0.0','2026-02-18 06:14:12'),(289,19,'login_success','Authentication','User logged in successfully','::1','Mozilla/5.0 (Windows NT 10.0; Win64; x64) AppleWebKit/537.36 (KHTML, like Gecko) Chrome/135.0.0.0 Safari/537.36 Edg/135.0.0.0','2026-02-18 06:14:21'),(290,19,'logout','Authentication','User logged out','::1','Mozilla/5.0 (Windows NT 10.0; Win64; x64) AppleWebKit/537.36 (KHTML, like Gecko) Chrome/135.0.0.0 Safari/537.36 Edg/135.0.0.0','2026-02-18 06:14:21'),(291,19,'login_success','Authentication','User logged in successfully','::1','Mozilla/5.0 (Windows NT 10.0; Win64; x64) AppleWebKit/537.36 (KHTML, like Gecko) Chrome/135.0.0.0 Safari/537.36 Edg/135.0.0.0','2026-02-18 06:14:37'),(292,15,'logout','Authentication','User logged out','127.0.0.1','Mozilla/5.0 (Windows NT 10.0; Win64; x64) AppleWebKit/537.36 (KHTML, like Gecko) Chrome/145.0.0.0 Safari/537.36 Edg/145.0.0.0','2026-02-18 06:15:17'),(293,13,'login_success','Authentication','User logged in successfully','127.0.0.1','Mozilla/5.0 (Windows NT 10.0; Win64; x64) AppleWebKit/537.36 (KHTML, like Gecko) Chrome/145.0.0.0 Safari/537.36 Edg/145.0.0.0','2026-02-18 06:15:25'),(294,13,'logout','Authentication','User logged out','127.0.0.1','Mozilla/5.0 (Windows NT 10.0; Win64; x64) AppleWebKit/537.36 (KHTML, like Gecko) Chrome/145.0.0.0 Safari/537.36 Edg/145.0.0.0','2026-02-18 06:17:36'),(295,15,'login_success','Authentication','User logged in successfully','127.0.0.1','Mozilla/5.0 (Windows NT 10.0; Win64; x64) AppleWebKit/537.36 (KHTML, like Gecko) Chrome/145.0.0.0 Safari/537.36 Edg/145.0.0.0','2026-02-18 06:17:59'),(296,15,'logout','Authentication','User logged out','127.0.0.1','Mozilla/5.0 (Windows NT 10.0; Win64; x64) AppleWebKit/537.36 (KHTML, like Gecko) Chrome/145.0.0.0 Safari/537.36 Edg/145.0.0.0','2026-02-18 06:17:59'),(297,15,'login_success','Authentication','User logged in successfully','127.0.0.1','Mozilla/5.0 (Windows NT 10.0; Win64; x64) AppleWebKit/537.36 (KHTML, like Gecko) Chrome/145.0.0.0 Safari/537.36 Edg/145.0.0.0','2026-02-18 06:18:06'),(298,15,'logout','Authentication','User logged out','127.0.0.1','Mozilla/5.0 (Windows NT 10.0; Win64; x64) AppleWebKit/537.36 (KHTML, like Gecko) Chrome/145.0.0.0 Safari/537.36 Edg/145.0.0.0','2026-02-18 06:26:05'),(299,22,'login_success','Authentication','User logged in successfully','127.0.0.1','Mozilla/5.0 (Windows NT 10.0; Win64; x64) AppleWebKit/537.36 (KHTML, like Gecko) Chrome/145.0.0.0 Safari/537.36 Edg/145.0.0.0','2026-02-18 06:28:29'),(300,22,'logout','Authentication','User logged out','127.0.0.1','Mozilla/5.0 (Windows NT 10.0; Win64; x64) AppleWebKit/537.36 (KHTML, like Gecko) Chrome/145.0.0.0 Safari/537.36 Edg/145.0.0.0','2026-02-18 06:34:01'),(301,15,'login_success','Authentication','User logged in successfully','127.0.0.1','Mozilla/5.0 (Windows NT 10.0; Win64; x64) AppleWebKit/537.36 (KHTML, like Gecko) Chrome/145.0.0.0 Safari/537.36 Edg/145.0.0.0','2026-02-18 06:34:30'),(302,15,'CREATE','users','Created user: axel','127.0.0.1','Mozilla/5.0 (Windows NT 10.0; Win64; x64) AppleWebKit/537.36 (KHTML, like Gecko) Chrome/145.0.0.0 Safari/537.36 Edg/145.0.0.0','2026-02-18 06:39:42'),(303,15,'logout','Authentication','User logged out','127.0.0.1','Mozilla/5.0 (Windows NT 10.0; Win64; x64) AppleWebKit/537.36 (KHTML, like Gecko) Chrome/145.0.0.0 Safari/537.36 Edg/145.0.0.0','2026-02-18 06:39:59'),(304,19,'logout','Authentication','User logged out','::1','Mozilla/5.0 (Windows NT 10.0; Win64; x64) AppleWebKit/537.36 (KHTML, like Gecko) Chrome/135.0.0.0 Safari/537.36 Edg/135.0.0.0','2026-02-18 06:40:04'),(305,23,'login_success','Authentication','User logged in successfully','127.0.0.1','Mozilla/5.0 (Windows NT 10.0; Win64; x64) AppleWebKit/537.36 (KHTML, like Gecko) Chrome/145.0.0.0 Safari/537.36 Edg/145.0.0.0','2026-02-18 06:40:06'),(306,23,'logout','Authentication','User logged out','127.0.0.1','Mozilla/5.0 (Windows NT 10.0; Win64; x64) AppleWebKit/537.36 (KHTML, like Gecko) Chrome/145.0.0.0 Safari/537.36 Edg/145.0.0.0','2026-02-18 06:40:44'),(307,14,'login_success','Authentication','User logged in successfully','::1','Mozilla/5.0 (Windows NT 10.0; Win64; x64) AppleWebKit/537.36 (KHTML, like Gecko) Chrome/135.0.0.0 Safari/537.36 Edg/135.0.0.0','2026-02-18 06:43:42'),(308,14,'logout','Authentication','User logged out','::1','Mozilla/5.0 (Windows NT 10.0; Win64; x64) AppleWebKit/537.36 (KHTML, like Gecko) Chrome/135.0.0.0 Safari/537.36 Edg/135.0.0.0','2026-02-18 06:43:42'),(309,14,'login_success','Authentication','User logged in successfully','::1','Mozilla/5.0 (Windows NT 10.0; Win64; x64) AppleWebKit/537.36 (KHTML, like Gecko) Chrome/135.0.0.0 Safari/537.36 Edg/135.0.0.0','2026-02-18 06:43:45'),(310,14,'DELETE','users','Deleted user: chrollo123','::1','Mozilla/5.0 (Windows NT 10.0; Win64; x64) AppleWebKit/537.36 (KHTML, like Gecko) Chrome/135.0.0.0 Safari/537.36 Edg/135.0.0.0','2026-02-18 06:44:38'),(311,14,'logout','Authentication','User logged out','::1','Mozilla/5.0 (Windows NT 10.0; Win64; x64) AppleWebKit/537.36 (KHTML, like Gecko) Chrome/135.0.0.0 Safari/537.36 Edg/135.0.0.0','2026-02-18 06:44:44'),(312,26,'login_success','Authentication','User logged in successfully','::1','Mozilla/5.0 (Windows NT 10.0; Win64; x64) AppleWebKit/537.36 (KHTML, like Gecko) Chrome/135.0.0.0 Safari/537.36 Edg/135.0.0.0','2026-02-18 06:54:11'),(313,14,'login_success','Authentication','User logged in successfully','::1','Mozilla/5.0 (Windows NT 10.0; Win64; x64) AppleWebKit/537.36 (KHTML, like Gecko) Chrome/143.0.0.0 Safari/537.36 OPR/127.0.0.0','2026-02-18 06:55:19'),(314,14,'logout','Authentication','User logged out','::1','Mozilla/5.0 (Windows NT 10.0; Win64; x64) AppleWebKit/537.36 (KHTML, like Gecko) Chrome/143.0.0.0 Safari/537.36 OPR/127.0.0.0','2026-02-18 06:55:19'),(315,14,'login_success','Authentication','User logged in successfully','::1','Mozilla/5.0 (Windows NT 10.0; Win64; x64) AppleWebKit/537.36 (KHTML, like Gecko) Chrome/143.0.0.0 Safari/537.36 OPR/127.0.0.0','2026-02-18 06:55:29'),(316,14,'sale_completed','POS','Sale TX-71397774-785 — ₱106.40','::1','Mozilla/5.0 (Windows NT 10.0; Win64; x64) AppleWebKit/537.36 (KHTML, like Gecko) Chrome/143.0.0.0 Safari/537.36 OPR/127.0.0.0','2026-02-18 06:56:14'),(317,13,'login_failed','Authentication','Invalid password','127.0.0.1','Mozilla/5.0 (Windows NT 10.0; Win64; x64) AppleWebKit/537.36 (KHTML, like Gecko) Chrome/145.0.0.0 Safari/537.36 Edg/145.0.0.0','2026-02-18 06:56:15'),(318,13,'login_success','Authentication','User logged in successfully','127.0.0.1','Mozilla/5.0 (Windows NT 10.0; Win64; x64) AppleWebKit/537.36 (KHTML, like Gecko) Chrome/145.0.0.0 Safari/537.36 Edg/145.0.0.0','2026-02-18 06:56:27'),(319,13,'logout','Authentication','User logged out','127.0.0.1','Mozilla/5.0 (Windows NT 10.0; Win64; x64) AppleWebKit/537.36 (KHTML, like Gecko) Chrome/145.0.0.0 Safari/537.36 Edg/145.0.0.0','2026-02-18 07:11:33'),(320,15,'login_success','Authentication','User logged in successfully','127.0.0.1','Mozilla/5.0 (Windows NT 10.0; Win64; x64) AppleWebKit/537.36 (KHTML, like Gecko) Chrome/145.0.0.0 Safari/537.36 Edg/145.0.0.0','2026-02-18 07:11:42'),(321,15,'sale_completed','POS','Sale TX-71398751-275 — ₱1,724.80','127.0.0.1','Mozilla/5.0 (Windows NT 10.0; Win64; x64) AppleWebKit/537.36 (KHTML, like Gecko) Chrome/145.0.0.0 Safari/537.36 Edg/145.0.0.0','2026-02-18 07:12:31'),(322,15,'sale_completed','POS','Sale TX-71398778-832 — ₱604.80','127.0.0.1','Mozilla/5.0 (Windows NT 10.0; Win64; x64) AppleWebKit/537.36 (KHTML, like Gecko) Chrome/145.0.0.0 Safari/537.36 Edg/145.0.0.0','2026-02-18 07:12:58'),(323,14,'sale_completed','POS','Sale TX-71399456-430 — ₱1,669.92','::1','Mozilla/5.0 (Windows NT 10.0; Win64; x64) AppleWebKit/537.36 (KHTML, like Gecko) Chrome/143.0.0.0 Safari/537.36 OPR/127.0.0.0','2026-02-18 07:24:16'),(324,15,'sale_completed','POS','Sale TX-71399762-744 — ₱224.00','127.0.0.1','Mozilla/5.0 (Windows NT 10.0; Win64; x64) AppleWebKit/537.36 (KHTML, like Gecko) Chrome/145.0.0.0 Safari/537.36 Edg/145.0.0.0','2026-02-18 07:29:22'),(325,14,'sale_completed','POS','Sale TX-71400084-791 — ₱537.60','::1','Mozilla/5.0 (Windows NT 10.0; Win64; x64) AppleWebKit/537.36 (KHTML, like Gecko) Chrome/143.0.0.0 Safari/537.36 OPR/127.0.0.0','2026-02-18 07:34:44'),(326,15,'sale_completed','POS','Sale TX-71400994-870 — ₱582.40','127.0.0.1','Mozilla/5.0 (Windows NT 10.0; Win64; x64) AppleWebKit/537.36 (KHTML, like Gecko) Chrome/145.0.0.0 Safari/537.36 Edg/145.0.0.0','2026-02-18 07:49:54'),(327,14,'sale_completed','POS','Sale TX-71401294-745 — ₱504.00','::1','Mozilla/5.0 (Windows NT 10.0; Win64; x64) AppleWebKit/537.36 (KHTML, like Gecko) Chrome/143.0.0.0 Safari/537.36 OPR/127.0.0.0','2026-02-18 07:54:54'),(328,14,'sale_completed','POS','Sale TX-71401440-301 — ₱658.56','::1','Mozilla/5.0 (Windows NT 10.0; Win64; x64) AppleWebKit/537.36 (KHTML, like Gecko) Chrome/143.0.0.0 Safari/537.36 OPR/127.0.0.0','2026-02-18 07:57:20'),(329,14,'sale_completed','POS','Sale TX-71401478-762 — ₱582.40','::1','Mozilla/5.0 (Windows NT 10.0; Win64; x64) AppleWebKit/537.36 (KHTML, like Gecko) Chrome/143.0.0.0 Safari/537.36 OPR/127.0.0.0','2026-02-18 07:57:58'),(330,14,'sale_completed','POS','Sale TX-71401576-282 — ₱672.00','::1','Mozilla/5.0 (Windows NT 10.0; Win64; x64) AppleWebKit/537.36 (KHTML, like Gecko) Chrome/143.0.0.0 Safari/537.36 OPR/127.0.0.0','2026-02-18 07:59:36'),(331,14,'sale_completed','POS','Sale TX-71401632-286 — ₱2,912.00','::1','Mozilla/5.0 (Windows NT 10.0; Win64; x64) AppleWebKit/537.36 (KHTML, like Gecko) Chrome/143.0.0.0 Safari/537.36 OPR/127.0.0.0','2026-02-18 08:00:32'),(332,14,'sale_completed','POS','Sale TX-71402553-749 — ₱106.40','::1','Mozilla/5.0 (Windows NT 10.0; Win64; x64) AppleWebKit/537.36 (KHTML, like Gecko) Chrome/143.0.0.0 Safari/537.36 OPR/127.0.0.0','2026-02-18 08:15:53'),(333,26,'logout','Authentication','User logged out','::1','Mozilla/5.0 (Windows NT 10.0; Win64; x64) AppleWebKit/537.36 (KHTML, like Gecko) Chrome/135.0.0.0 Safari/537.36 Edg/135.0.0.0','2026-02-18 08:23:42'),(334,14,'login_success','Authentication','User logged in successfully','::1','Mozilla/5.0 (Windows NT 10.0; Win64; x64) AppleWebKit/537.36 (KHTML, like Gecko) Chrome/135.0.0.0 Safari/537.36 Edg/135.0.0.0','2026-02-18 08:23:45'),(335,14,'logout','Authentication','User logged out','::1','Mozilla/5.0 (Windows NT 10.0; Win64; x64) AppleWebKit/537.36 (KHTML, like Gecko) Chrome/135.0.0.0 Safari/537.36 Edg/135.0.0.0','2026-02-18 08:23:45'),(336,14,'login_success','Authentication','User logged in successfully','::1','Mozilla/5.0 (Windows NT 10.0; Win64; x64) AppleWebKit/537.36 (KHTML, like Gecko) Chrome/135.0.0.0 Safari/537.36 Edg/135.0.0.0','2026-02-18 08:23:47'),(337,14,'logout','Authentication','User logged out','::1','Mozilla/5.0 (Windows NT 10.0; Win64; x64) AppleWebKit/537.36 (KHTML, like Gecko) Chrome/135.0.0.0 Safari/537.36 Edg/135.0.0.0','2026-02-18 08:23:59'),(338,14,'login_success','Authentication','User logged in successfully','::1','Mozilla/5.0 (Windows NT 10.0; Win64; x64) AppleWebKit/537.36 (KHTML, like Gecko) Chrome/135.0.0.0 Safari/537.36 Edg/135.0.0.0','2026-02-18 08:24:38'),(339,14,'logout','Authentication','User logged out','::1','Mozilla/5.0 (Windows NT 10.0; Win64; x64) AppleWebKit/537.36 (KHTML, like Gecko) Chrome/135.0.0.0 Safari/537.36 Edg/135.0.0.0','2026-02-18 08:24:38'),(340,14,'login_success','Authentication','User logged in successfully','::1','Mozilla/5.0 (Windows NT 10.0; Win64; x64) AppleWebKit/537.36 (KHTML, like Gecko) Chrome/135.0.0.0 Safari/537.36 Edg/135.0.0.0','2026-02-18 08:24:41'),(341,14,'logout','Authentication','User logged out','::1','Mozilla/5.0 (Windows NT 10.0; Win64; x64) AppleWebKit/537.36 (KHTML, like Gecko) Chrome/135.0.0.0 Safari/537.36 Edg/135.0.0.0','2026-02-18 08:27:21'),(342,14,'login_success','Authentication','User logged in successfully','::1','Mozilla/5.0 (Windows NT 10.0; Win64; x64) AppleWebKit/537.36 (KHTML, like Gecko) Chrome/135.0.0.0 Safari/537.36 Edg/135.0.0.0','2026-02-18 08:28:05'),(343,14,'logout','Authentication','User logged out','::1','Mozilla/5.0 (Windows NT 10.0; Win64; x64) AppleWebKit/537.36 (KHTML, like Gecko) Chrome/135.0.0.0 Safari/537.36 Edg/135.0.0.0','2026-02-18 08:28:05'),(344,14,'login_success','Authentication','User logged in successfully','::1','Mozilla/5.0 (Windows NT 10.0; Win64; x64) AppleWebKit/537.36 (KHTML, like Gecko) Chrome/135.0.0.0 Safari/537.36 Edg/135.0.0.0','2026-02-18 08:28:07'),(345,14,'logout','Authentication','User logged out','::1','Mozilla/5.0 (Windows NT 10.0; Win64; x64) AppleWebKit/537.36 (KHTML, like Gecko) Chrome/135.0.0.0 Safari/537.36 Edg/135.0.0.0','2026-02-18 08:29:26'),(346,14,'login_success','Authentication','User logged in successfully','::1','Mozilla/5.0 (Windows NT 10.0; Win64; x64) AppleWebKit/537.36 (KHTML, like Gecko) Chrome/135.0.0.0 Safari/537.36 Edg/135.0.0.0','2026-02-18 08:29:44'),(347,14,'logout','Authentication','User logged out','::1','Mozilla/5.0 (Windows NT 10.0; Win64; x64) AppleWebKit/537.36 (KHTML, like Gecko) Chrome/135.0.0.0 Safari/537.36 Edg/135.0.0.0','2026-02-18 08:29:44'),(348,14,'login_success','Authentication','User logged in successfully','::1','Mozilla/5.0 (Windows NT 10.0; Win64; x64) AppleWebKit/537.36 (KHTML, like Gecko) Chrome/135.0.0.0 Safari/537.36 Edg/135.0.0.0','2026-02-18 08:29:47'),(349,14,'logout','Authentication','User logged out','::1','Mozilla/5.0 (Windows NT 10.0; Win64; x64) AppleWebKit/537.36 (KHTML, like Gecko) Chrome/135.0.0.0 Safari/537.36 Edg/135.0.0.0','2026-02-18 09:26:15'),(350,14,'login_success','Authentication','User logged in successfully','::1','Mozilla/5.0 (Windows NT 10.0; Win64; x64) AppleWebKit/537.36 (KHTML, like Gecko) Chrome/135.0.0.0 Safari/537.36 Edg/135.0.0.0','2026-02-18 09:26:18'),(351,14,'sale_completed','POS','Sale TX-71410492-440 — ₱280.00','::1','Mozilla/5.0 (Windows NT 10.0; Win64; x64) AppleWebKit/537.36 (KHTML, like Gecko) Chrome/135.0.0.0 Safari/537.36 Edg/135.0.0.0','2026-02-18 10:28:12'),(352,14,'login_failed','Authentication','Invalid password','::1','Mozilla/5.0 (Windows NT 10.0; Win64; x64) AppleWebKit/537.36 (KHTML, like Gecko) Chrome/143.0.0.0 Safari/537.36 OPR/127.0.0.0','2026-02-18 10:32:03'),(353,14,'login_failed','Authentication','Invalid password','::1','Mozilla/5.0 (Windows NT 10.0; Win64; x64) AppleWebKit/537.36 (KHTML, like Gecko) Chrome/143.0.0.0 Safari/537.36 OPR/127.0.0.0','2026-02-18 10:32:10'),(354,14,'login_success','Authentication','User logged in successfully','::1','Mozilla/5.0 (Windows NT 10.0; Win64; x64) AppleWebKit/537.36 (KHTML, like Gecko) Chrome/143.0.0.0 Safari/537.36 OPR/127.0.0.0','2026-02-18 10:33:08'),(355,14,'sale_completed','POS','Sale TX-71413252-417 — ₱408.80','::1','Mozilla/5.0 (Windows NT 10.0; Win64; x64) AppleWebKit/537.36 (KHTML, like Gecko) Chrome/135.0.0.0 Safari/537.36 Edg/135.0.0.0','2026-02-18 11:14:12'),(356,NULL,'login_failed','Authentication','Failed login attempt for: admin','::1','Mozilla/5.0 (Windows NT 10.0; Win64; x64) AppleWebKit/537.36 (KHTML, like Gecko) Chrome/135.0.0.0 Safari/537.36 Edg/135.0.0.0','2026-02-19 03:35:33'),(357,14,'login_failed','Authentication','Invalid password','::1','Mozilla/5.0 (Windows NT 10.0; Win64; x64) AppleWebKit/537.36 (KHTML, like Gecko) Chrome/135.0.0.0 Safari/537.36 Edg/135.0.0.0','2026-02-19 03:35:40'),(358,14,'login_failed','Authentication','Invalid password','::1','Mozilla/5.0 (Windows NT 10.0; Win64; x64) AppleWebKit/537.36 (KHTML, like Gecko) Chrome/135.0.0.0 Safari/537.36 Edg/135.0.0.0','2026-02-19 03:35:41'),(359,14,'login_failed','Authentication','Invalid password','::1','Mozilla/5.0 (Windows NT 10.0; Win64; x64) AppleWebKit/537.36 (KHTML, like Gecko) Chrome/135.0.0.0 Safari/537.36 Edg/135.0.0.0','2026-02-19 03:35:41'),(360,15,'login_success','Authentication','User logged in successfully','127.0.0.1','Mozilla/5.0 (Windows NT 10.0; Win64; x64) AppleWebKit/537.36 (KHTML, like Gecko) Chrome/145.0.0.0 Safari/537.36 Edg/145.0.0.0','2026-02-19 03:36:46'),(361,15,'logout','Authentication','User logged out','127.0.0.1','Mozilla/5.0 (Windows NT 10.0; Win64; x64) AppleWebKit/537.36 (KHTML, like Gecko) Chrome/145.0.0.0 Safari/537.36 Edg/145.0.0.0','2026-02-19 03:36:46'),(362,14,'login_failed','Authentication','Invalid password','127.0.0.1','Mozilla/5.0 (Windows NT 10.0; Win64; x64) AppleWebKit/537.36 (KHTML, like Gecko) Chrome/135.0.0.0 Safari/537.36 Edg/135.0.0.0','2026-02-19 03:36:52'),(363,14,'login_success','Authentication','User logged in successfully','127.0.0.1','Mozilla/5.0 (Windows NT 10.0; Win64; x64) AppleWebKit/537.36 (KHTML, like Gecko) Chrome/135.0.0.0 Safari/537.36 Edg/135.0.0.0','2026-02-19 03:37:00'),(364,14,'logout','Authentication','User logged out','127.0.0.1','Mozilla/5.0 (Windows NT 10.0; Win64; x64) AppleWebKit/537.36 (KHTML, like Gecko) Chrome/135.0.0.0 Safari/537.36 Edg/135.0.0.0','2026-02-19 03:37:00'),(365,15,'login_success','Authentication','User logged in successfully','127.0.0.1','Mozilla/5.0 (Windows NT 10.0; Win64; x64) AppleWebKit/537.36 (KHTML, like Gecko) Chrome/145.0.0.0 Safari/537.36 Edg/145.0.0.0','2026-02-19 03:37:02'),(366,14,'login_failed','Authentication','Invalid password','127.0.0.1','Mozilla/5.0 (Windows NT 10.0; Win64; x64) AppleWebKit/537.36 (KHTML, like Gecko) Chrome/135.0.0.0 Safari/537.36 Edg/135.0.0.0','2026-02-19 03:37:11'),(367,14,'login_failed','Authentication','Invalid password','127.0.0.1','Mozilla/5.0 (Windows NT 10.0; Win64; x64) AppleWebKit/537.36 (KHTML, like Gecko) Chrome/135.0.0.0 Safari/537.36 Edg/135.0.0.0','2026-02-19 03:37:13'),(368,14,'login_success','Authentication','User logged in successfully','127.0.0.1','Mozilla/5.0 (Windows NT 10.0; Win64; x64) AppleWebKit/537.36 (KHTML, like Gecko) Chrome/135.0.0.0 Safari/537.36 Edg/135.0.0.0','2026-02-19 03:37:20'),(369,15,'sale_completed','POS','Sale TX-71472544-176 — ₱326.14','127.0.0.1','Mozilla/5.0 (Windows NT 10.0; Win64; x64) AppleWebKit/537.36 (KHTML, like Gecko) Chrome/145.0.0.0 Safari/537.36 Edg/145.0.0.0','2026-02-19 03:42:24'),(370,14,'sale_completed','POS','Sale TX-71474698-817 — ₱828.80','127.0.0.1','Mozilla/5.0 (Windows NT 10.0; Win64; x64) AppleWebKit/537.36 (KHTML, like Gecko) Chrome/135.0.0.0 Safari/537.36 Edg/135.0.0.0','2026-02-19 04:18:18'),(371,15,'sale_completed','POS','Sale TX-71475289-496 — ₱47.04','127.0.0.1','Mozilla/5.0 (Windows NT 10.0; Win64; x64) AppleWebKit/537.36 (KHTML, like Gecko) Chrome/145.0.0.0 Safari/537.36 Edg/145.0.0.0','2026-02-19 04:28:09'),(372,15,'sale_completed','POS','Sale TX-71475393-175 — ₱257.60','127.0.0.1','Mozilla/5.0 (Windows NT 10.0; Win64; x64) AppleWebKit/537.36 (KHTML, like Gecko) Chrome/145.0.0.0 Safari/537.36 Edg/145.0.0.0','2026-02-19 04:29:53'),(373,15,'sale_completed','POS','Sale TX-71478232-299 — ₱128.80','127.0.0.1','Mozilla/5.0 (Windows NT 10.0; Win64; x64) AppleWebKit/537.36 (KHTML, like Gecko) Chrome/145.0.0.0 Safari/537.36 Edg/145.0.0.0','2026-02-19 05:17:12'),(374,15,'sale_completed','POS','Sale TX-71478249-611 — ₱257.60','127.0.0.1','Mozilla/5.0 (Windows NT 10.0; Win64; x64) AppleWebKit/537.36 (KHTML, like Gecko) Chrome/145.0.0.0 Safari/537.36 Edg/145.0.0.0','2026-02-19 05:17:29'),(375,15,'sale_completed','POS','Sale TX-71478732-319 — ₱134.40','127.0.0.1','Mozilla/5.0 (Windows NT 10.0; Win64; x64) AppleWebKit/537.36 (KHTML, like Gecko) Chrome/145.0.0.0 Safari/537.36 Edg/145.0.0.0','2026-02-19 05:25:32'),(376,15,'sale_completed','POS','Sale TX-71478836-893 — ₱201.60','127.0.0.1','Mozilla/5.0 (Windows NT 10.0; Win64; x64) AppleWebKit/537.36 (KHTML, like Gecko) Chrome/145.0.0.0 Safari/537.36 Edg/145.0.0.0','2026-02-19 05:27:16'),(377,15,'sale_completed','POS','Sale TX-71478998-187 — ₱95.20','127.0.0.1','Mozilla/5.0 (Windows NT 10.0; Win64; x64) AppleWebKit/537.36 (KHTML, like Gecko) Chrome/145.0.0.0 Safari/537.36 Edg/145.0.0.0','2026-02-19 05:29:58'),(378,15,'sale_completed','POS','Sale TX-71479233-984 — ₱106.40','127.0.0.1','Mozilla/5.0 (Windows NT 10.0; Win64; x64) AppleWebKit/537.36 (KHTML, like Gecko) Chrome/145.0.0.0 Safari/537.36 Edg/145.0.0.0','2026-02-19 05:33:53'),(379,15,'sale_completed','POS','Sale TX-71479641-455 — ₱201.60','127.0.0.1','Mozilla/5.0 (Windows NT 10.0; Win64; x64) AppleWebKit/537.36 (KHTML, like Gecko) Chrome/145.0.0.0 Safari/537.36 Edg/145.0.0.0','2026-02-19 05:40:41'),(380,15,'sale_completed','POS','Sale TX-71480050-671 — ₱201.60','127.0.0.1','Mozilla/5.0 (Windows NT 10.0; Win64; x64) AppleWebKit/537.36 (KHTML, like Gecko) Chrome/145.0.0.0 Safari/537.36 Edg/145.0.0.0','2026-02-19 05:47:30'),(381,15,'sale_completed','POS','Sale TX-71480260-475 — ₱47.04','127.0.0.1','Mozilla/5.0 (Windows NT 10.0; Win64; x64) AppleWebKit/537.36 (KHTML, like Gecko) Chrome/145.0.0.0 Safari/537.36 Edg/145.0.0.0','2026-02-19 05:51:00'),(382,14,'sale_completed','POS','Sale TX-71480339-348 — ₱336.00','127.0.0.1','Mozilla/5.0 (Windows NT 10.0; Win64; x64) AppleWebKit/537.36 (KHTML, like Gecko) Chrome/135.0.0.0 Safari/537.36 Edg/135.0.0.0','2026-02-19 05:52:19'),(383,15,'sale_completed','POS','Sale TX-71480360-467 — ₱1.68','127.0.0.1','Mozilla/5.0 (Windows NT 10.0; Win64; x64) AppleWebKit/537.36 (KHTML, like Gecko) Chrome/145.0.0.0 Safari/537.36 Edg/145.0.0.0','2026-02-19 05:52:40'),(384,15,'sale_completed','POS','Sale TX-71480416-707 — ₱1.68','127.0.0.1','Mozilla/5.0 (Windows NT 10.0; Win64; x64) AppleWebKit/537.36 (KHTML, like Gecko) Chrome/145.0.0.0 Safari/537.36 Edg/145.0.0.0','2026-02-19 05:53:36'),(385,15,'sale_completed','POS','Sale TX-71481094-930 — ₱582.40','127.0.0.1','Mozilla/5.0 (Windows NT 10.0; Win64; x64) AppleWebKit/537.36 (KHTML, like Gecko) Chrome/145.0.0.0 Safari/537.36 Edg/145.0.0.0','2026-02-19 06:04:54'),(386,15,'sale_completed','POS','Sale TX-71481308-269 — ₱201.60','127.0.0.1','Mozilla/5.0 (Windows NT 10.0; Win64; x64) AppleWebKit/537.36 (KHTML, like Gecko) Chrome/145.0.0.0 Safari/537.36 Edg/145.0.0.0','2026-02-19 06:08:29'),(387,15,'sale_completed','POS','Sale TX-71481432-205 — ₱201.60','127.0.0.1','Mozilla/5.0 (Windows NT 10.0; Win64; x64) AppleWebKit/537.36 (KHTML, like Gecko) Chrome/145.0.0.0 Safari/537.36 Edg/145.0.0.0','2026-02-19 06:10:32'),(388,15,'sale_completed','POS','Sale TX-71482075-368 — ₱47.04','127.0.0.1','Mozilla/5.0 (Windows NT 10.0; Win64; x64) AppleWebKit/537.36 (KHTML, like Gecko) Chrome/145.0.0.0 Safari/537.36 Edg/145.0.0.0','2026-02-19 06:21:16'),(389,15,'sale_completed','POS','Sale TX-71483184-786 — ₱95.20','127.0.0.1','Mozilla/5.0 (Windows NT 10.0; Win64; x64) AppleWebKit/537.36 (KHTML, like Gecko) Chrome/145.0.0.0 Safari/537.36 Edg/145.0.0.0','2026-02-19 06:39:44'),(390,15,'sale_completed','POS','Sale TX-71484082-807 — ₱201.60','127.0.0.1','Mozilla/5.0 (Windows NT 10.0; Win64; x64) AppleWebKit/537.36 (KHTML, like Gecko) Chrome/145.0.0.0 Safari/537.36 Edg/145.0.0.0','2026-02-19 06:54:42'),(391,15,'sale_completed','POS','Sale TX-71484366-993 — ₱47.04','127.0.0.1','Mozilla/5.0 (Windows NT 10.0; Win64; x64) AppleWebKit/537.36 (KHTML, like Gecko) Chrome/145.0.0.0 Safari/537.36 Edg/145.0.0.0','2026-02-19 06:59:26'),(392,15,'login_success','Authentication','User logged in successfully','127.0.0.1','Mozilla/5.0 (Windows NT 10.0; Win64; x64) AppleWebKit/537.36 (KHTML, like Gecko) Chrome/145.0.0.0 Safari/537.36 Edg/145.0.0.0','2026-02-19 08:09:16'),(393,14,'login_success','Authentication','User logged in successfully','::1','Mozilla/5.0 (Windows NT 10.0; Win64; x64) AppleWebKit/537.36 (KHTML, like Gecko) Chrome/135.0.0.0 Safari/537.36 Edg/135.0.0.0','2026-02-19 16:40:18'),(394,14,'logout','Authentication','User logged out','::1','Mozilla/5.0 (Windows NT 10.0; Win64; x64) AppleWebKit/537.36 (KHTML, like Gecko) Chrome/135.0.0.0 Safari/537.36 Edg/135.0.0.0','2026-02-19 16:40:18'),(395,14,'login_success','Authentication','User logged in successfully','::1','Mozilla/5.0 (Windows NT 10.0; Win64; x64) AppleWebKit/537.36 (KHTML, like Gecko) Chrome/135.0.0.0 Safari/537.36 Edg/135.0.0.0','2026-02-19 16:40:20'),(396,14,'sale_completed','POS','Sale TX-71519246-394 — ₱106.40','::1','Mozilla/5.0 (Windows NT 10.0; Win64; x64) AppleWebKit/537.36 (KHTML, like Gecko) Chrome/135.0.0.0 Safari/537.36 Edg/135.0.0.0','2026-02-19 16:40:46'),(397,14,'logout','Authentication','User logged out','::1','Mozilla/5.0 (Windows NT 10.0; Win64; x64) AppleWebKit/537.36 (KHTML, like Gecko) Chrome/135.0.0.0 Safari/537.36 Edg/135.0.0.0','2026-02-19 17:10:03'),(398,14,'login_success','Authentication','User logged in successfully','::1','Mozilla/5.0 (Windows NT 10.0; Win64; x64) AppleWebKit/537.36 (KHTML, like Gecko) Chrome/135.0.0.0 Safari/537.36 Edg/135.0.0.0','2026-02-19 17:19:07'),(399,14,'sale_completed','POS','Sale TX-71521706-594 — ₱716.80','::1','Mozilla/5.0 (Windows NT 10.0; Win64; x64) AppleWebKit/537.36 (KHTML, like Gecko) Chrome/135.0.0.0 Safari/537.36 Edg/135.0.0.0','2026-02-19 17:21:46'),(400,14,'login_success','Authentication','User logged in successfully','::1','Mozilla/5.0 (Windows NT 10.0; Win64; x64) AppleWebKit/537.36 (KHTML, like Gecko) Chrome/135.0.0.0 Safari/537.36 Edg/135.0.0.0','2026-02-19 18:25:19'),(401,14,'logout','Authentication','User logged out','::1','Mozilla/5.0 (Windows NT 10.0; Win64; x64) AppleWebKit/537.36 (KHTML, like Gecko) Chrome/135.0.0.0 Safari/537.36 Edg/135.0.0.0','2026-02-19 18:25:19'),(402,14,'login_success','Authentication','User logged in successfully','::1','Mozilla/5.0 (Windows NT 10.0; Win64; x64) AppleWebKit/537.36 (KHTML, like Gecko) Chrome/135.0.0.0 Safari/537.36 Edg/135.0.0.0','2026-02-19 18:25:22'),(403,14,'logout','Authentication','User logged out','::1','Mozilla/5.0 (Windows NT 10.0; Win64; x64) AppleWebKit/537.36 (KHTML, like Gecko) Chrome/135.0.0.0 Safari/537.36 Edg/135.0.0.0','2026-02-19 18:53:52'),(404,19,'login_success','Authentication','User logged in successfully','::1','Mozilla/5.0 (Windows NT 10.0; Win64; x64) AppleWebKit/537.36 (KHTML, like Gecko) Chrome/135.0.0.0 Safari/537.36 Edg/135.0.0.0','2026-02-19 18:54:01'),(405,19,'logout','Authentication','User logged out','::1','Mozilla/5.0 (Windows NT 10.0; Win64; x64) AppleWebKit/537.36 (KHTML, like Gecko) Chrome/135.0.0.0 Safari/537.36 Edg/135.0.0.0','2026-02-19 18:54:01'),(406,19,'login_success','Authentication','User logged in successfully','::1','Mozilla/5.0 (Windows NT 10.0; Win64; x64) AppleWebKit/537.36 (KHTML, like Gecko) Chrome/135.0.0.0 Safari/537.36 Edg/135.0.0.0','2026-02-19 18:54:15'),(407,19,'logout','Authentication','User logged out','::1','Mozilla/5.0 (Windows NT 10.0; Win64; x64) AppleWebKit/537.36 (KHTML, like Gecko) Chrome/135.0.0.0 Safari/537.36 Edg/135.0.0.0','2026-02-19 18:57:22'),(408,14,'login_success','Authentication','User logged in successfully','::1','Mozilla/5.0 (Windows NT 10.0; Win64; x64) AppleWebKit/537.36 (KHTML, like Gecko) Chrome/135.0.0.0 Safari/537.36 Edg/135.0.0.0','2026-02-19 18:57:26'),(409,14,'logout','Authentication','User logged out','::1','Mozilla/5.0 (Windows NT 10.0; Win64; x64) AppleWebKit/537.36 (KHTML, like Gecko) Chrome/135.0.0.0 Safari/537.36 Edg/135.0.0.0','2026-02-19 18:57:26'),(410,14,'login_success','Authentication','User logged in successfully','::1','Mozilla/5.0 (Windows NT 10.0; Win64; x64) AppleWebKit/537.36 (KHTML, like Gecko) Chrome/135.0.0.0 Safari/537.36 Edg/135.0.0.0','2026-02-19 18:57:30'),(411,14,'sale_completed','POS','Sale TX-71527457-112 — ₱134.40','::1','Mozilla/5.0 (Windows NT 10.0; Win64; x64) AppleWebKit/537.36 (KHTML, like Gecko) Chrome/135.0.0.0 Safari/537.36 Edg/135.0.0.0','2026-02-19 18:57:37'),(412,14,'sale_completed','POS','Sale TX-71527528-331 — ₱1,254.40','::1','Mozilla/5.0 (Windows NT 10.0; Win64; x64) AppleWebKit/537.36 (KHTML, like Gecko) Chrome/135.0.0.0 Safari/537.36 Edg/135.0.0.0','2026-02-19 18:58:48'),(413,14,'sale_completed','POS','Sale TX-71527538-554 — ₱1,383.20','::1','Mozilla/5.0 (Windows NT 10.0; Win64; x64) AppleWebKit/537.36 (KHTML, like Gecko) Chrome/135.0.0.0 Safari/537.36 Edg/135.0.0.0','2026-02-19 18:58:58'),(414,14,'sale_completed','POS','Sale TX-71527543-616 — ₱308.00','::1','Mozilla/5.0 (Windows NT 10.0; Win64; x64) AppleWebKit/537.36 (KHTML, like Gecko) Chrome/135.0.0.0 Safari/537.36 Edg/135.0.0.0','2026-02-19 18:59:03'),(415,14,'sale_completed','POS','Sale TX-71528688-737 — ₱616.00','::1','Mozilla/5.0 (Windows NT 10.0; Win64; x64) AppleWebKit/537.36 (KHTML, like Gecko) Chrome/135.0.0.0 Safari/537.36 Edg/135.0.0.0','2026-02-19 19:18:08'),(416,14,'login_success','Authentication','User logged in successfully','::1','Mozilla/5.0 (Windows NT 10.0; Win64; x64) AppleWebKit/537.36 (KHTML, like Gecko) Chrome/135.0.0.0 Safari/537.36 Edg/135.0.0.0','2026-02-24 17:42:43'),(417,14,'logout','Authentication','User logged out','::1','Mozilla/5.0 (Windows NT 10.0; Win64; x64) AppleWebKit/537.36 (KHTML, like Gecko) Chrome/135.0.0.0 Safari/537.36 Edg/135.0.0.0','2026-02-24 17:42:43'),(418,14,'login_success','Authentication','User logged in successfully','::1','Mozilla/5.0 (Windows NT 10.0; Win64; x64) AppleWebKit/537.36 (KHTML, like Gecko) Chrome/135.0.0.0 Safari/537.36 Edg/135.0.0.0','2026-02-24 17:44:43'),(419,14,'logout','Authentication','User logged out','::1','Mozilla/5.0 (Windows NT 10.0; Win64; x64) AppleWebKit/537.36 (KHTML, like Gecko) Chrome/135.0.0.0 Safari/537.36 Edg/135.0.0.0','2026-02-24 17:51:33'),(420,14,'login_success','Authentication','User logged in successfully','::1','Mozilla/5.0 (Windows NT 10.0; Win64; x64) AppleWebKit/537.36 (KHTML, like Gecko) Chrome/135.0.0.0 Safari/537.36 Edg/135.0.0.0','2026-02-24 17:52:05'),(421,14,'logout','Authentication','User logged out','::1','Mozilla/5.0 (Windows NT 10.0; Win64; x64) AppleWebKit/537.36 (KHTML, like Gecko) Chrome/135.0.0.0 Safari/537.36 Edg/135.0.0.0','2026-02-24 18:02:19'),(422,14,'login_success','Authentication','User logged in successfully','::1','Mozilla/5.0 (Windows NT 10.0; Win64; x64) AppleWebKit/537.36 (KHTML, like Gecko) Chrome/135.0.0.0 Safari/537.36 Edg/135.0.0.0','2026-02-24 18:02:21'),(423,14,'logout','Authentication','User logged out','::1','Mozilla/5.0 (Windows NT 10.0; Win64; x64) AppleWebKit/537.36 (KHTML, like Gecko) Chrome/135.0.0.0 Safari/537.36 Edg/135.0.0.0','2026-02-24 18:47:56'),(424,14,'login_success','Authentication','User logged in successfully','::1','Mozilla/5.0 (Windows NT 10.0; Win64; x64) AppleWebKit/537.36 (KHTML, like Gecko) Chrome/135.0.0.0 Safari/537.36 Edg/135.0.0.0','2026-02-24 18:48:51'),(425,14,'login_success','Authentication','User logged in successfully','::1','Mozilla/5.0 (Windows NT 10.0; Win64; x64) AppleWebKit/537.36 (KHTML, like Gecko) Chrome/135.0.0.0 Safari/537.36 Edg/135.0.0.0','2026-02-26 01:10:37'),(426,14,'login_success','Authentication','User logged in successfully','::1','Mozilla/5.0 (Windows NT 10.0; Win64; x64) AppleWebKit/537.36 (KHTML, like Gecko) Chrome/135.0.0.0 Safari/537.36 Edg/135.0.0.0','2026-02-26 01:47:11'),(427,14,'login_success','Authentication','User logged in successfully','::1','Mozilla/5.0 (Windows NT 10.0; Win64; x64) AppleWebKit/537.36 (KHTML, like Gecko) Chrome/135.0.0.0 Safari/537.36 Edg/135.0.0.0','2026-02-26 02:19:34'),(428,13,'login_success','Authentication','User logged in successfully','127.0.0.1','Mozilla/5.0 (Windows NT 10.0; Win64; x64) AppleWebKit/537.36 (KHTML, like Gecko) Chrome/145.0.0.0 Safari/537.36 Edg/145.0.0.0','2026-02-26 02:19:37'),(429,13,'logout','Authentication','User logged out','127.0.0.1','Mozilla/5.0 (Windows NT 10.0; Win64; x64) AppleWebKit/537.36 (KHTML, like Gecko) Chrome/145.0.0.0 Safari/537.36 Edg/145.0.0.0','2026-02-26 02:19:56'),(430,15,'login_success','Authentication','User logged in successfully','127.0.0.1','Mozilla/5.0 (Windows NT 10.0; Win64; x64) AppleWebKit/537.36 (KHTML, like Gecko) Chrome/145.0.0.0 Safari/537.36 Edg/145.0.0.0','2026-02-26 02:20:06'),(431,15,'logout','Authentication','User logged out','127.0.0.1','Mozilla/5.0 (Windows NT 10.0; Win64; x64) AppleWebKit/537.36 (KHTML, like Gecko) Chrome/145.0.0.0 Safari/537.36 Edg/145.0.0.0','2026-02-26 04:07:02'),(432,13,'login_success','Authentication','User logged in successfully','127.0.0.1','Mozilla/5.0 (Windows NT 10.0; Win64; x64) AppleWebKit/537.36 (KHTML, like Gecko) Chrome/145.0.0.0 Safari/537.36 Edg/145.0.0.0','2026-02-26 04:07:08'),(433,13,'login_success','Authentication','User logged in successfully','127.0.0.1','Mozilla/5.0 (Windows NT 10.0; Win64; x64) AppleWebKit/537.36 (KHTML, like Gecko) Chrome/145.0.0.0 Safari/537.36 Edg/145.0.0.0','2026-02-26 04:53:57'),(434,14,'sale_completed','POS','Sale TX-72081978-512 — ₱106.40','::1','Mozilla/5.0 (Windows NT 10.0; Win64; x64) AppleWebKit/537.36 (KHTML, like Gecko) Chrome/135.0.0.0 Safari/537.36 Edg/135.0.0.0','2026-02-26 04:59:39'),(435,13,'logout','Authentication','User logged out','127.0.0.1','Mozilla/5.0 (Windows NT 10.0; Win64; x64) AppleWebKit/537.36 (KHTML, like Gecko) Chrome/145.0.0.0 Safari/537.36 Edg/145.0.0.0','2026-02-26 05:00:11'),(436,15,'login_success','Authentication','User logged in successfully','127.0.0.1','Mozilla/5.0 (Windows NT 10.0; Win64; x64) AppleWebKit/537.36 (KHTML, like Gecko) Chrome/145.0.0.0 Safari/537.36 Edg/145.0.0.0','2026-02-26 05:00:18'),(437,15,'sale_completed','POS','Sale TX-72082064-676 — ₱582.40','127.0.0.1','Mozilla/5.0 (Windows NT 10.0; Win64; x64) AppleWebKit/537.36 (KHTML, like Gecko) Chrome/145.0.0.0 Safari/537.36 Edg/145.0.0.0','2026-02-26 05:01:04'),(438,14,'logout','Authentication','User logged out','::1','Mozilla/5.0 (Windows NT 10.0; Win64; x64) AppleWebKit/537.36 (KHTML, like Gecko) Chrome/135.0.0.0 Safari/537.36 Edg/135.0.0.0','2026-02-26 12:35:32'),(439,14,'logout','Authentication','User logged out','::1','Mozilla/5.0 (Windows NT 10.0; Win64; x64) AppleWebKit/537.36 (KHTML, like Gecko) Chrome/135.0.0.0 Safari/537.36 Edg/135.0.0.0','2026-02-26 12:35:32'),(440,14,'logout','Authentication','User logged out','::1','Mozilla/5.0 (Windows NT 10.0; Win64; x64) AppleWebKit/537.36 (KHTML, like Gecko) Chrome/135.0.0.0 Safari/537.36 Edg/135.0.0.0','2026-02-26 12:35:32'),(441,14,'logout','Authentication','User logged out','::1','Mozilla/5.0 (Windows NT 10.0; Win64; x64) AppleWebKit/537.36 (KHTML, like Gecko) Chrome/135.0.0.0 Safari/537.36 Edg/135.0.0.0','2026-02-26 12:35:32'),(442,14,'logout','Authentication','User logged out','::1','Mozilla/5.0 (Windows NT 10.0; Win64; x64) AppleWebKit/537.36 (KHTML, like Gecko) Chrome/135.0.0.0 Safari/537.36 Edg/135.0.0.0','2026-02-26 12:35:32'),(443,14,'login_success','Authentication','User logged in successfully','::1','Mozilla/5.0 (Windows NT 10.0; Win64; x64) AppleWebKit/537.36 (KHTML, like Gecko) Chrome/135.0.0.0 Safari/537.36 Edg/135.0.0.0','2026-02-26 12:36:58'),(444,14,'logout','Authentication','User logged out','::1','Mozilla/5.0 (Windows NT 10.0; Win64; x64) AppleWebKit/537.36 (KHTML, like Gecko) Chrome/135.0.0.0 Safari/537.36 Edg/135.0.0.0','2026-02-26 14:29:59'),(445,15,'login_success','Authentication','User logged in successfully','127.0.0.1','Mozilla/5.0 (Windows NT 10.0; Win64; x64) AppleWebKit/537.36 (KHTML, like Gecko) Chrome/145.0.0.0 Safari/537.36 Edg/145.0.0.0','2026-02-26 14:30:02'),(446,14,'login_success','Authentication','User logged in successfully','::1','Mozilla/5.0 (Linux; Android 6.0; Nexus 5 Build/MRA58N) AppleWebKit/537.36 (KHTML, like Gecko) Chrome/135.0.0.0 Mobile Safari/537.36 Edg/135.0.0.0','2026-02-26 14:30:48'),(447,14,'sale_completed','POS','Sale TX-72116307-103 — ₱336.00','::1','Mozilla/5.0 (Windows NT 10.0; Win64; x64) AppleWebKit/537.36 (KHTML, like Gecko) Chrome/135.0.0.0 Safari/537.36 Edg/135.0.0.0','2026-02-26 14:31:47'),(448,15,'logout','Authentication','User logged out','127.0.0.1','Mozilla/5.0 (Windows NT 10.0; Win64; x64) AppleWebKit/537.36 (KHTML, like Gecko) Chrome/145.0.0.0 Safari/537.36 Edg/145.0.0.0','2026-02-26 14:31:57'),(449,14,'logout','Authentication','User logged out','::1','Mozilla/5.0 (Windows NT 10.0; Win64; x64) AppleWebKit/537.36 (KHTML, like Gecko) Chrome/135.0.0.0 Safari/537.36 Edg/135.0.0.0','2026-02-26 14:34:03'),(450,15,'login_success','Authentication','User logged in successfully','127.0.0.1','Mozilla/5.0 (Windows NT 10.0; Win64; x64) AppleWebKit/537.36 (KHTML, like Gecko) Chrome/145.0.0.0 Safari/537.36 Edg/145.0.0.0','2026-02-26 14:34:22'),(451,14,'login_success','Authentication','User logged in successfully','::1','Mozilla/5.0 (Windows NT 10.0; Win64; x64) AppleWebKit/537.36 (KHTML, like Gecko) Chrome/135.0.0.0 Safari/537.36 Edg/135.0.0.0','2026-02-26 14:34:22'),(452,15,'product_deleted','Inventory','Deleted product ID: 270','127.0.0.1','Mozilla/5.0 (Windows NT 10.0; Win64; x64) AppleWebKit/537.36 (KHTML, like Gecko) Chrome/145.0.0.0 Safari/537.36 Edg/145.0.0.0','2026-02-26 14:35:30'),(453,14,'logout','Authentication','User logged out','::1','Mozilla/5.0 (Windows NT 10.0; Win64; x64) AppleWebKit/537.36 (KHTML, like Gecko) Chrome/135.0.0.0 Safari/537.36 Edg/135.0.0.0','2026-02-26 14:41:50'),(454,26,'login_failed','Authentication','Invalid password','::1','Mozilla/5.0 (Windows NT 10.0; Win64; x64) AppleWebKit/537.36 (KHTML, like Gecko) Chrome/135.0.0.0 Safari/537.36 Edg/135.0.0.0','2026-02-26 14:42:00'),(455,26,'login_failed','Authentication','Invalid password','::1','Mozilla/5.0 (Windows NT 10.0; Win64; x64) AppleWebKit/537.36 (KHTML, like Gecko) Chrome/135.0.0.0 Safari/537.36 Edg/135.0.0.0','2026-02-26 14:42:06'),(456,26,'login_failed','Authentication','Invalid password','::1','Mozilla/5.0 (Windows NT 10.0; Win64; x64) AppleWebKit/537.36 (KHTML, like Gecko) Chrome/135.0.0.0 Safari/537.36 Edg/135.0.0.0','2026-02-26 14:42:10'),(457,14,'login_success','Authentication','User logged in successfully','::1','Mozilla/5.0 (Windows NT 10.0; Win64; x64) AppleWebKit/537.36 (KHTML, like Gecko) Chrome/135.0.0.0 Safari/537.36 Edg/135.0.0.0','2026-02-26 14:43:20'),(458,14,'logout','Authentication','User logged out','::1','Mozilla/5.0 (Windows NT 10.0; Win64; x64) AppleWebKit/537.36 (KHTML, like Gecko) Chrome/135.0.0.0 Safari/537.36 Edg/135.0.0.0','2026-02-26 14:44:28'),(459,26,'login_failed','Authentication','Invalid password','::1','Mozilla/5.0 (Windows NT 10.0; Win64; x64) AppleWebKit/537.36 (KHTML, like Gecko) Chrome/135.0.0.0 Safari/537.36 Edg/135.0.0.0','2026-02-26 14:45:45'),(460,14,'login_success','Authentication','User logged in successfully','::1','Mozilla/5.0 (Windows NT 10.0; Win64; x64) AppleWebKit/537.36 (KHTML, like Gecko) Chrome/135.0.0.0 Safari/537.36 Edg/135.0.0.0','2026-02-26 14:45:50'),(461,15,'logout','Authentication','User logged out','127.0.0.1','Mozilla/5.0 (Windows NT 10.0; Win64; x64) AppleWebKit/537.36 (KHTML, like Gecko) Chrome/145.0.0.0 Safari/537.36 Edg/145.0.0.0','2026-02-26 15:23:43'),(462,13,'login_success','Authentication','User logged in successfully','127.0.0.1','Mozilla/5.0 (Windows NT 10.0; Win64; x64) AppleWebKit/537.36 (KHTML, like Gecko) Chrome/145.0.0.0 Safari/537.36 Edg/145.0.0.0','2026-02-26 15:23:51'),(463,13,'logout','Authentication','User logged out','127.0.0.1','Mozilla/5.0 (Windows NT 10.0; Win64; x64) AppleWebKit/537.36 (KHTML, like Gecko) Chrome/145.0.0.0 Safari/537.36 Edg/145.0.0.0','2026-02-26 15:27:47'),(464,15,'login_success','Authentication','User logged in successfully','127.0.0.1','Mozilla/5.0 (Windows NT 10.0; Win64; x64) AppleWebKit/537.36 (KHTML, like Gecko) Chrome/145.0.0.0 Safari/537.36 Edg/145.0.0.0','2026-02-26 15:27:53'),(465,15,'sale_completed','POS','Sale TX-72119690-223 — ₱322.56','127.0.0.1','Mozilla/5.0 (Windows NT 10.0; Win64; x64) AppleWebKit/537.36 (KHTML, like Gecko) Chrome/145.0.0.0 Safari/537.36 Edg/145.0.0.0','2026-02-26 15:28:10'),(466,14,'login_success','Authentication','User logged in successfully','::1','Mozilla/5.0 (Windows NT 10.0; Win64; x64) AppleWebKit/537.36 (KHTML, like Gecko) Chrome/135.0.0.0 Safari/537.36 Edg/135.0.0.0','2026-02-27 17:54:31'),(467,14,'sale_completed','POS','Sale TX-72215699-779 — ₱134.40','::1','Mozilla/5.0 (Windows NT 10.0; Win64; x64) AppleWebKit/537.36 (KHTML, like Gecko) Chrome/135.0.0.0 Safari/537.36 Edg/135.0.0.0','2026-02-27 18:08:19'),(468,14,'sale_completed','POS','Sale TX-72216562-776 — ₱537.60','::1','Mozilla/5.0 (Windows NT 10.0; Win64; x64) AppleWebKit/537.36 (KHTML, like Gecko) Chrome/135.0.0.0 Safari/537.36 Edg/135.0.0.0','2026-02-27 18:22:42'),(469,14,'sale_completed','POS','Sale TX-72217532-619 — ₱106.40','::1','Mozilla/5.0 (Windows NT 10.0; Win64; x64) AppleWebKit/537.36 (KHTML, like Gecko) Chrome/135.0.0.0 Safari/537.36 Edg/135.0.0.0','2026-02-27 18:38:52'),(470,14,'logout','Authentication','User logged out','::1','Mozilla/5.0 (Windows NT 10.0; Win64; x64) AppleWebKit/537.36 (KHTML, like Gecko) Chrome/135.0.0.0 Safari/537.36 Edg/135.0.0.0','2026-02-27 18:39:11'),(471,NULL,'login_failed','Authentication','Failed login attempt for: admin123','::1','Mozilla/5.0 (Windows NT 10.0; Win64; x64) AppleWebKit/537.36 (KHTML, like Gecko) Chrome/135.0.0.0 Safari/537.36 Edg/135.0.0.0','2026-02-27 18:39:14'),(472,NULL,'login_failed','Authentication','Failed login attempt for: admin123','::1','Mozilla/5.0 (Windows NT 10.0; Win64; x64) AppleWebKit/537.36 (KHTML, like Gecko) Chrome/135.0.0.0 Safari/537.36 Edg/135.0.0.0','2026-02-27 18:39:19'),(473,NULL,'login_failed','Authentication','Failed login attempt for: admin123','::1','Mozilla/5.0 (Windows NT 10.0; Win64; x64) AppleWebKit/537.36 (KHTML, like Gecko) Chrome/135.0.0.0 Safari/537.36 Edg/135.0.0.0','2026-02-27 18:39:24'),(474,NULL,'login_failed','Authentication','Failed login attempt for: admin123','::1','Mozilla/5.0 (Windows NT 10.0; Win64; x64) AppleWebKit/537.36 (KHTML, like Gecko) Chrome/135.0.0.0 Safari/537.36 Edg/135.0.0.0','2026-02-27 18:39:26'),(475,14,'login_success','Authentication','User logged in successfully','::1','Mozilla/5.0 (Windows NT 10.0; Win64; x64) AppleWebKit/537.36 (KHTML, like Gecko) Chrome/135.0.0.0 Safari/537.36 Edg/135.0.0.0','2026-02-27 18:39:43'),(476,14,'DELETE','users','Deleted user: KRULU','::1','Mozilla/5.0 (Windows NT 10.0; Win64; x64) AppleWebKit/537.36 (KHTML, like Gecko) Chrome/135.0.0.0 Safari/537.36 Edg/135.0.0.0','2026-02-27 18:39:57'),(477,14,'logout','Authentication','User logged out','::1','Mozilla/5.0 (Windows NT 10.0; Win64; x64) AppleWebKit/537.36 (KHTML, like Gecko) Chrome/135.0.0.0 Safari/537.36 Edg/135.0.0.0','2026-02-27 18:39:58'),(478,14,'login_success','Authentication','User logged in successfully','::1','Mozilla/5.0 (Windows NT 10.0; Win64; x64) AppleWebKit/537.36 (KHTML, like Gecko) Chrome/135.0.0.0 Safari/537.36 Edg/135.0.0.0','2026-02-27 18:41:36'),(479,14,'logout','Authentication','User logged out','::1','Mozilla/5.0 (Windows NT 10.0; Win64; x64) AppleWebKit/537.36 (KHTML, like Gecko) Chrome/135.0.0.0 Safari/537.36 Edg/135.0.0.0','2026-02-27 18:41:42'),(480,27,'login_failed','Authentication','Invalid password','::1','Mozilla/5.0 (Windows NT 10.0; Win64; x64) AppleWebKit/537.36 (KHTML, like Gecko) Chrome/135.0.0.0 Safari/537.36 Edg/135.0.0.0','2026-02-27 18:41:51'),(481,27,'login_failed','Authentication','Invalid password','::1','Mozilla/5.0 (Windows NT 10.0; Win64; x64) AppleWebKit/537.36 (KHTML, like Gecko) Chrome/135.0.0.0 Safari/537.36 Edg/135.0.0.0','2026-02-27 18:41:57'),(482,27,'login_success','Authentication','User logged in successfully','::1','Mozilla/5.0 (Windows NT 10.0; Win64; x64) AppleWebKit/537.36 (KHTML, like Gecko) Chrome/135.0.0.0 Safari/537.36 Edg/135.0.0.0','2026-02-27 18:42:01'),(483,27,'logout','Authentication','User logged out','::1','Mozilla/5.0 (Windows NT 10.0; Win64; x64) AppleWebKit/537.36 (KHTML, like Gecko) Chrome/135.0.0.0 Safari/537.36 Edg/135.0.0.0','2026-02-27 18:42:21'),(484,14,'login_success','Authentication','User logged in successfully','::1','Mozilla/5.0 (Windows NT 10.0; Win64; x64) AppleWebKit/537.36 (KHTML, like Gecko) Chrome/135.0.0.0 Safari/537.36 Edg/135.0.0.0','2026-02-27 18:42:58'),(485,27,'login_success','Authentication','User logged in successfully','::1','Mozilla/5.0 (Windows NT 10.0; Win64; x64) AppleWebKit/537.36 (KHTML, like Gecko) Chrome/135.0.0.0 Safari/537.36 Edg/135.0.0.0','2026-02-27 18:43:47'),(486,14,'sale_completed','POS','Sale TX-72217874-732 — ₱6,384.00','::1','Mozilla/5.0 (Windows NT 10.0; Win64; x64) AppleWebKit/537.36 (KHTML, like Gecko) Chrome/135.0.0.0 Safari/537.36 Edg/135.0.0.0','2026-02-27 18:44:34'),(487,14,'sale_completed','POS','Sale TX-72218374-113 — ₱1,612.80','::1','Mozilla/5.0 (Windows NT 10.0; Win64; x64) AppleWebKit/537.36 (KHTML, like Gecko) Chrome/135.0.0.0 Safari/537.36 Edg/135.0.0.0','2026-02-27 18:52:54'),(488,14,'login_success','Authentication','User logged in successfully','::1','Mozilla/5.0 (Windows NT 10.0; Win64; x64) AppleWebKit/537.36 (KHTML, like Gecko) Chrome/135.0.0.0 Safari/537.36 Edg/135.0.0.0','2026-02-28 03:22:54'),(489,14,'login_success','Authentication','User logged in successfully','::1','Mozilla/5.0 (Windows NT 10.0; Win64; x64) AppleWebKit/537.36 (KHTML, like Gecko) Chrome/135.0.0.0 Safari/537.36 Edg/135.0.0.0','2026-02-28 17:51:09'),(490,13,'login_success','Authentication','User logged in successfully','127.0.0.1','Mozilla/5.0 (Windows NT 10.0; Win64; x64) AppleWebKit/537.36 (KHTML, like Gecko) Chrome/145.0.0.0 Safari/537.36 Edg/145.0.0.0','2026-03-02 00:57:49'),(491,14,'login_success','Authentication','User logged in successfully','::1','Mozilla/5.0 (Windows NT 10.0; Win64; x64) AppleWebKit/537.36 (KHTML, like Gecko) Chrome/135.0.0.0 Safari/537.36 Edg/135.0.0.0','2026-03-02 01:00:51'),(492,13,'logout','Authentication','User logged out','127.0.0.1','Mozilla/5.0 (Windows NT 10.0; Win64; x64) AppleWebKit/537.36 (KHTML, like Gecko) Chrome/145.0.0.0 Safari/537.36 Edg/145.0.0.0','2026-03-02 01:05:31'),(493,15,'login_success','Authentication','User logged in successfully','127.0.0.1','Mozilla/5.0 (Windows NT 10.0; Win64; x64) AppleWebKit/537.36 (KHTML, like Gecko) Chrome/145.0.0.0 Safari/537.36 Edg/145.0.0.0','2026-03-02 01:06:40'),(494,15,'logout','Authentication','User logged out','127.0.0.1','Mozilla/5.0 (Windows NT 10.0; Win64; x64) AppleWebKit/537.36 (KHTML, like Gecko) Chrome/145.0.0.0 Safari/537.36 Edg/145.0.0.0','2026-03-02 01:10:17'),(495,13,'login_success','Authentication','User logged in successfully','127.0.0.1','Mozilla/5.0 (Windows NT 10.0; Win64; x64) AppleWebKit/537.36 (KHTML, like Gecko) Chrome/145.0.0.0 Safari/537.36 Edg/145.0.0.0','2026-03-02 01:10:25'),(496,13,'logout','Authentication','User logged out','127.0.0.1','Mozilla/5.0 (Windows NT 10.0; Win64; x64) AppleWebKit/537.36 (KHTML, like Gecko) Chrome/145.0.0.0 Safari/537.36 Edg/145.0.0.0','2026-03-02 01:11:02'),(497,15,'login_failed','Authentication','Invalid password','127.0.0.1','Mozilla/5.0 (Windows NT 10.0; Win64; x64) AppleWebKit/537.36 (KHTML, like Gecko) Chrome/145.0.0.0 Safari/537.36 Edg/145.0.0.0','2026-03-02 01:11:09'),(498,15,'login_success','Authentication','User logged in successfully','127.0.0.1','Mozilla/5.0 (Windows NT 10.0; Win64; x64) AppleWebKit/537.36 (KHTML, like Gecko) Chrome/145.0.0.0 Safari/537.36 Edg/145.0.0.0','2026-03-02 01:11:13'),(499,14,'logout','Authentication','User logged out','::1','Mozilla/5.0 (Windows NT 10.0; Win64; x64) AppleWebKit/537.36 (KHTML, like Gecko) Chrome/135.0.0.0 Safari/537.36 Edg/135.0.0.0','2026-03-02 01:17:41'),(500,15,'logout','Authentication','User logged out','127.0.0.1','Mozilla/5.0 (Windows NT 10.0; Win64; x64) AppleWebKit/537.36 (KHTML, like Gecko) Chrome/145.0.0.0 Safari/537.36 Edg/145.0.0.0','2026-03-02 01:17:59'),(501,14,'login_success','Authentication','User logged in successfully','::1','Mozilla/5.0 (Windows NT 10.0; Win64; x64) AppleWebKit/537.36 (KHTML, like Gecko) Chrome/135.0.0.0 Safari/537.36 Edg/135.0.0.0','2026-03-02 01:17:59'),(502,14,'logout','Authentication','User logged out','::1','Mozilla/5.0 (Windows NT 10.0; Win64; x64) AppleWebKit/537.36 (KHTML, like Gecko) Chrome/135.0.0.0 Safari/537.36 Edg/135.0.0.0','2026-03-02 01:18:09'),(503,14,'login_success','Authentication','User logged in successfully','::1','Mozilla/5.0 (Windows NT 10.0; Win64; x64) AppleWebKit/537.36 (KHTML, like Gecko) Chrome/135.0.0.0 Safari/537.36 Edg/135.0.0.0','2026-03-02 01:18:29'),(504,15,'login_success','Authentication','User logged in successfully','127.0.0.1','Mozilla/5.0 (Windows NT 10.0; Win64; x64) AppleWebKit/537.36 (KHTML, like Gecko) Chrome/145.0.0.0 Safari/537.36 Edg/145.0.0.0','2026-03-02 01:18:51'),(505,14,'logout','Authentication','User logged out','::1','Mozilla/5.0 (Windows NT 10.0; Win64; x64) AppleWebKit/537.36 (KHTML, like Gecko) Chrome/135.0.0.0 Safari/537.36 Edg/135.0.0.0','2026-03-02 02:32:12'),(506,28,'login_failed','Authentication','Invalid password','::1','Mozilla/5.0 (Windows NT 10.0; Win64; x64) AppleWebKit/537.36 (KHTML, like Gecko) Chrome/135.0.0.0 Safari/537.36 Edg/135.0.0.0','2026-03-02 02:32:26'),(507,28,'login_success','Authentication','User logged in successfully','::1','Mozilla/5.0 (Windows NT 10.0; Win64; x64) AppleWebKit/537.36 (KHTML, like Gecko) Chrome/135.0.0.0 Safari/537.36 Edg/135.0.0.0','2026-03-02 02:32:57'),(508,14,'login_success','Authentication','User logged in successfully','::1','Mozilla/5.0 (Windows NT 10.0; Win64; x64) AppleWebKit/537.36 (KHTML, like Gecko) Chrome/135.0.0.0 Safari/537.36 Edg/135.0.0.0','2026-03-02 14:59:24'),(509,14,'login_success','Authentication','User logged in successfully','::1','Mozilla/5.0 (Windows NT 10.0; Win64; x64) AppleWebKit/537.36 (KHTML, like Gecko) Chrome/135.0.0.0 Safari/537.36 Edg/135.0.0.0','2026-03-03 08:43:06'),(510,14,'logout','Authentication','User logged out','::1','Mozilla/5.0 (Windows NT 10.0; Win64; x64) AppleWebKit/537.36 (KHTML, like Gecko) Chrome/135.0.0.0 Safari/537.36 Edg/135.0.0.0','2026-03-03 10:04:08'),(511,14,'login_success','Authentication','User logged in successfully','::1','Mozilla/5.0 (Windows NT 10.0; Win64; x64) AppleWebKit/537.36 (KHTML, like Gecko) Chrome/135.0.0.0 Safari/537.36 Edg/135.0.0.0','2026-03-03 10:07:31'),(512,14,'login_success','Authentication','User logged in successfully','::1','Mozilla/5.0 (Windows NT 10.0; Win64; x64) AppleWebKit/537.36 (KHTML, like Gecko) Chrome/135.0.0.0 Safari/537.36 Edg/135.0.0.0','2026-03-03 15:21:41'),(513,14,'logout','Authentication','User logged out','::1','Mozilla/5.0 (Windows NT 10.0; Win64; x64) AppleWebKit/537.36 (KHTML, like Gecko) Chrome/135.0.0.0 Safari/537.36 Edg/135.0.0.0','2026-03-03 15:29:33'),(514,14,'login_success','Authentication','User logged in successfully','::1','Mozilla/5.0 (Windows NT 10.0; Win64; x64) AppleWebKit/537.36 (KHTML, like Gecko) Chrome/135.0.0.0 Safari/537.36 Edg/135.0.0.0','2026-03-03 15:44:01'),(515,14,'sale_completed','POS','Sale TX-72558402-151 — ₱134.40','::1','Mozilla/5.0 (Windows NT 10.0; Win64; x64) AppleWebKit/537.36 (KHTML, like Gecko) Chrome/135.0.0.0 Safari/537.36 Edg/135.0.0.0','2026-03-03 17:20:02'),(516,14,'logout','Authentication','User logged out','::1','Mozilla/5.0 (Windows NT 10.0; Win64; x64) AppleWebKit/537.36 (KHTML, like Gecko) Chrome/135.0.0.0 Safari/537.36 Edg/135.0.0.0','2026-03-03 23:03:29'),(517,14,'login_success','Authentication','User logged in successfully','::1','Mozilla/5.0 (Windows NT 10.0; Win64; x64) AppleWebKit/537.36 (KHTML, like Gecko) Chrome/135.0.0.0 Safari/537.36 Edg/135.0.0.0','2026-03-03 23:03:32'),(518,14,'logout','Authentication','User logged out','::1','Mozilla/5.0 (Windows NT 10.0; Win64; x64) AppleWebKit/537.36 (KHTML, like Gecko) Chrome/135.0.0.0 Safari/537.36 Edg/135.0.0.0','2026-03-04 00:08:07'),(519,14,'login_success','Authentication','User logged in successfully','::1','Mozilla/5.0 (Windows NT 10.0; Win64; x64) AppleWebKit/537.36 (KHTML, like Gecko) Chrome/135.0.0.0 Safari/537.36 Edg/135.0.0.0','2026-03-04 00:08:14'),(520,14,'stock_movement','Inventory','Stock ADJUSTMENT: Product ID 312, Quantity: 45','::1','Mozilla/5.0 (Windows NT 10.0; Win64; x64) AppleWebKit/537.36 (KHTML, like Gecko) Chrome/135.0.0.0 Safari/537.36 Edg/135.0.0.0','2026-03-04 02:35:10'),(521,14,'logout','Authentication','User logged out','::1','Mozilla/5.0 (Windows NT 10.0; Win64; x64) AppleWebKit/537.36 (KHTML, like Gecko) Chrome/135.0.0.0 Safari/537.36 Edg/135.0.0.0','2026-03-04 02:48:23'),(522,14,'login_success','Authentication','User logged in successfully','::1','Mozilla/5.0 (Windows NT 10.0; Win64; x64) AppleWebKit/537.36 (KHTML, like Gecko) Chrome/135.0.0.0 Safari/537.36 Edg/135.0.0.0','2026-03-04 02:48:32'),(523,14,'login_success','Authentication','User logged in successfully','::1','Mozilla/5.0 (Windows NT 10.0; Win64; x64) AppleWebKit/537.36 (KHTML, like Gecko) Chrome/135.0.0.0 Safari/537.36 Edg/135.0.0.0','2026-03-05 01:13:01'),(524,14,'product_updated','Inventory','Updated product: Acarbose 50mg Tablet (ID: 312)','::1','Mozilla/5.0 (Windows NT 10.0; Win64; x64) AppleWebKit/537.36 (KHTML, like Gecko) Chrome/135.0.0.0 Safari/537.36 Edg/135.0.0.0','2026-03-05 01:16:51'),(525,14,'login_success','Authentication','User logged in successfully','::1','Mozilla/5.0 (Windows NT 10.0; Win64; x64) AppleWebKit/537.36 (KHTML, like Gecko) Chrome/135.0.0.0 Safari/537.36 Edg/135.0.0.0','2026-03-06 02:21:20'),(526,14,'login_success','Authentication','User logged in successfully','::1','Mozilla/5.0 (Windows NT 10.0; Win64; x64) AppleWebKit/537.36 (KHTML, like Gecko) Chrome/135.0.0.0 Safari/537.36 Edg/135.0.0.0','2026-03-06 15:50:23'),(527,14,'login_success','Authentication','User logged in successfully','::1','Mozilla/5.0 (Windows NT 10.0; Win64; x64) AppleWebKit/537.36 (KHTML, like Gecko) Chrome/135.0.0.0 Safari/537.36 Edg/135.0.0.0','2026-03-07 16:44:13'),(528,14,'CREATE','users','Created user: Cashier','::1','Mozilla/5.0 (Windows NT 10.0; Win64; x64) AppleWebKit/537.36 (KHTML, like Gecko) Chrome/135.0.0.0 Safari/537.36 Edg/135.0.0.0','2026-03-07 16:57:38'),(529,14,'stock_movement','Inventory','Stock ADJUSTMENT: Product ID 317, Quantity: 0','::1','Mozilla/5.0 (Windows NT 10.0; Win64; x64) AppleWebKit/537.36 (KHTML, like Gecko) Chrome/135.0.0.0 Safari/537.36 Edg/135.0.0.0','2026-03-07 16:58:46'),(530,14,'stock_movement','Inventory','Stock ADJUSTMENT: Product ID 172, Quantity: 0','::1','Mozilla/5.0 (Windows NT 10.0; Win64; x64) AppleWebKit/537.36 (KHTML, like Gecko) Chrome/135.0.0.0 Safari/537.36 Edg/135.0.0.0','2026-03-07 16:58:51'),(531,14,'stock_movement','Inventory','Stock ADJUSTMENT: Product ID 371, Quantity: 0','::1','Mozilla/5.0 (Windows NT 10.0; Win64; x64) AppleWebKit/537.36 (KHTML, like Gecko) Chrome/135.0.0.0 Safari/537.36 Edg/135.0.0.0','2026-03-07 16:58:58'),(532,14,'stock_movement','Inventory','Stock ADJUSTMENT: Product ID 35, Quantity: 0','::1','Mozilla/5.0 (Windows NT 10.0; Win64; x64) AppleWebKit/537.36 (KHTML, like Gecko) Chrome/135.0.0.0 Safari/537.36 Edg/135.0.0.0','2026-03-07 16:59:00'),(533,14,'stock_movement','Inventory','Stock ADJUSTMENT: Product ID 115, Quantity: 0','::1','Mozilla/5.0 (Windows NT 10.0; Win64; x64) AppleWebKit/537.36 (KHTML, like Gecko) Chrome/135.0.0.0 Safari/537.36 Edg/135.0.0.0','2026-03-07 16:59:02'),(534,14,'product_updated','Inventory','Updated product: Acarbose 50mg Tablet (ID: 312)','::1','Mozilla/5.0 (Windows NT 10.0; Win64; x64) AppleWebKit/537.36 (KHTML, like Gecko) Chrome/135.0.0.0 Safari/537.36 Edg/135.0.0.0','2026-03-07 17:08:10'),(535,14,'product_updated','Inventory','Updated product: Amlodipine 5mg (Norvasc) (ID: 165)','::1','Mozilla/5.0 (Windows NT 10.0; Win64; x64) AppleWebKit/537.36 (KHTML, like Gecko) Chrome/135.0.0.0 Safari/537.36 Edg/135.0.0.0','2026-03-07 17:08:25'),(536,14,'product_updated','Inventory','Updated product: Benadryl 25mg Capsule (ID: 118)','::1','Mozilla/5.0 (Windows NT 10.0; Win64; x64) AppleWebKit/537.36 (KHTML, like Gecko) Chrome/135.0.0.0 Safari/537.36 Edg/135.0.0.0','2026-03-07 17:08:40'),(537,14,'logout','Authentication','User logged out','::1','Mozilla/5.0 (Windows NT 10.0; Win64; x64) AppleWebKit/537.36 (KHTML, like Gecko) Chrome/135.0.0.0 Safari/537.36 Edg/135.0.0.0','2026-03-08 00:17:33'),(538,14,'login_success','Authentication','User logged in successfully','::1','Mozilla/5.0 (Windows NT 10.0; Win64; x64) AppleWebKit/537.36 (KHTML, like Gecko) Chrome/135.0.0.0 Safari/537.36 Edg/135.0.0.0','2026-03-08 00:17:35'),(539,14,'sale_completed','POS','Sale TX-72930522-105 — ₱201.60','::1','Mozilla/5.0 (Windows NT 10.0; Win64; x64) AppleWebKit/537.36 (KHTML, like Gecko) Chrome/135.0.0.0 Safari/537.36 Edg/135.0.0.0','2026-03-08 00:42:02');
/*!40000 ALTER TABLE `activity_logs` ENABLE KEYS */;
UNLOCK TABLES;

--
-- Table structure for table `alerts`
--

DROP TABLE IF EXISTS `alerts`;
/*!40101 SET @saved_cs_client     = @@character_set_client */;
/*!40101 SET character_set_client = utf8 */;
CREATE TABLE `alerts` (
  `alert_id` int(11) NOT NULL AUTO_INCREMENT,
  `product_id` int(11) NOT NULL,
  `type` varchar(50) NOT NULL,
  `message` text NOT NULL,
  `severity` enum('info','warning','critical') DEFAULT 'warning',
  `acknowledged` tinyint(1) DEFAULT 0,
  `created_at` timestamp NOT NULL DEFAULT CURRENT_TIMESTAMP,
  `acknowledged_at` datetime DEFAULT NULL,
  PRIMARY KEY (`alert_id`),
  KEY `idx_product` (`product_id`),
  KEY `idx_severity` (`severity`),
  KEY `idx_created` (`created_at`),
  CONSTRAINT `alerts_ibfk_1` FOREIGN KEY (`product_id`) REFERENCES `products` (`product_id`) ON DELETE CASCADE
) ENGINE=InnoDB DEFAULT CHARSET=utf8mb4 COLLATE=utf8mb4_general_ci;
/*!40101 SET character_set_client = @saved_cs_client */;

--
-- Dumping data for table `alerts`
--

LOCK TABLES `alerts` WRITE;
/*!40000 ALTER TABLE `alerts` DISABLE KEYS */;
/*!40000 ALTER TABLE `alerts` ENABLE KEYS */;
UNLOCK TABLES;

--
-- Table structure for table `backup_download_requests`
--

DROP TABLE IF EXISTS `backup_download_requests`;
/*!40101 SET @saved_cs_client     = @@character_set_client */;
/*!40101 SET character_set_client = utf8 */;
CREATE TABLE `backup_download_requests` (
  `request_id` int(11) NOT NULL AUTO_INCREMENT,
  `request_token` varchar(80) NOT NULL,
  `approve_token` varchar(80) NOT NULL,
  `deny_token` varchar(80) NOT NULL,
  `file_name` varchar(255) NOT NULL,
  `requested_by_user_id` int(11) NOT NULL,
  `requested_by_name` varchar(255) NOT NULL,
  `requested_by_role` varchar(100) DEFAULT 'unknown',
  `requester_ip` varchar(64) DEFAULT NULL,
  `requester_user_agent` varchar(255) DEFAULT NULL,
  `status` enum('pending','approved','denied','expired','completed') NOT NULL DEFAULT 'pending',
  `created_at` datetime NOT NULL,
  `expires_at` datetime NOT NULL,
  `decided_at` datetime DEFAULT NULL,
  `completed_at` datetime DEFAULT NULL,
  `owner_action_ip` varchar(64) DEFAULT NULL,
  PRIMARY KEY (`request_id`),
  UNIQUE KEY `request_token` (`request_token`),
  UNIQUE KEY `approve_token` (`approve_token`),
  UNIQUE KEY `deny_token` (`deny_token`),
  KEY `idx_request_token` (`request_token`),
  KEY `idx_status_expires` (`status`,`expires_at`)
) ENGINE=InnoDB AUTO_INCREMENT=11 DEFAULT CHARSET=utf8mb4 COLLATE=utf8mb4_unicode_ci;
/*!40101 SET character_set_client = @saved_cs_client */;

--
-- Dumping data for table `backup_download_requests`
--

LOCK TABLES `backup_download_requests` WRITE;
/*!40000 ALTER TABLE `backup_download_requests` DISABLE KEYS */;
INSERT INTO `backup_download_requests` VALUES (1,'44cbe329caeed68a422f72a3d7c5fb55e5951ddedd72c6b9','b978d3c746172057ba98e5833ee48f29ba783450454c2fda','7c5631c7ee29634adf9a4d802456bb455c1d10eb4488e5a2','products_backup_latest.sql',14,'Alex Andrei Pamplona','admin','::1','Mozilla/5.0 (Windows NT 10.0; Win64; x64) AppleWebKit/537.36 (KHTML, like Gecko) Chrome/135.0.0.0 Safari/537.36 Edg/135.0.0.0','approved','2026-02-26 13:18:34','2026-02-26 14:18:34','2026-02-26 13:19:13',NULL,'::1'),(2,'ff0438c760f72d8fea83283b556a8f8220fac05047a5fb9a','d022541e308c91b560e9ca9523d608c0022974f4ea5d249b','a6086c0a9dac35110c38f8c71e932ad3c0f8247fbab78a17','products_backup_latest.sql',14,'Alex Andrei Pamplona','admin','::1','Mozilla/5.0 (Windows NT 10.0; Win64; x64) AppleWebKit/537.36 (KHTML, like Gecko) Chrome/135.0.0.0 Safari/537.36 Edg/135.0.0.0','pending','2026-02-26 13:19:29','2026-02-26 14:19:29',NULL,NULL,NULL),(3,'3554112f336c9a8cc90e2a0cc07854d7e4df996a81744d45','740f3d59a55dfc707dc71be192bbde5cd510ab686838f381','e422a149ed4d93990a09a1bf13f93470256bd58657bc98fb','products_backup_latest.sql',14,'Alex Andrei Pamplona','admin','::1','Mozilla/5.0 (Windows NT 10.0; Win64; x64) AppleWebKit/537.36 (KHTML, like Gecko) Chrome/135.0.0.0 Safari/537.36 Edg/135.0.0.0','approved','2026-02-26 13:26:16','2026-02-26 14:26:16','2026-02-26 13:26:42',NULL,'::1'),(4,'b4883ef587e2e3f8446b9bff5cde54a1381b82d5dc47fd32','33431d6dca714e563ce7fe160626b28898828e64acb38d56','886a7c3ffd5975c210ac908ae5e1ff6899f261e13e9c8ac6','products_backup_latest.sql',14,'Alex Andrei Pamplona','admin','::1','Mozilla/5.0 (Windows NT 10.0; Win64; x64) AppleWebKit/537.36 (KHTML, like Gecko) Chrome/135.0.0.0 Safari/537.36 Edg/135.0.0.0','approved','2026-02-26 13:37:55','2026-02-26 14:37:55','2026-02-26 13:38:08',NULL,'::1'),(5,'ca0f115b613a3012dcedfbd2302ff18f3bb2a340416c621c','07a3e72de1d8638e2c758f4c2744dc835dd20f9001f74b97','e662bf1b65eb8a933d5614ec27f1a49b9344cb83c81a5fbf','products_backup_latest.sql',14,'Alex Andrei Pamplona','admin','::1','Mozilla/5.0 (Windows NT 10.0; Win64; x64) AppleWebKit/537.36 (KHTML, like Gecko) Chrome/135.0.0.0 Safari/537.36 Edg/135.0.0.0','expired','2026-02-26 13:38:47','2026-02-26 14:38:47',NULL,NULL,NULL),(6,'bfbcd3a43c57ee0ce0ec895335ae8aba2b4a07b0a3341877','6f35d0112526a869b1ecb772083a900d9bc05eebcdd637d2','58ff07fe5fd0e28e12505e546aba388ebe09597a7add2b81','products_backup_latest.sql',14,'Alex Andrei Pamplona','admin','::1','Mozilla/5.0 (Windows NT 10.0; Win64; x64) AppleWebKit/537.36 (KHTML, like Gecko) Chrome/135.0.0.0 Safari/537.36 Edg/135.0.0.0','approved','2026-02-26 23:01:56','2026-02-27 00:01:56','2026-02-26 23:02:07',NULL,'::1'),(7,'86c001762e9461f122bbf673bf1b87bfe12f167a1f23208a','5da5c6a848daf8e7e39cb4f43ad5c59eee0e608abc311729','a9fbdf6ddf368b514a6ae086b7b1be84840253e3304948e5','products_backup_latest.sql',14,'Alex Andrei Pamplona','admin','::1','Mozilla/5.0 (Windows NT 10.0; Win64; x64) AppleWebKit/537.36 (KHTML, like Gecko) Chrome/135.0.0.0 Safari/537.36 Edg/135.0.0.0','approved','2026-02-26 23:06:53','2026-02-27 00:06:53','2026-02-26 23:07:01',NULL,'::1'),(8,'9d2d51df133f42200c94d960f7a4e55140f8703fc414acdf','6a03033aa22587883cfcbd71e0b5cb520260374c40872521','b4e9a2d940c80a60fb17f2e09154a865b23f233cfc16a483','products_backup_latest.sql',14,'Alex Andrei Pamplona','admin','::1','Mozilla/5.0 (Windows NT 10.0; Win64; x64) AppleWebKit/537.36 (KHTML, like Gecko) Chrome/135.0.0.0 Safari/537.36 Edg/135.0.0.0','pending','2026-02-28 01:58:29','2026-02-28 02:58:29',NULL,NULL,NULL),(9,'1a5b5f98b5e7ebaeea990921c50b476ce1f51881f2b45712','60285c1d0ef1efc582bec0c8226a3d8774eca5ca11cd8439','29555402b07ad28d96ac65939c6da67f7136ef3c79a76a44','products_backup_latest.sql',14,'Alex Andrei Pamplona','admin','::1','Mozilla/5.0 (Windows NT 10.0; Win64; x64) AppleWebKit/537.36 (KHTML, like Gecko) Chrome/135.0.0.0 Safari/537.36 Edg/135.0.0.0','pending','2026-02-28 01:58:33','2026-02-28 02:58:33',NULL,NULL,NULL),(10,'0f4c399b921ee9e2ff04ab9caa06e02828ad7f6a1a750287','92ab9e193c5a839cfd14e7d2e6c62ae2693c3ec062d8022f','3a32a2d56cb10e068b7c22e24694959ec0a02ee05ccbb41a','products_backup_latest.sql',14,'Alex Andrei Pamplona','admin','::1','Mozilla/5.0 (Windows NT 10.0; Win64; x64) AppleWebKit/537.36 (KHTML, like Gecko) Chrome/135.0.0.0 Safari/537.36 Edg/135.0.0.0','pending','2026-02-28 01:58:40','2026-02-28 02:58:40',NULL,NULL,NULL);
/*!40000 ALTER TABLE `backup_download_requests` ENABLE KEYS */;
UNLOCK TABLES;

--
-- Table structure for table `categories`
--

DROP TABLE IF EXISTS `categories`;
/*!40101 SET @saved_cs_client     = @@character_set_client */;
/*!40101 SET character_set_client = utf8 */;
CREATE TABLE `categories` (
  `category_id` int(11) NOT NULL AUTO_INCREMENT,
  `category_name` varchar(100) NOT NULL,
  `description` text DEFAULT NULL,
  `created_at` timestamp NOT NULL DEFAULT CURRENT_TIMESTAMP,
  PRIMARY KEY (`category_id`),
  UNIQUE KEY `category_name` (`category_name`),
  KEY `idx_category_name` (`category_name`)
) ENGINE=InnoDB AUTO_INCREMENT=108 DEFAULT CHARSET=utf8mb4 COLLATE=utf8mb4_unicode_ci;
/*!40101 SET character_set_client = @saved_cs_client */;

--
-- Dumping data for table `categories`
--

LOCK TABLES `categories` WRITE;
/*!40000 ALTER TABLE `categories` DISABLE KEYS */;
INSERT INTO `categories` VALUES (1,'Pain Relief','Analgesics and pain management medications','2026-02-13 05:39:20'),(2,'Antibiotics','Bacterial infection treatments','2026-02-13 05:39:20'),(3,'Cold & Flu','Treatments for common cold and influenza','2026-02-13 05:39:20'),(4,'Supplements','Vitamins and dietary supplements','2026-02-13 05:39:20'),(5,'First Aid','Wound care and emergency medical supplies','2026-02-13 05:39:20'),(6,'Prescription','Prescription-only medications','2026-02-13 05:39:20'),(7,'OTC','Over-the-counter medications','2026-02-13 05:39:20'),(8,'Gastrointestinal',NULL,'2026-02-13 05:49:08'),(9,'Dermatological',NULL,'2026-02-13 05:49:08'),(10,'Cardiovascular',NULL,'2026-02-13 05:49:08'),(11,'Respiratory',NULL,'2026-02-13 05:49:08'),(12,'Vitamins & Minerals',NULL,'2026-02-13 05:49:08'),(13,'Allergy Relief',NULL,'2026-02-13 05:49:08'),(14,'Sleep Aids',NULL,'2026-02-13 05:49:08'),(15,'Digestive',NULL,'2026-02-13 05:49:08'),(16,'Pain & Inflammation',NULL,'2026-02-13 05:49:08'),(17,'Miscellaneous',NULL,'2026-02-13 05:49:08'),(18,'Pain Relief & Fever',NULL,'2026-02-13 05:49:09'),(20,'Cough & Cold',NULL,'2026-02-13 05:49:09'),(21,'Vitamins & Supplements',NULL,'2026-02-13 05:49:09'),(23,'Allergy & Antihistamines',NULL,'2026-02-13 05:49:09'),(24,'Skin Care & Dermatology',NULL,'2026-02-13 05:49:09'),(25,'First Aid & Wound Care',NULL,'2026-02-13 05:49:09'),(26,'Eye & Ear Care',NULL,'2026-02-13 05:49:09'),(29,'Diabetes Care',NULL,'2026-02-13 05:49:09'),(30,'Personal Care',NULL,'2026-02-13 05:49:09'),(31,'Baby & Pediatric',NULL,'2026-02-13 05:49:09'),(32,'Sexual Health',NULL,'2026-02-13 05:49:09'),(33,'Feminine Care',NULL,'2026-02-13 05:49:09'),(34,'Oral Care',NULL,'2026-02-13 05:49:09'),(55,'Vitamins',NULL,'2026-02-17 08:56:06'),(57,'Skin Care',NULL,'2026-02-17 08:56:06'),(59,'Baby Care',NULL,'2026-02-17 08:56:06');
/*!40000 ALTER TABLE `categories` ENABLE KEYS */;
UNLOCK TABLES;

--
-- Table structure for table `change_logs`
--

DROP TABLE IF EXISTS `change_logs`;
/*!40101 SET @saved_cs_client     = @@character_set_client */;
/*!40101 SET character_set_client = utf8 */;
CREATE TABLE `change_logs` (
  `log_id` int(11) NOT NULL AUTO_INCREMENT,
  `user_id` int(11) DEFAULT NULL,
  `username` varchar(50) DEFAULT NULL,
  `full_name` varchar(100) DEFAULT NULL,
  `action_type` enum('create','update','delete','toggle','import','export','other') NOT NULL,
  `module` varchar(50) NOT NULL,
  `target_type` varchar(50) DEFAULT NULL,
  `target_id` int(11) DEFAULT NULL,
  `target_name` varchar(255) DEFAULT NULL,
  `old_values` longtext CHARACTER SET utf8mb4 COLLATE utf8mb4_bin DEFAULT NULL CHECK (json_valid(`old_values`)),
  `new_values` longtext CHARACTER SET utf8mb4 COLLATE utf8mb4_bin DEFAULT NULL CHECK (json_valid(`new_values`)),
  `description` text NOT NULL,
  `ip_address` varchar(45) DEFAULT NULL,
  `created_at` datetime NOT NULL DEFAULT CURRENT_TIMESTAMP,
  PRIMARY KEY (`log_id`),
  KEY `idx_user_id` (`user_id`),
  KEY `idx_module` (`module`),
  KEY `idx_action_type` (`action_type`),
  KEY `idx_created_at` (`created_at`),
  KEY `idx_target` (`target_type`,`target_id`)
) ENGINE=InnoDB AUTO_INCREMENT=14 DEFAULT CHARSET=utf8mb4 COLLATE=utf8mb4_unicode_ci;
/*!40101 SET character_set_client = @saved_cs_client */;

--
-- Dumping data for table `change_logs`
--

LOCK TABLES `change_logs` WRITE;
/*!40000 ALTER TABLE `change_logs` DISABLE KEYS */;
INSERT INTO `change_logs` VALUES (1,1,'admin','System Administrator','create','Employee Management','employee',9,'Andrei Pamplona',NULL,'{\"name\":\"Andrei Pamplona\",\"role\":\"admin\",\"shift_start\":\"04:10\",\"shift_end\":\"16:10\"}','System Administrator added employee: Andrei Pamplona (ID: 9)','::1','2026-02-15 13:38:38'),(2,14,'Chrollo','Alex Andrei Pamplona','delete','Employee Management','employee',1,'John Doe','{\"name\":\"John Doe\",\"role\":\"Pharmacist\",\"shift_start\":\"09:00:00\",\"shift_end\":\"17:00:00\",\"on_leave\":0}',NULL,'Alex Andrei Pamplona removed employee: John Doe (ID: 1)','::1','2026-02-17 16:20:49'),(3,14,'Chrollo','Alex Andrei Pamplona','delete','Employee Management','employee',2,'Jane Smith','{\"name\":\"Jane Smith\",\"role\":\"Assistant\",\"shift_start\":\"10:00:00\",\"shift_end\":\"18:00:00\",\"on_leave\":0}',NULL,'Alex Andrei Pamplona removed employee: Jane Smith (ID: 2)','::1','2026-02-17 16:20:51'),(4,14,'Chrollo','Alex Andrei Pamplona','delete','Employee Management','employee',3,'Dr. Maria Santos','{\"name\":\"Dr. Maria Santos\",\"role\":\"pharmacist\",\"shift_start\":\"08:00:00\",\"shift_end\":\"17:00:00\",\"on_leave\":0}',NULL,'Alex Andrei Pamplona removed employee: Dr. Maria Santos (ID: 3)','::1','2026-02-17 16:20:52'),(5,14,'Chrollo','Alex Andrei Pamplona','delete','Employee Management','employee',4,'Juan dela Cruz','{\"name\":\"Juan dela Cruz\",\"role\":\"pharmacist\",\"shift_start\":\"16:00:00\",\"shift_end\":\"01:00:00\",\"on_leave\":0}',NULL,'Alex Andrei Pamplona removed employee: Juan dela Cruz (ID: 4)','::1','2026-02-17 16:20:54'),(6,14,'Chrollo','Alex Andrei Pamplona','delete','Employee Management','employee',5,'Ana Reyes','{\"name\":\"Ana Reyes\",\"role\":\"cashier\",\"shift_start\":\"08:00:00\",\"shift_end\":\"17:00:00\",\"on_leave\":0}',NULL,'Alex Andrei Pamplona removed employee: Ana Reyes (ID: 5)','::1','2026-02-17 16:20:56'),(7,14,'Chrollo','Alex Andrei Pamplona','delete','Employee Management','employee',6,'Mark Tan','{\"name\":\"Mark Tan\",\"role\":\"cashier\",\"shift_start\":\"16:00:00\",\"shift_end\":\"01:00:00\",\"on_leave\":0}',NULL,'Alex Andrei Pamplona removed employee: Mark Tan (ID: 6)','::1','2026-02-17 16:20:58'),(8,14,'Chrollo','Alex Andrei Pamplona','delete','Employee Management','employee',7,'Rose Garcia','{\"name\":\"Rose Garcia\",\"role\":\"staff\",\"shift_start\":\"08:00:00\",\"shift_end\":\"17:00:00\",\"on_leave\":0}',NULL,'Alex Andrei Pamplona removed employee: Rose Garcia (ID: 7)','::1','2026-02-17 16:21:00'),(9,14,'Chrollo','Alex Andrei Pamplona','delete','Employee Management','employee',8,'Pedro Mendoza','{\"name\":\"Pedro Mendoza\",\"role\":\"staff\",\"shift_start\":\"16:00:00\",\"shift_end\":\"01:00:00\",\"on_leave\":0}',NULL,'Alex Andrei Pamplona removed employee: Pedro Mendoza (ID: 8)','::1','2026-02-17 16:21:04'),(10,14,'Chrollo','Alex Andrei Pamplona','create','Employee Management','employee',10,'Hendry Mojares',NULL,'{\"name\":\"Hendry Mojares\",\"role\":\"admin\",\"shift_start\":\"05:21\",\"shift_end\":\"17:25\"}','Alex Andrei Pamplona added employee: Hendry Mojares (ID: 10)','::1','2026-02-17 16:21:28'),(11,14,'Chrollo','Alex Andrei Pamplona','create','Employee Management','employee',11,'Jonathan',NULL,'{\"name\":\"Jonathan\",\"role\":\"cashier\",\"shift_start\":\"07:08\",\"shift_end\":\"19:08\"}','Alex Andrei Pamplona added employee: Jonathan (ID: 11)','::1','2026-02-17 21:08:19'),(12,15,'hendry','hendry mojares','create','Employee Management','employee',12,'axel jonathan',NULL,'{\"name\":\"axel jonathan\",\"role\":\"staff\",\"shift_start\":\"00:33\",\"shift_end\":\"12:33\"}','hendry mojares added employee: axel jonathan (ID: 12)','127.0.0.1','2026-02-18 14:38:13'),(13,14,'Chrollo','Alex Andrei Pamplona','create','Employee Management','employee',13,'Andrei Pamploan',NULL,'{\"name\":\"Andrei Pamploan\",\"role\":\"cashier\",\"shift_start\":\"05:31\",\"shift_end\":\"23:31\"}','Alex Andrei Pamplona added employee: Andrei Pamploan (ID: 13)','::1','2026-03-02 23:31:10');
/*!40000 ALTER TABLE `change_logs` ENABLE KEYS */;
UNLOCK TABLES;

--
-- Table structure for table `disposal_schedule`
--

DROP TABLE IF EXISTS `disposal_schedule`;
/*!40101 SET @saved_cs_client     = @@character_set_client */;
/*!40101 SET character_set_client = utf8 */;
CREATE TABLE `disposal_schedule` (
  `disposal_id` int(11) NOT NULL AUTO_INCREMENT,
  `product_id` int(11) NOT NULL,
  `reason` varchar(100) DEFAULT NULL,
  `scheduled_date` datetime DEFAULT NULL,
  `disposed_date` datetime DEFAULT NULL,
  `disposal_method` varchar(100) DEFAULT NULL,
  `disposed_by` varchar(255) DEFAULT NULL,
  `created_at` timestamp NOT NULL DEFAULT CURRENT_TIMESTAMP,
  PRIMARY KEY (`disposal_id`),
  KEY `idx_product` (`product_id`),
  KEY `idx_scheduled` (`scheduled_date`),
  CONSTRAINT `disposal_schedule_ibfk_1` FOREIGN KEY (`product_id`) REFERENCES `products` (`product_id`) ON DELETE CASCADE
) ENGINE=InnoDB DEFAULT CHARSET=utf8mb4 COLLATE=utf8mb4_general_ci;
/*!40101 SET character_set_client = @saved_cs_client */;

--
-- Dumping data for table `disposal_schedule`
--

LOCK TABLES `disposal_schedule` WRITE;
/*!40000 ALTER TABLE `disposal_schedule` DISABLE KEYS */;
/*!40000 ALTER TABLE `disposal_schedule` ENABLE KEYS */;
UNLOCK TABLES;

--
-- Table structure for table `employees`
--

DROP TABLE IF EXISTS `employees`;
/*!40101 SET @saved_cs_client     = @@character_set_client */;
/*!40101 SET character_set_client = utf8 */;
CREATE TABLE `employees` (
  `id` int(11) NOT NULL AUTO_INCREMENT,
  `name` varchar(255) NOT NULL,
  `role` varchar(255) NOT NULL,
  `shift_start` time DEFAULT NULL,
  `shift_end` time DEFAULT NULL,
  `on_leave` tinyint(1) DEFAULT 0,
  `created_at` timestamp NOT NULL DEFAULT CURRENT_TIMESTAMP,
  PRIMARY KEY (`id`)
) ENGINE=InnoDB AUTO_INCREMENT=14 DEFAULT CHARSET=utf8mb4 COLLATE=utf8mb4_general_ci;
/*!40101 SET character_set_client = @saved_cs_client */;

--
-- Dumping data for table `employees`
--

LOCK TABLES `employees` WRITE;
/*!40000 ALTER TABLE `employees` DISABLE KEYS */;
INSERT INTO `employees` VALUES (9,'Andrei Pamplona','admin','04:10:00','16:10:00',0,'2026-02-15 05:38:38'),(10,'Hendry Mojares','admin','05:21:00','17:25:00',0,'2026-02-17 08:21:28'),(11,'Jonathan','cashier','07:08:00','19:08:00',0,'2026-02-17 13:08:19'),(12,'axel jonathan','staff','00:33:00','12:33:00',0,'2026-02-18 06:38:13'),(13,'Andrei Pamploan','cashier','05:31:00','23:31:00',0,'2026-03-02 15:31:10');
/*!40000 ALTER TABLE `employees` ENABLE KEYS */;
UNLOCK TABLES;

--
-- Table structure for table `financial_losses`
--

DROP TABLE IF EXISTS `financial_losses`;
/*!40101 SET @saved_cs_client     = @@character_set_client */;
/*!40101 SET character_set_client = utf8 */;
CREATE TABLE `financial_losses` (
  `loss_id` int(11) NOT NULL AUTO_INCREMENT,
  `product_id` int(11) NOT NULL,
  `loss_amount` decimal(10,2) NOT NULL,
  `loss_type` enum('EXPIRY','DAMAGE','THEFT','OTHER') DEFAULT 'OTHER',
  `quantity` int(11) DEFAULT NULL,
  `date` timestamp NOT NULL DEFAULT CURRENT_TIMESTAMP,
  `notes` text DEFAULT NULL,
  PRIMARY KEY (`loss_id`),
  KEY `idx_product` (`product_id`),
  KEY `idx_date` (`date`),
  CONSTRAINT `financial_losses_ibfk_1` FOREIGN KEY (`product_id`) REFERENCES `products` (`product_id`) ON DELETE CASCADE
) ENGINE=InnoDB DEFAULT CHARSET=utf8mb4 COLLATE=utf8mb4_general_ci;
/*!40101 SET character_set_client = @saved_cs_client */;

--
-- Dumping data for table `financial_losses`
--

LOCK TABLES `financial_losses` WRITE;
/*!40000 ALTER TABLE `financial_losses` DISABLE KEYS */;
/*!40000 ALTER TABLE `financial_losses` ENABLE KEYS */;
UNLOCK TABLES;

--
-- Table structure for table `login_sessions`
--

DROP TABLE IF EXISTS `login_sessions`;
/*!40101 SET @saved_cs_client     = @@character_set_client */;
/*!40101 SET character_set_client = utf8 */;
CREATE TABLE `login_sessions` (
  `session_id` int(11) NOT NULL AUTO_INCREMENT,
  `user_id` int(11) NOT NULL,
  `username` varchar(50) NOT NULL,
  `full_name` varchar(100) DEFAULT NULL,
  `login_time` datetime NOT NULL DEFAULT CURRENT_TIMESTAMP,
  `logout_time` datetime DEFAULT NULL,
  `duration_minutes` int(11) DEFAULT NULL,
  `ip_address` varchar(45) DEFAULT NULL,
  `user_agent` text DEFAULT NULL,
  `status` enum('active','logged_out','expired','forced') DEFAULT 'active',
  PRIMARY KEY (`session_id`),
  KEY `idx_user_id` (`user_id`),
  KEY `idx_login_time` (`login_time`),
  KEY `idx_status` (`status`)
) ENGINE=InnoDB AUTO_INCREMENT=164 DEFAULT CHARSET=utf8mb4 COLLATE=utf8mb4_unicode_ci;
/*!40101 SET character_set_client = @saved_cs_client */;

--
-- Dumping data for table `login_sessions`
--

LOCK TABLES `login_sessions` WRITE;
/*!40000 ALTER TABLE `login_sessions` DISABLE KEYS */;
INSERT INTO `login_sessions` VALUES (1,1,'admin','System Administrator','2026-02-13 13:34:11',NULL,NULL,NULL,NULL,'active'),(2,1,'admin','System Administrator','2026-02-13 13:34:22',NULL,NULL,NULL,NULL,'active'),(3,1,'admin','System Administrator','2026-02-13 13:41:40','2026-02-13 16:43:31',181,'::1','Mozilla/5.0 (Windows NT 10.0; Win64; x64) AppleWebKit/537.36 (KHTML, like Gecko) Chrome/135.0.0.0 Safari/537.36 Edg/135.0.0.0','logged_out'),(4,12,'Hendry','Hendry','2026-02-13 14:00:13','2026-02-13 14:03:03',2,'127.0.0.1','Mozilla/5.0 (Windows NT 10.0; Win64; x64) AppleWebKit/537.36 (KHTML, like Gecko) Chrome/144.0.0.0 Safari/537.36 Edg/144.0.0.0','logged_out'),(5,13,'cess','cess','2026-02-13 14:03:32','2026-02-13 14:04:20',0,'127.0.0.1','Mozilla/5.0 (Windows NT 10.0; Win64; x64) AppleWebKit/537.36 (KHTML, like Gecko) Chrome/144.0.0.0 Safari/537.36 Edg/144.0.0.0','logged_out'),(6,12,'Hendry','Hendry','2026-02-13 14:04:25','2026-02-13 14:42:49',38,'127.0.0.1','Mozilla/5.0 (Windows NT 10.0; Win64; x64) AppleWebKit/537.36 (KHTML, like Gecko) Chrome/144.0.0.0 Safari/537.36 Edg/144.0.0.0','logged_out'),(7,13,'cess','cess','2026-02-13 14:42:55','2026-02-13 14:49:35',6,'127.0.0.1','Mozilla/5.0 (Windows NT 10.0; Win64; x64) AppleWebKit/537.36 (KHTML, like Gecko) Chrome/144.0.0.0 Safari/537.36 Edg/144.0.0.0','logged_out'),(8,12,'Hendry','Hendry','2026-02-13 14:49:45','2026-02-13 17:06:42',136,'127.0.0.1','Mozilla/5.0 (Windows NT 10.0; Win64; x64) AppleWebKit/537.36 (KHTML, like Gecko) Chrome/144.0.0.0 Safari/537.36 Edg/144.0.0.0','logged_out'),(9,1,'admin','System Administrator','2026-02-13 16:43:34',NULL,NULL,'::1','Mozilla/5.0 (Windows NT 10.0; Win64; x64) AppleWebKit/537.36 (KHTML, like Gecko) Chrome/135.0.0.0 Safari/537.36 Edg/135.0.0.0','active'),(10,1,'admin','System Administrator','2026-02-13 16:44:17','2026-02-13 19:10:58',146,'::1','Mozilla/5.0 (Windows NT 10.0; Win64; x64) AppleWebKit/537.36 (KHTML, like Gecko) Chrome/135.0.0.0 Safari/537.36 Edg/135.0.0.0','logged_out'),(11,12,'hendry','hendry','2026-02-13 17:07:51','2026-02-13 17:07:59',0,'127.0.0.1','Mozilla/5.0 (Windows NT 10.0; Win64; x64) AppleWebKit/537.36 (KHTML, like Gecko) Chrome/144.0.0.0 Safari/537.36 Edg/144.0.0.0','logged_out'),(12,13,'cess','cess','2026-02-13 17:08:52',NULL,NULL,'127.0.0.1','Mozilla/5.0 (Windows NT 10.0; Win64; x64) AppleWebKit/537.36 (KHTML, like Gecko) Chrome/144.0.0.0 Safari/537.36 Edg/144.0.0.0','active'),(13,1,'admin','System Administrator','2026-02-13 21:20:12',NULL,NULL,'::1','Mozilla/5.0 (Windows NT 10.0; Win64; x64) AppleWebKit/537.36 (KHTML, like Gecko) Chrome/135.0.0.0 Safari/537.36 Edg/135.0.0.0','active'),(14,1,'admin','System Administrator','2026-02-14 20:47:13',NULL,NULL,'::1','Mozilla/5.0 (Windows NT 10.0; Win64; x64) AppleWebKit/537.36 (KHTML, like Gecko) Chrome/135.0.0.0 Safari/537.36 Edg/135.0.0.0','active'),(15,1,'admin','System Administrator','2026-02-15 13:10:23',NULL,NULL,'::1','Mozilla/5.0 (Windows NT 10.0; Win64; x64) AppleWebKit/537.36 (KHTML, like Gecko) Chrome/135.0.0.0 Safari/537.36 Edg/135.0.0.0','active'),(16,1,'admin','System Administrator','2026-02-15 13:37:55',NULL,NULL,'::1','Mozilla/5.0 (Windows NT 10.0; Win64; x64) AppleWebKit/537.36 (KHTML, like Gecko) Chrome/135.0.0.0 Safari/537.36 Edg/135.0.0.0','active'),(17,14,'Chrollo','Alex Andrei Pamplona','2026-02-15 14:13:48',NULL,NULL,'::1','Mozilla/5.0 (Windows NT 10.0; Win64; x64) AppleWebKit/537.36 (KHTML, like Gecko) Chrome/135.0.0.0 Safari/537.36 Edg/135.0.0.0','active'),(18,14,'Chrollo','Alex Andrei Pamplona','2026-02-15 20:55:22',NULL,NULL,'::1','Mozilla/5.0 (Windows NT 10.0; Win64; x64) AppleWebKit/537.36 (KHTML, like Gecko) Chrome/135.0.0.0 Safari/537.36 Edg/135.0.0.0','active'),(19,14,'Chrollo','Alex Andrei Pamplona','2026-02-15 21:53:54','2026-02-15 21:54:20',0,'::1','Mozilla/5.0 (Windows NT 10.0; Win64; x64) AppleWebKit/537.36 (KHTML, like Gecko) Chrome/135.0.0.0 Safari/537.36 Edg/135.0.0.0','logged_out'),(20,14,'Chrollo','Alex Andrei Pamplona','2026-02-15 21:55:14','2026-02-15 21:58:46',3,'::1','Mozilla/5.0 (Windows NT 10.0; Win64; x64) AppleWebKit/537.36 (KHTML, like Gecko) Chrome/135.0.0.0 Safari/537.36 Edg/135.0.0.0','logged_out'),(21,14,'Chrollo','Alex Andrei Pamplona','2026-02-15 22:08:25',NULL,NULL,'::1','Mozilla/5.0 (Windows NT 10.0; Win64; x64) AppleWebKit/537.36 (KHTML, like Gecko) Chrome/135.0.0.0 Safari/537.36 Edg/135.0.0.0','active'),(22,14,'Chrollo','Alex Andrei Pamplona','2026-02-17 08:48:56',NULL,NULL,'127.0.0.1','Mozilla/5.0 (Windows NT 10.0; Win64; x64) AppleWebKit/537.36 (KHTML, like Gecko) Chrome/135.0.0.0 Safari/537.36 Edg/135.0.0.0','active'),(23,12,'hendry','hendry','2026-02-17 08:51:27',NULL,NULL,'127.0.0.1','Mozilla/5.0 (Windows NT 10.0; Win64; x64) AppleWebKit/537.36 (KHTML, like Gecko) Chrome/145.0.0.0 Safari/537.36 Edg/145.0.0.0','active'),(24,14,'Chrollo','Alex Andrei Pamplona','2026-02-17 14:40:43','2026-02-17 16:34:25',113,'::1','Mozilla/5.0 (Windows NT 10.0; Win64; x64) AppleWebKit/537.36 (KHTML, like Gecko) Chrome/135.0.0.0 Safari/537.36 Edg/135.0.0.0','logged_out'),(25,12,'hendry','hendry','2026-02-17 16:06:10','2026-02-17 16:45:45',39,'127.0.0.1','Mozilla/5.0 (Windows NT 10.0; Win64; x64) AppleWebKit/537.36 (KHTML, like Gecko) Chrome/145.0.0.0 Safari/537.36 Edg/145.0.0.0','logged_out'),(26,14,'Chrollo','Alex Andrei Pamplona','2026-02-17 16:35:20','2026-02-17 16:35:24',0,'::1','Mozilla/5.0 (Windows NT 10.0; Win64; x64) AppleWebKit/537.36 (KHTML, like Gecko) Chrome/135.0.0.0 Safari/537.36 Edg/135.0.0.0','logged_out'),(27,14,'Chrollo','Alex Andrei Pamplona','2026-02-17 16:35:31','2026-02-17 16:38:13',2,'::1','Mozilla/5.0 (Windows NT 10.0; Win64; x64) AppleWebKit/537.36 (KHTML, like Gecko) Chrome/135.0.0.0 Safari/537.36 Edg/135.0.0.0','logged_out'),(28,14,'Chrollo','Alex Andrei Pamplona','2026-02-17 16:41:52','2026-02-17 16:43:51',1,'::1','Mozilla/5.0 (Windows NT 10.0; Win64; x64) AppleWebKit/537.36 (KHTML, like Gecko) Chrome/135.0.0.0 Safari/537.36 Edg/135.0.0.0','logged_out'),(29,14,'Chrollo','Alex Andrei Pamplona','2026-02-17 16:49:45','2026-02-17 16:56:01',6,'::1','Mozilla/5.0 (Windows NT 10.0; Win64; x64) AppleWebKit/537.36 (KHTML, like Gecko) Chrome/135.0.0.0 Safari/537.36 Edg/135.0.0.0','logged_out'),(30,14,'Chrollo','Alex Andrei Pamplona','2026-02-17 16:59:18','2026-02-17 17:22:52',23,'::1','Mozilla/5.0 (Windows NT 10.0; Win64; x64) AppleWebKit/537.36 (KHTML, like Gecko) Chrome/135.0.0.0 Safari/537.36 Edg/135.0.0.0','logged_out'),(31,13,'cess','cess','2026-02-17 17:00:40','2026-02-17 17:03:05',2,'127.0.0.1','Mozilla/5.0 (Windows NT 10.0; Win64; x64) AppleWebKit/537.36 (KHTML, like Gecko) Chrome/145.0.0.0 Safari/537.36 Edg/145.0.0.0','logged_out'),(32,15,'hendry','hendry mojares','2026-02-17 17:16:43','2026-02-17 18:33:12',76,'127.0.0.1','Mozilla/5.0 (Windows NT 10.0; Win64; x64) AppleWebKit/537.36 (KHTML, like Gecko) Chrome/145.0.0.0 Safari/537.36 Edg/145.0.0.0','logged_out'),(33,14,'Chrollo','Alex Andrei Pamplona','2026-02-17 17:43:20','2026-02-17 17:46:32',3,'::1','Mozilla/5.0 (Windows NT 10.0; Win64; x64) AppleWebKit/537.36 (KHTML, like Gecko) Chrome/135.0.0.0 Safari/537.36 Edg/135.0.0.0','logged_out'),(34,16,'Riyo','reyjemuel','2026-02-17 17:48:12','2026-02-17 17:48:52',0,'::1','Mozilla/5.0 (Windows NT 10.0; Win64; x64) AppleWebKit/537.36 (KHTML, like Gecko) Chrome/135.0.0.0 Safari/537.36 Edg/135.0.0.0','logged_out'),(35,14,'Chrollo','Alex Andrei Pamplona','2026-02-17 17:49:10','2026-02-17 17:50:11',1,'::1','Mozilla/5.0 (Windows NT 10.0; Win64; x64) AppleWebKit/537.36 (KHTML, like Gecko) Chrome/135.0.0.0 Safari/537.36 Edg/135.0.0.0','logged_out'),(36,14,'Chrollo','Alex Andrei Pamplona','2026-02-17 17:53:17','2026-02-17 17:55:40',2,'::1','Mozilla/5.0 (Windows NT 10.0; Win64; x64) AppleWebKit/537.36 (KHTML, like Gecko) Chrome/135.0.0.0 Safari/537.36 Edg/135.0.0.0','logged_out'),(37,13,'cess','cess','2026-02-17 18:33:19','2026-02-17 18:41:43',8,'127.0.0.1','Mozilla/5.0 (Windows NT 10.0; Win64; x64) AppleWebKit/537.36 (KHTML, like Gecko) Chrome/145.0.0.0 Safari/537.36 Edg/145.0.0.0','logged_out'),(38,14,'Chrollo','Alex Andrei Pamplona','2026-02-17 18:35:47','2026-02-17 19:49:13',73,'::1','Mozilla/5.0 (Windows NT 10.0; Win64; x64) AppleWebKit/537.36 (KHTML, like Gecko) Chrome/135.0.0.0 Safari/537.36 Edg/135.0.0.0','logged_out'),(39,15,'hendry','hendry mojares','2026-02-17 18:41:50','2026-02-17 18:58:48',16,'127.0.0.1','Mozilla/5.0 (Windows NT 10.0; Win64; x64) AppleWebKit/537.36 (KHTML, like Gecko) Chrome/145.0.0.0 Safari/537.36 Edg/145.0.0.0','logged_out'),(40,13,'cess','cess','2026-02-17 18:58:55','2026-02-17 19:00:41',1,'127.0.0.1','Mozilla/5.0 (Windows NT 10.0; Win64; x64) AppleWebKit/537.36 (KHTML, like Gecko) Chrome/145.0.0.0 Safari/537.36 Edg/145.0.0.0','logged_out'),(41,15,'hendry','hendry mojares','2026-02-17 19:00:46','2026-02-17 19:11:07',10,'127.0.0.1','Mozilla/5.0 (Windows NT 10.0; Win64; x64) AppleWebKit/537.36 (KHTML, like Gecko) Chrome/145.0.0.0 Safari/537.36 Edg/145.0.0.0','logged_out'),(42,15,'hendry','hendry mojares','2026-02-17 19:11:34','2026-02-17 19:11:49',0,'127.0.0.1','Mozilla/5.0 (Windows NT 10.0; Win64; x64) AppleWebKit/537.36 (KHTML, like Gecko) Chrome/145.0.0.0 Safari/537.36 Edg/145.0.0.0','logged_out'),(43,15,'hendry','hendry mojares','2026-02-17 19:12:12','2026-02-17 19:21:47',9,'127.0.0.1','Mozilla/5.0 (Windows NT 10.0; Win64; x64) AppleWebKit/537.36 (KHTML, like Gecko) Chrome/145.0.0.0 Safari/537.36 Edg/145.0.0.0','logged_out'),(44,13,'cess','cess','2026-02-17 19:22:27','2026-02-17 19:54:51',32,'127.0.0.1','Mozilla/5.0 (Windows NT 10.0; Win64; x64) AppleWebKit/537.36 (KHTML, like Gecko) Chrome/145.0.0.0 Safari/537.36 Edg/145.0.0.0','logged_out'),(45,14,'Chrollo','Alex Andrei Pamplona','2026-02-17 19:49:15','2026-02-17 20:05:45',16,'::1','Mozilla/5.0 (Windows NT 10.0; Win64; x64) AppleWebKit/537.36 (KHTML, like Gecko) Chrome/135.0.0.0 Safari/537.36 Edg/135.0.0.0','logged_out'),(46,15,'hendry','hendry mojares','2026-02-17 19:54:56',NULL,NULL,'127.0.0.1','Mozilla/5.0 (Windows NT 10.0; Win64; x64) AppleWebKit/537.36 (KHTML, like Gecko) Chrome/145.0.0.0 Safari/537.36 Edg/145.0.0.0','active'),(47,17,'chrollo123','akosiandrei123','2026-02-17 20:06:35','2026-02-17 20:09:48',3,'::1','Mozilla/5.0 (Windows NT 10.0; Win64; x64) AppleWebKit/537.36 (KHTML, like Gecko) Chrome/135.0.0.0 Safari/537.36 Edg/135.0.0.0','logged_out'),(48,18,'Jonathan','Jonathan Onate','2026-02-17 20:23:18','2026-02-17 20:23:47',0,'::1','Mozilla/5.0 (Windows NT 10.0; Win64; x64) AppleWebKit/537.36 (KHTML, like Gecko) Chrome/135.0.0.0 Safari/537.36 Edg/135.0.0.0','logged_out'),(49,18,'Jonathan','Jonathan Onate','2026-02-17 20:25:29','2026-02-17 20:29:52',4,'::1','Mozilla/5.0 (Windows NT 10.0; Win64; x64) AppleWebKit/537.36 (KHTML, like Gecko) Chrome/135.0.0.0 Safari/537.36 Edg/135.0.0.0','logged_out'),(50,13,'cess','cess','2026-02-17 20:30:05','2026-02-17 20:30:26',0,'::1','Mozilla/5.0 (Windows NT 10.0; Win64; x64) AppleWebKit/537.36 (KHTML, like Gecko) Chrome/135.0.0.0 Safari/537.36 Edg/135.0.0.0','logged_out'),(51,19,'andrei123','Aexandrei','2026-02-17 20:31:05','2026-02-17 20:32:06',1,'::1','Mozilla/5.0 (Windows NT 10.0; Win64; x64) AppleWebKit/537.36 (KHTML, like Gecko) Chrome/135.0.0.0 Safari/537.36 Edg/135.0.0.0','logged_out'),(52,19,'andrei123','Aexandrei','2026-02-17 20:32:36','2026-02-17 20:33:43',1,'::1','Mozilla/5.0 (Windows NT 10.0; Win64; x64) AppleWebKit/537.36 (KHTML, like Gecko) Chrome/135.0.0.0 Safari/537.36 Edg/135.0.0.0','logged_out'),(53,14,'Chrollo','Alex Andrei Pamplona','2026-02-17 20:34:10','2026-02-17 20:34:17',0,'::1','Mozilla/5.0 (Windows NT 10.0; Win64; x64) AppleWebKit/537.36 (KHTML, like Gecko) Chrome/135.0.0.0 Safari/537.36 Edg/135.0.0.0','logged_out'),(54,19,'andrei123','Aexandrei','2026-02-17 20:35:51','2026-02-17 20:35:57',0,'::1','Mozilla/5.0 (Windows NT 10.0; Win64; x64) AppleWebKit/537.36 (KHTML, like Gecko) Chrome/135.0.0.0 Safari/537.36 Edg/135.0.0.0','logged_out'),(55,14,'Chrollo','Alex Andrei Pamplona','2026-02-17 20:37:16','2026-02-17 20:41:39',4,'::1','Mozilla/5.0 (Windows NT 10.0; Win64; x64) AppleWebKit/537.36 (KHTML, like Gecko) Chrome/135.0.0.0 Safari/537.36 Edg/135.0.0.0','logged_out'),(56,19,'andrei123','Aexandrei','2026-02-17 20:41:56','2026-02-17 20:48:24',6,'::1','Mozilla/5.0 (Windows NT 10.0; Win64; x64) AppleWebKit/537.36 (KHTML, like Gecko) Chrome/135.0.0.0 Safari/537.36 Edg/135.0.0.0','logged_out'),(57,14,'Chrollo','Alex Andrei Pamplona','2026-02-17 20:48:27','2026-02-17 20:51:14',2,'::1','Mozilla/5.0 (Windows NT 10.0; Win64; x64) AppleWebKit/537.36 (KHTML, like Gecko) Chrome/135.0.0.0 Safari/537.36 Edg/135.0.0.0','logged_out'),(58,14,'Chrollo','Alex Andrei Pamplona','2026-02-17 20:51:52','2026-02-17 21:11:12',19,'::1','Mozilla/5.0 (Windows NT 10.0; Win64; x64) AppleWebKit/537.36 (KHTML, like Gecko) Chrome/135.0.0.0 Safari/537.36 Edg/135.0.0.0','logged_out'),(59,20,'Jonathan123','Jonathan','2026-02-17 21:11:20','2026-02-17 21:12:57',1,'::1','Mozilla/5.0 (Windows NT 10.0; Win64; x64) AppleWebKit/537.36 (KHTML, like Gecko) Chrome/135.0.0.0 Safari/537.36 Edg/135.0.0.0','logged_out'),(60,14,'Chrollo','Alex Andrei Pamplona','2026-02-17 21:12:59',NULL,NULL,'::1','Mozilla/5.0 (Windows NT 10.0; Win64; x64) AppleWebKit/537.36 (KHTML, like Gecko) Chrome/135.0.0.0 Safari/537.36 Edg/135.0.0.0','active'),(61,14,'Chrollo','Alex Andrei Pamplona','2026-02-18 11:40:54','2026-02-18 12:52:27',71,'::1','Mozilla/5.0 (Windows NT 10.0; Win64; x64) AppleWebKit/537.36 (KHTML, like Gecko) Chrome/135.0.0.0 Safari/537.36 Edg/135.0.0.0','logged_out'),(62,15,'hendry','hendry mojares','2026-02-18 11:50:42','2026-02-18 13:18:04',87,'127.0.0.1','Mozilla/5.0 (Windows NT 10.0; Win64; x64) AppleWebKit/537.36 (KHTML, like Gecko) Chrome/145.0.0.0 Safari/537.36 Edg/145.0.0.0','logged_out'),(63,15,'hendry','hendry mojares','2026-02-18 12:04:08',NULL,NULL,'127.0.0.1','Mozilla/5.0 (Windows NT 10.0; Win64; x64) AppleWebKit/537.36 (KHTML, like Gecko) Chrome/145.0.0.0 Safari/537.36','active'),(64,15,'hendry','hendry mojares','2026-02-18 12:12:34',NULL,NULL,'127.0.0.1','Mozilla/5.0 (Windows NT 10.0; Win64; x64) AppleWebKit/537.36 (KHTML, like Gecko) Chrome/145.0.0.0 Safari/537.36','active'),(65,14,'Chrollo','Alex Andrei Pamplona','2026-02-18 12:52:50','2026-02-18 12:53:49',0,'::1','Mozilla/5.0 (Windows NT 10.0; Win64; x64) AppleWebKit/537.36 (KHTML, like Gecko) Chrome/135.0.0.0 Safari/537.36 Edg/135.0.0.0','logged_out'),(66,14,'Chrollo','Alex Andrei Pamplona','2026-02-18 13:09:07','2026-02-18 13:09:07',0,'::1','Mozilla/5.0 (Windows NT 10.0; Win64; x64) AppleWebKit/537.36 (KHTML, like Gecko) Chrome/135.0.0.0 Safari/537.36 Edg/135.0.0.0','logged_out'),(67,14,'Chrollo','Alex Andrei Pamplona','2026-02-18 13:09:10','2026-02-18 14:14:12',65,'::1','Mozilla/5.0 (Windows NT 10.0; Win64; x64) AppleWebKit/537.36 (KHTML, like Gecko) Chrome/135.0.0.0 Safari/537.36 Edg/135.0.0.0','logged_out'),(68,15,'hendry','hendry mojares','2026-02-18 13:36:47','2026-02-18 13:47:54',11,'127.0.0.1','Mozilla/5.0 (Windows NT 10.0; Win64; x64) AppleWebKit/537.36 (KHTML, like Gecko) Chrome/145.0.0.0 Safari/537.36 Edg/145.0.0.0','logged_out'),(69,13,'cess','cess','2026-02-18 13:48:03','2026-02-18 13:48:38',0,'127.0.0.1','Mozilla/5.0 (Windows NT 10.0; Win64; x64) AppleWebKit/537.36 (KHTML, like Gecko) Chrome/145.0.0.0 Safari/537.36 Edg/145.0.0.0','logged_out'),(70,19,'andrei123','Aexandrei','2026-02-18 13:49:02','2026-02-18 13:56:05',7,'127.0.0.1','Mozilla/5.0 (Windows NT 10.0; Win64; x64) AppleWebKit/537.36 (KHTML, like Gecko) Chrome/145.0.0.0 Safari/537.36 Edg/145.0.0.0','logged_out'),(71,15,'hendry','hendry mojares','2026-02-18 13:56:16','2026-02-18 13:58:35',2,'127.0.0.1','Mozilla/5.0 (Windows NT 10.0; Win64; x64) AppleWebKit/537.36 (KHTML, like Gecko) Chrome/145.0.0.0 Safari/537.36 Edg/145.0.0.0','logged_out'),(72,15,'hendry','hendry mojares','2026-02-18 14:07:33','2026-02-18 14:15:17',7,'127.0.0.1','Mozilla/5.0 (Windows NT 10.0; Win64; x64) AppleWebKit/537.36 (KHTML, like Gecko) Chrome/145.0.0.0 Safari/537.36 Edg/145.0.0.0','logged_out'),(73,19,'andrei123','Aexandrei','2026-02-18 14:14:21','2026-02-18 14:14:21',0,'::1','Mozilla/5.0 (Windows NT 10.0; Win64; x64) AppleWebKit/537.36 (KHTML, like Gecko) Chrome/135.0.0.0 Safari/537.36 Edg/135.0.0.0','logged_out'),(74,19,'andrei123','Aexandrei','2026-02-18 14:14:37','2026-02-18 14:40:04',25,'::1','Mozilla/5.0 (Windows NT 10.0; Win64; x64) AppleWebKit/537.36 (KHTML, like Gecko) Chrome/135.0.0.0 Safari/537.36 Edg/135.0.0.0','logged_out'),(75,13,'cess','cess','2026-02-18 14:15:25','2026-02-18 14:17:36',2,'127.0.0.1','Mozilla/5.0 (Windows NT 10.0; Win64; x64) AppleWebKit/537.36 (KHTML, like Gecko) Chrome/145.0.0.0 Safari/537.36 Edg/145.0.0.0','logged_out'),(76,15,'hendry','hendry mojares','2026-02-18 14:17:59','2026-02-18 14:17:59',0,'127.0.0.1','Mozilla/5.0 (Windows NT 10.0; Win64; x64) AppleWebKit/537.36 (KHTML, like Gecko) Chrome/145.0.0.0 Safari/537.36 Edg/145.0.0.0','logged_out'),(77,15,'hendry','hendry mojares','2026-02-18 14:18:06','2026-02-18 14:26:05',7,'127.0.0.1','Mozilla/5.0 (Windows NT 10.0; Win64; x64) AppleWebKit/537.36 (KHTML, like Gecko) Chrome/145.0.0.0 Safari/537.36 Edg/145.0.0.0','logged_out'),(78,22,'cess10','Princess','2026-02-18 14:28:29','2026-02-18 14:34:01',5,'127.0.0.1','Mozilla/5.0 (Windows NT 10.0; Win64; x64) AppleWebKit/537.36 (KHTML, like Gecko) Chrome/145.0.0.0 Safari/537.36 Edg/145.0.0.0','logged_out'),(79,15,'hendry','hendry mojares','2026-02-18 14:34:34','2026-02-18 14:39:59',5,'127.0.0.1','Mozilla/5.0 (Windows NT 10.0; Win64; x64) AppleWebKit/537.36 (KHTML, like Gecko) Chrome/145.0.0.0 Safari/537.36 Edg/145.0.0.0','logged_out'),(80,23,'axel','Jonathan','2026-02-18 14:40:06','2026-02-18 14:40:44',0,'127.0.0.1','Mozilla/5.0 (Windows NT 10.0; Win64; x64) AppleWebKit/537.36 (KHTML, like Gecko) Chrome/145.0.0.0 Safari/537.36 Edg/145.0.0.0','logged_out'),(81,14,'Chrollo','Alex Andrei Pamplona','2026-02-18 14:43:42','2026-02-18 14:43:42',0,'::1','Mozilla/5.0 (Windows NT 10.0; Win64; x64) AppleWebKit/537.36 (KHTML, like Gecko) Chrome/135.0.0.0 Safari/537.36 Edg/135.0.0.0','logged_out'),(82,14,'Chrollo','Alex Andrei Pamplona','2026-02-18 14:43:45','2026-02-18 14:44:44',0,'::1','Mozilla/5.0 (Windows NT 10.0; Win64; x64) AppleWebKit/537.36 (KHTML, like Gecko) Chrome/135.0.0.0 Safari/537.36 Edg/135.0.0.0','logged_out'),(83,26,'KRULU','anreipamplona','2026-02-18 14:54:11','2026-02-18 16:23:42',89,'::1','Mozilla/5.0 (Windows NT 10.0; Win64; x64) AppleWebKit/537.36 (KHTML, like Gecko) Chrome/135.0.0.0 Safari/537.36 Edg/135.0.0.0','logged_out'),(84,14,'Chrollo','Alex Andrei Pamplona','2026-02-18 14:55:19','2026-02-18 14:55:19',0,'::1','Mozilla/5.0 (Windows NT 10.0; Win64; x64) AppleWebKit/537.36 (KHTML, like Gecko) Chrome/143.0.0.0 Safari/537.36 OPR/127.0.0.0','logged_out'),(85,14,'Chrollo','Alex Andrei Pamplona','2026-02-18 14:55:29',NULL,NULL,'::1','Mozilla/5.0 (Windows NT 10.0; Win64; x64) AppleWebKit/537.36 (KHTML, like Gecko) Chrome/143.0.0.0 Safari/537.36 OPR/127.0.0.0','active'),(86,13,'cess','cess','2026-02-18 14:56:27','2026-02-18 15:11:33',15,'127.0.0.1','Mozilla/5.0 (Windows NT 10.0; Win64; x64) AppleWebKit/537.36 (KHTML, like Gecko) Chrome/145.0.0.0 Safari/537.36 Edg/145.0.0.0','logged_out'),(87,15,'hendry','hendry mojares','2026-02-18 15:11:42',NULL,NULL,'127.0.0.1','Mozilla/5.0 (Windows NT 10.0; Win64; x64) AppleWebKit/537.36 (KHTML, like Gecko) Chrome/145.0.0.0 Safari/537.36 Edg/145.0.0.0','active'),(88,14,'Chrollo','Alex Andrei Pamplona','2026-02-18 16:23:45','2026-02-18 16:23:45',0,'::1','Mozilla/5.0 (Windows NT 10.0; Win64; x64) AppleWebKit/537.36 (KHTML, like Gecko) Chrome/135.0.0.0 Safari/537.36 Edg/135.0.0.0','logged_out'),(89,14,'Chrollo','Alex Andrei Pamplona','2026-02-18 16:23:47','2026-02-18 16:23:59',0,'::1','Mozilla/5.0 (Windows NT 10.0; Win64; x64) AppleWebKit/537.36 (KHTML, like Gecko) Chrome/135.0.0.0 Safari/537.36 Edg/135.0.0.0','logged_out'),(90,14,'Chrollo','Alex Andrei Pamplona','2026-02-18 16:24:38','2026-02-18 16:24:38',0,'::1','Mozilla/5.0 (Windows NT 10.0; Win64; x64) AppleWebKit/537.36 (KHTML, like Gecko) Chrome/135.0.0.0 Safari/537.36 Edg/135.0.0.0','logged_out'),(91,14,'Chrollo','Alex Andrei Pamplona','2026-02-18 16:24:41','2026-02-18 16:27:21',2,'::1','Mozilla/5.0 (Windows NT 10.0; Win64; x64) AppleWebKit/537.36 (KHTML, like Gecko) Chrome/135.0.0.0 Safari/537.36 Edg/135.0.0.0','logged_out'),(92,14,'Chrollo','Alex Andrei Pamplona','2026-02-18 16:28:05','2026-02-18 16:28:05',0,'::1','Mozilla/5.0 (Windows NT 10.0; Win64; x64) AppleWebKit/537.36 (KHTML, like Gecko) Chrome/135.0.0.0 Safari/537.36 Edg/135.0.0.0','logged_out'),(93,14,'Chrollo','Alex Andrei Pamplona','2026-02-18 16:28:07','2026-02-18 16:29:26',1,'::1','Mozilla/5.0 (Windows NT 10.0; Win64; x64) AppleWebKit/537.36 (KHTML, like Gecko) Chrome/135.0.0.0 Safari/537.36 Edg/135.0.0.0','logged_out'),(94,14,'Chrollo','Alex Andrei Pamplona','2026-02-18 16:29:44','2026-02-18 16:29:44',0,'::1','Mozilla/5.0 (Windows NT 10.0; Win64; x64) AppleWebKit/537.36 (KHTML, like Gecko) Chrome/135.0.0.0 Safari/537.36 Edg/135.0.0.0','logged_out'),(95,14,'Chrollo','Alex Andrei Pamplona','2026-02-18 16:29:47','2026-02-18 17:26:15',56,'::1','Mozilla/5.0 (Windows NT 10.0; Win64; x64) AppleWebKit/537.36 (KHTML, like Gecko) Chrome/135.0.0.0 Safari/537.36 Edg/135.0.0.0','logged_out'),(96,14,'Chrollo','Alex Andrei Pamplona','2026-02-18 17:26:18',NULL,NULL,'::1','Mozilla/5.0 (Windows NT 10.0; Win64; x64) AppleWebKit/537.36 (KHTML, like Gecko) Chrome/135.0.0.0 Safari/537.36 Edg/135.0.0.0','active'),(97,14,'Chrollo','Alex Andrei Pamplona','2026-02-18 18:33:08',NULL,NULL,'::1','Mozilla/5.0 (Windows NT 10.0; Win64; x64) AppleWebKit/537.36 (KHTML, like Gecko) Chrome/143.0.0.0 Safari/537.36 OPR/127.0.0.0','active'),(98,15,'hendry','hendry mojares','2026-02-19 11:36:46','2026-02-19 11:36:46',0,'127.0.0.1','Mozilla/5.0 (Windows NT 10.0; Win64; x64) AppleWebKit/537.36 (KHTML, like Gecko) Chrome/145.0.0.0 Safari/537.36 Edg/145.0.0.0','logged_out'),(99,14,'Chrollo','Alex Andrei Pamplona','2026-02-19 11:37:00','2026-02-19 11:37:00',0,'127.0.0.1','Mozilla/5.0 (Windows NT 10.0; Win64; x64) AppleWebKit/537.36 (KHTML, like Gecko) Chrome/135.0.0.0 Safari/537.36 Edg/135.0.0.0','logged_out'),(100,15,'hendry','hendry mojares','2026-02-19 11:37:02',NULL,NULL,'127.0.0.1','Mozilla/5.0 (Windows NT 10.0; Win64; x64) AppleWebKit/537.36 (KHTML, like Gecko) Chrome/145.0.0.0 Safari/537.36 Edg/145.0.0.0','active'),(101,14,'Chrollo','Alex Andrei Pamplona','2026-02-19 11:37:20',NULL,NULL,'127.0.0.1','Mozilla/5.0 (Windows NT 10.0; Win64; x64) AppleWebKit/537.36 (KHTML, like Gecko) Chrome/135.0.0.0 Safari/537.36 Edg/135.0.0.0','active'),(102,15,'hendry','hendry mojares','2026-02-19 16:09:16',NULL,NULL,'127.0.0.1','Mozilla/5.0 (Windows NT 10.0; Win64; x64) AppleWebKit/537.36 (KHTML, like Gecko) Chrome/145.0.0.0 Safari/537.36 Edg/145.0.0.0','active'),(103,14,'Chrollo','Alex Andrei Pamplona','2026-02-20 00:40:18','2026-02-20 00:40:18',0,'::1','Mozilla/5.0 (Windows NT 10.0; Win64; x64) AppleWebKit/537.36 (KHTML, like Gecko) Chrome/135.0.0.0 Safari/537.36 Edg/135.0.0.0','logged_out'),(104,14,'Chrollo','Alex Andrei Pamplona','2026-02-20 00:40:20','2026-02-20 01:10:03',29,'::1','Mozilla/5.0 (Windows NT 10.0; Win64; x64) AppleWebKit/537.36 (KHTML, like Gecko) Chrome/135.0.0.0 Safari/537.36 Edg/135.0.0.0','logged_out'),(105,14,'Chrollo','Alex Andrei Pamplona','2026-02-20 01:19:07',NULL,NULL,'::1','Mozilla/5.0 (Windows NT 10.0; Win64; x64) AppleWebKit/537.36 (KHTML, like Gecko) Chrome/135.0.0.0 Safari/537.36 Edg/135.0.0.0','active'),(106,14,'Chrollo','Alex Andrei Pamplona','2026-02-20 02:25:19','2026-02-20 02:25:19',0,'::1','Mozilla/5.0 (Windows NT 10.0; Win64; x64) AppleWebKit/537.36 (KHTML, like Gecko) Chrome/135.0.0.0 Safari/537.36 Edg/135.0.0.0','logged_out'),(107,14,'Chrollo','Alex Andrei Pamplona','2026-02-20 02:25:22','2026-02-20 02:53:52',28,'::1','Mozilla/5.0 (Windows NT 10.0; Win64; x64) AppleWebKit/537.36 (KHTML, like Gecko) Chrome/135.0.0.0 Safari/537.36 Edg/135.0.0.0','logged_out'),(108,19,'andrei123','Aexandrei','2026-02-20 02:54:01','2026-02-20 02:54:01',0,'::1','Mozilla/5.0 (Windows NT 10.0; Win64; x64) AppleWebKit/537.36 (KHTML, like Gecko) Chrome/135.0.0.0 Safari/537.36 Edg/135.0.0.0','logged_out'),(109,19,'andrei123','Aexandrei','2026-02-20 02:54:15','2026-02-20 02:57:22',3,'::1','Mozilla/5.0 (Windows NT 10.0; Win64; x64) AppleWebKit/537.36 (KHTML, like Gecko) Chrome/135.0.0.0 Safari/537.36 Edg/135.0.0.0','logged_out'),(110,14,'Chrollo','Alex Andrei Pamplona','2026-02-20 02:57:26','2026-02-20 02:57:26',0,'::1','Mozilla/5.0 (Windows NT 10.0; Win64; x64) AppleWebKit/537.36 (KHTML, like Gecko) Chrome/135.0.0.0 Safari/537.36 Edg/135.0.0.0','logged_out'),(111,14,'Chrollo','Alex Andrei Pamplona','2026-02-20 02:57:30',NULL,NULL,'::1','Mozilla/5.0 (Windows NT 10.0; Win64; x64) AppleWebKit/537.36 (KHTML, like Gecko) Chrome/135.0.0.0 Safari/537.36 Edg/135.0.0.0','active'),(112,14,'Chrollo','Alex Andrei Pamplona','2026-02-25 01:42:43','2026-02-25 01:42:43',0,'::1','Mozilla/5.0 (Windows NT 10.0; Win64; x64) AppleWebKit/537.36 (KHTML, like Gecko) Chrome/135.0.0.0 Safari/537.36 Edg/135.0.0.0','logged_out'),(113,14,'Chrollo','Alex Andrei Pamplona','2026-02-25 01:44:43','2026-02-25 01:51:33',6,'::1','Mozilla/5.0 (Windows NT 10.0; Win64; x64) AppleWebKit/537.36 (KHTML, like Gecko) Chrome/135.0.0.0 Safari/537.36 Edg/135.0.0.0','logged_out'),(114,14,'Chrollo','Alex Andrei Pamplona','2026-02-25 01:52:05','2026-02-25 02:02:19',10,'::1','Mozilla/5.0 (Windows NT 10.0; Win64; x64) AppleWebKit/537.36 (KHTML, like Gecko) Chrome/135.0.0.0 Safari/537.36 Edg/135.0.0.0','logged_out'),(115,14,'Chrollo','Alex Andrei Pamplona','2026-02-25 02:02:21','2026-02-25 02:47:56',45,'::1','Mozilla/5.0 (Windows NT 10.0; Win64; x64) AppleWebKit/537.36 (KHTML, like Gecko) Chrome/135.0.0.0 Safari/537.36 Edg/135.0.0.0','logged_out'),(116,14,'Chrollo','Alex Andrei Pamplona','2026-02-25 02:48:51',NULL,NULL,'::1','Mozilla/5.0 (Windows NT 10.0; Win64; x64) AppleWebKit/537.36 (KHTML, like Gecko) Chrome/135.0.0.0 Safari/537.36 Edg/135.0.0.0','active'),(117,14,'Chrollo','Alex Andrei Pamplona','2026-02-26 09:10:37',NULL,NULL,'::1','Mozilla/5.0 (Windows NT 10.0; Win64; x64) AppleWebKit/537.36 (KHTML, like Gecko) Chrome/135.0.0.0 Safari/537.36 Edg/135.0.0.0','active'),(118,14,'Chrollo','Alex Andrei Pamplona','2026-02-26 09:47:11',NULL,NULL,'::1','Mozilla/5.0 (Windows NT 10.0; Win64; x64) AppleWebKit/537.36 (KHTML, like Gecko) Chrome/135.0.0.0 Safari/537.36 Edg/135.0.0.0','active'),(119,14,'Chrollo','Alex Andrei Pamplona','2026-02-26 10:19:34','2026-02-26 20:35:32',615,'::1','Mozilla/5.0 (Windows NT 10.0; Win64; x64) AppleWebKit/537.36 (KHTML, like Gecko) Chrome/135.0.0.0 Safari/537.36 Edg/135.0.0.0','logged_out'),(120,13,'cess','cess','2026-02-26 10:19:37','2026-02-26 10:19:56',0,'127.0.0.1','Mozilla/5.0 (Windows NT 10.0; Win64; x64) AppleWebKit/537.36 (KHTML, like Gecko) Chrome/145.0.0.0 Safari/537.36 Edg/145.0.0.0','logged_out'),(121,15,'hendry','hendry mojares','2026-02-26 10:20:06','2026-02-26 12:07:02',106,'127.0.0.1','Mozilla/5.0 (Windows NT 10.0; Win64; x64) AppleWebKit/537.36 (KHTML, like Gecko) Chrome/145.0.0.0 Safari/537.36 Edg/145.0.0.0','logged_out'),(122,13,'cess','cess','2026-02-26 12:07:08',NULL,NULL,'127.0.0.1','Mozilla/5.0 (Windows NT 10.0; Win64; x64) AppleWebKit/537.36 (KHTML, like Gecko) Chrome/145.0.0.0 Safari/537.36 Edg/145.0.0.0','active'),(123,13,'cess','cess','2026-02-26 12:53:57','2026-02-26 13:00:12',6,'127.0.0.1','Mozilla/5.0 (Windows NT 10.0; Win64; x64) AppleWebKit/537.36 (KHTML, like Gecko) Chrome/145.0.0.0 Safari/537.36 Edg/145.0.0.0','logged_out'),(124,15,'hendry','hendry mojares','2026-02-26 13:00:18',NULL,NULL,'127.0.0.1','Mozilla/5.0 (Windows NT 10.0; Win64; x64) AppleWebKit/537.36 (KHTML, like Gecko) Chrome/145.0.0.0 Safari/537.36 Edg/145.0.0.0','active'),(125,14,'Chrollo','Alex Andrei Pamplona','2026-02-26 20:36:58','2026-02-26 22:29:59',113,'::1','Mozilla/5.0 (Windows NT 10.0; Win64; x64) AppleWebKit/537.36 (KHTML, like Gecko) Chrome/135.0.0.0 Safari/537.36 Edg/135.0.0.0','logged_out'),(126,15,'hendry','hendry mojares','2026-02-26 22:30:02','2026-02-26 22:31:57',1,'127.0.0.1','Mozilla/5.0 (Windows NT 10.0; Win64; x64) AppleWebKit/537.36 (KHTML, like Gecko) Chrome/145.0.0.0 Safari/537.36 Edg/145.0.0.0','logged_out'),(127,14,'Chrollo','Alex Andrei Pamplona','2026-02-26 22:30:48','2026-02-26 22:34:03',3,'::1','Mozilla/5.0 (Linux; Android 6.0; Nexus 5 Build/MRA58N) AppleWebKit/537.36 (KHTML, like Gecko) Chrome/135.0.0.0 Mobile Safari/537.36 Edg/135.0.0.0','logged_out'),(128,15,'hendry','hendry mojares','2026-02-26 22:34:22','2026-02-26 23:23:43',49,'127.0.0.1','Mozilla/5.0 (Windows NT 10.0; Win64; x64) AppleWebKit/537.36 (KHTML, like Gecko) Chrome/145.0.0.0 Safari/537.36 Edg/145.0.0.0','logged_out'),(129,14,'Chrollo','Alex Andrei Pamplona','2026-02-26 22:34:22','2026-02-26 22:41:50',7,'::1','Mozilla/5.0 (Windows NT 10.0; Win64; x64) AppleWebKit/537.36 (KHTML, like Gecko) Chrome/135.0.0.0 Safari/537.36 Edg/135.0.0.0','logged_out'),(130,14,'Chrollo','Alex Andrei Pamplona','2026-02-26 22:43:20','2026-02-26 22:44:28',1,'::1','Mozilla/5.0 (Windows NT 10.0; Win64; x64) AppleWebKit/537.36 (KHTML, like Gecko) Chrome/135.0.0.0 Safari/537.36 Edg/135.0.0.0','logged_out'),(131,14,'Chrollo','Alex Andrei Pamplona','2026-02-26 22:45:50',NULL,NULL,'::1','Mozilla/5.0 (Windows NT 10.0; Win64; x64) AppleWebKit/537.36 (KHTML, like Gecko) Chrome/135.0.0.0 Safari/537.36 Edg/135.0.0.0','active'),(132,13,'cess','cess','2026-02-26 23:23:51','2026-02-26 23:27:47',3,'127.0.0.1','Mozilla/5.0 (Windows NT 10.0; Win64; x64) AppleWebKit/537.36 (KHTML, like Gecko) Chrome/145.0.0.0 Safari/537.36 Edg/145.0.0.0','logged_out'),(133,15,'hendry','hendry mojares','2026-02-26 23:27:53',NULL,NULL,'127.0.0.1','Mozilla/5.0 (Windows NT 10.0; Win64; x64) AppleWebKit/537.36 (KHTML, like Gecko) Chrome/145.0.0.0 Safari/537.36 Edg/145.0.0.0','active'),(134,14,'Chrollo','Alex Andrei Pamplona','2026-02-28 01:54:31','2026-02-28 02:39:11',44,'::1','Mozilla/5.0 (Windows NT 10.0; Win64; x64) AppleWebKit/537.36 (KHTML, like Gecko) Chrome/135.0.0.0 Safari/537.36 Edg/135.0.0.0','logged_out'),(135,14,'Chrollo','Alex Andrei Pamplona','2026-02-28 02:39:43','2026-02-28 02:39:58',0,'::1','Mozilla/5.0 (Windows NT 10.0; Win64; x64) AppleWebKit/537.36 (KHTML, like Gecko) Chrome/135.0.0.0 Safari/537.36 Edg/135.0.0.0','logged_out'),(136,14,'Chrollo','Alex Andrei Pamplona','2026-02-28 02:41:36','2026-02-28 02:41:42',0,'::1','Mozilla/5.0 (Windows NT 10.0; Win64; x64) AppleWebKit/537.36 (KHTML, like Gecko) Chrome/135.0.0.0 Safari/537.36 Edg/135.0.0.0','logged_out'),(137,27,'KRULU','ANDREIPAMPLONA','2026-02-28 02:42:01','2026-02-28 02:42:21',0,'::1','Mozilla/5.0 (Windows NT 10.0; Win64; x64) AppleWebKit/537.36 (KHTML, like Gecko) Chrome/135.0.0.0 Safari/537.36 Edg/135.0.0.0','logged_out'),(138,14,'Chrollo','Alex Andrei Pamplona','2026-02-28 02:42:58',NULL,NULL,'::1','Mozilla/5.0 (Windows NT 10.0; Win64; x64) AppleWebKit/537.36 (KHTML, like Gecko) Chrome/135.0.0.0 Safari/537.36 Edg/135.0.0.0','active'),(139,27,'KRULU','ANDREIPAMPLONA','2026-02-28 02:43:47',NULL,NULL,'::1','Mozilla/5.0 (Windows NT 10.0; Win64; x64) AppleWebKit/537.36 (KHTML, like Gecko) Chrome/135.0.0.0 Safari/537.36 Edg/135.0.0.0','active'),(140,14,'Chrollo','Alex Andrei Pamplona','2026-02-28 11:22:54',NULL,NULL,'::1','Mozilla/5.0 (Windows NT 10.0; Win64; x64) AppleWebKit/537.36 (KHTML, like Gecko) Chrome/135.0.0.0 Safari/537.36 Edg/135.0.0.0','active'),(141,14,'Chrollo','Alex Andrei Pamplona','2026-03-01 01:51:09',NULL,NULL,'::1','Mozilla/5.0 (Windows NT 10.0; Win64; x64) AppleWebKit/537.36 (KHTML, like Gecko) Chrome/135.0.0.0 Safari/537.36 Edg/135.0.0.0','active'),(142,13,'cess','cess','2026-03-02 08:57:49','2026-03-02 09:05:33',7,'127.0.0.1','Mozilla/5.0 (Windows NT 10.0; Win64; x64) AppleWebKit/537.36 (KHTML, like Gecko) Chrome/145.0.0.0 Safari/537.36 Edg/145.0.0.0','logged_out'),(143,14,'Chrollo','Alex Andrei Pamplona','2026-03-02 09:00:51','2026-03-02 09:17:41',16,'::1','Mozilla/5.0 (Windows NT 10.0; Win64; x64) AppleWebKit/537.36 (KHTML, like Gecko) Chrome/135.0.0.0 Safari/537.36 Edg/135.0.0.0','logged_out'),(144,15,'hendry','hendry mojares','2026-03-02 09:06:40','2026-03-02 09:10:17',3,'127.0.0.1','Mozilla/5.0 (Windows NT 10.0; Win64; x64) AppleWebKit/537.36 (KHTML, like Gecko) Chrome/145.0.0.0 Safari/537.36 Edg/145.0.0.0','logged_out'),(145,13,'cess','cess','2026-03-02 09:10:25','2026-03-02 09:11:02',0,'127.0.0.1','Mozilla/5.0 (Windows NT 10.0; Win64; x64) AppleWebKit/537.36 (KHTML, like Gecko) Chrome/145.0.0.0 Safari/537.36 Edg/145.0.0.0','logged_out'),(146,15,'hendry','hendry mojares','2026-03-02 09:11:13','2026-03-02 09:17:59',6,'127.0.0.1','Mozilla/5.0 (Windows NT 10.0; Win64; x64) AppleWebKit/537.36 (KHTML, like Gecko) Chrome/145.0.0.0 Safari/537.36 Edg/145.0.0.0','logged_out'),(147,14,'Chrollo','Alex Andrei Pamplona','2026-03-02 09:17:59','2026-03-02 09:18:09',0,'::1','Mozilla/5.0 (Windows NT 10.0; Win64; x64) AppleWebKit/537.36 (KHTML, like Gecko) Chrome/135.0.0.0 Safari/537.36 Edg/135.0.0.0','logged_out'),(148,14,'Chrollo','Alex Andrei Pamplona','2026-03-02 09:18:29','2026-03-02 10:32:12',73,'::1','Mozilla/5.0 (Windows NT 10.0; Win64; x64) AppleWebKit/537.36 (KHTML, like Gecko) Chrome/135.0.0.0 Safari/537.36 Edg/135.0.0.0','logged_out'),(149,15,'hendry','hendry mojares','2026-03-02 09:18:51',NULL,NULL,'127.0.0.1','Mozilla/5.0 (Windows NT 10.0; Win64; x64) AppleWebKit/537.36 (KHTML, like Gecko) Chrome/145.0.0.0 Safari/537.36 Edg/145.0.0.0','active'),(150,28,'demo','Demo Viewer','2026-03-02 10:32:57',NULL,NULL,'::1','Mozilla/5.0 (Windows NT 10.0; Win64; x64) AppleWebKit/537.36 (KHTML, like Gecko) Chrome/135.0.0.0 Safari/537.36 Edg/135.0.0.0','active'),(151,14,'Chrollo','Alex Andrei Pamplona','2026-03-02 22:59:24',NULL,NULL,'::1','Mozilla/5.0 (Windows NT 10.0; Win64; x64) AppleWebKit/537.36 (KHTML, like Gecko) Chrome/135.0.0.0 Safari/537.36 Edg/135.0.0.0','active'),(152,14,'Chrollo','Alex Andrei Pamplona','2026-03-03 16:43:06','2026-03-03 18:04:08',81,'::1','Mozilla/5.0 (Windows NT 10.0; Win64; x64) AppleWebKit/537.36 (KHTML, like Gecko) Chrome/135.0.0.0 Safari/537.36 Edg/135.0.0.0','logged_out'),(153,14,'Chrollo','Alex Andrei Pamplona','2026-03-03 18:07:32',NULL,NULL,'::1','Mozilla/5.0 (Windows NT 10.0; Win64; x64) AppleWebKit/537.36 (KHTML, like Gecko) Chrome/135.0.0.0 Safari/537.36 Edg/135.0.0.0','active'),(154,14,'Chrollo','Alex Andrei Pamplona','2026-03-03 23:21:41','2026-03-03 23:29:33',7,'::1','Mozilla/5.0 (Windows NT 10.0; Win64; x64) AppleWebKit/537.36 (KHTML, like Gecko) Chrome/135.0.0.0 Safari/537.36 Edg/135.0.0.0','logged_out'),(155,14,'Chrollo','Alex Andrei Pamplona','2026-03-03 23:44:01','2026-03-04 07:03:29',439,'::1','Mozilla/5.0 (Windows NT 10.0; Win64; x64) AppleWebKit/537.36 (KHTML, like Gecko) Chrome/135.0.0.0 Safari/537.36 Edg/135.0.0.0','logged_out'),(156,14,'Chrollo','Alex Andrei Pamplona','2026-03-04 07:03:32','2026-03-04 08:08:07',64,'::1','Mozilla/5.0 (Windows NT 10.0; Win64; x64) AppleWebKit/537.36 (KHTML, like Gecko) Chrome/135.0.0.0 Safari/537.36 Edg/135.0.0.0','logged_out'),(157,14,'Chrollo','Alex Andrei Pamplona','2026-03-04 08:08:14','2026-03-04 10:48:24',160,'::1','Mozilla/5.0 (Windows NT 10.0; Win64; x64) AppleWebKit/537.36 (KHTML, like Gecko) Chrome/135.0.0.0 Safari/537.36 Edg/135.0.0.0','logged_out'),(158,14,'Chrollo','Alex Andrei Pamplona','2026-03-04 10:48:32',NULL,NULL,'::1','Mozilla/5.0 (Windows NT 10.0; Win64; x64) AppleWebKit/537.36 (KHTML, like Gecko) Chrome/135.0.0.0 Safari/537.36 Edg/135.0.0.0','active'),(159,14,'Chrollo','Alex Andrei Pamplona','2026-03-05 09:13:01',NULL,NULL,'::1','Mozilla/5.0 (Windows NT 10.0; Win64; x64) AppleWebKit/537.36 (KHTML, like Gecko) Chrome/135.0.0.0 Safari/537.36 Edg/135.0.0.0','active'),(160,14,'Chrollo','Alex Andrei Pamplona','2026-03-06 10:21:20',NULL,NULL,'::1','Mozilla/5.0 (Windows NT 10.0; Win64; x64) AppleWebKit/537.36 (KHTML, like Gecko) Chrome/135.0.0.0 Safari/537.36 Edg/135.0.0.0','active'),(161,14,'Chrollo','Alex Andrei Pamplona','2026-03-06 23:50:23',NULL,NULL,'::1','Mozilla/5.0 (Windows NT 10.0; Win64; x64) AppleWebKit/537.36 (KHTML, like Gecko) Chrome/135.0.0.0 Safari/537.36 Edg/135.0.0.0','active'),(162,14,'Chrollo','Alex Andrei Pamplona','2026-03-08 00:44:13','2026-03-08 08:17:33',453,'::1','Mozilla/5.0 (Windows NT 10.0; Win64; x64) AppleWebKit/537.36 (KHTML, like Gecko) Chrome/135.0.0.0 Safari/537.36 Edg/135.0.0.0','logged_out'),(163,14,'Chrollo','Alex Andrei Pamplona','2026-03-08 08:17:35',NULL,NULL,'::1','Mozilla/5.0 (Windows NT 10.0; Win64; x64) AppleWebKit/537.36 (KHTML, like Gecko) Chrome/135.0.0.0 Safari/537.36 Edg/135.0.0.0','active');
/*!40000 ALTER TABLE `login_sessions` ENABLE KEYS */;
UNLOCK TABLES;

--
-- Table structure for table `loyalty_members`
--

DROP TABLE IF EXISTS `loyalty_members`;
/*!40101 SET @saved_cs_client     = @@character_set_client */;
/*!40101 SET character_set_client = utf8 */;
CREATE TABLE `loyalty_members` (
  `member_id` int(11) NOT NULL AUTO_INCREMENT,
  `name` varchar(100) NOT NULL,
  `email` varchar(100) DEFAULT NULL,
  `phone` varchar(20) DEFAULT NULL,
  `points` decimal(12,2) NOT NULL DEFAULT 0.00,
  `member_since` date DEFAULT (CURDATE()),
  `created_at` timestamp NOT NULL DEFAULT CURRENT_TIMESTAMP,
  `user_id` int(11) DEFAULT NULL,
  PRIMARY KEY (`member_id`),
  UNIQUE KEY `phone` (`phone`),
  KEY `idx_user_id` (`user_id`)
) ENGINE=InnoDB AUTO_INCREMENT=9 DEFAULT CHARSET=utf8mb4 COLLATE=utf8mb4_general_ci;
/*!40101 SET character_set_client = @saved_cs_client */;

--
-- Dumping data for table `loyalty_members`
--

LOCK TABLES `loyalty_members` WRITE;
/*!40000 ALTER TABLE `loyalty_members` DISABLE KEYS */;
INSERT INTO `loyalty_members` VALUES (3,'anreipamplona','darlingdaaling@gmail.com',NULL,0.00,'2026-02-18','2026-02-18 06:56:14',26),(4,'cess','karazen081@gmail.com','',25.00,'2026-02-18','2026-02-18 06:58:57',13),(6,'Alex Andrei Pamplona','akosialexandrei@gmail.com',NULL,0.00,'2026-02-18','2026-02-18 07:57:58',14),(8,'Aexandrei','dominikdimitri764@gmail.com',NULL,50.00,'2026-02-20','2026-02-19 18:58:48',NULL);
/*!40000 ALTER TABLE `loyalty_members` ENABLE KEYS */;
UNLOCK TABLES;

--
-- Table structure for table `loyalty_points_log`
--

DROP TABLE IF EXISTS `loyalty_points_log`;
/*!40101 SET @saved_cs_client     = @@character_set_client */;
/*!40101 SET character_set_client = utf8 */;
CREATE TABLE `loyalty_points_log` (
  `log_id` int(11) NOT NULL AUTO_INCREMENT,
  `member_id` int(11) NOT NULL,
  `points` decimal(12,2) NOT NULL,
  `transaction_type` enum('EARN','REDEEM','QR_SCAN','BONUS','ADJUSTMENT') NOT NULL DEFAULT 'EARN',
  `reference_id` varchar(50) DEFAULT NULL,
  `created_at` timestamp NOT NULL DEFAULT CURRENT_TIMESTAMP,
  `description` text DEFAULT NULL,
  PRIMARY KEY (`log_id`),
  KEY `member_id` (`member_id`),
  CONSTRAINT `loyalty_points_log_ibfk_1` FOREIGN KEY (`member_id`) REFERENCES `loyalty_members` (`member_id`) ON DELETE CASCADE
) ENGINE=InnoDB AUTO_INCREMENT=30 DEFAULT CHARSET=utf8mb4 COLLATE=utf8mb4_general_ci;
/*!40101 SET character_set_client = @saved_cs_client */;

--
-- Dumping data for table `loyalty_points_log`
--

LOCK TABLES `loyalty_points_log` WRITE;
/*!40000 ALTER TABLE `loyalty_points_log` DISABLE KEYS */;
INSERT INTO `loyalty_points_log` VALUES (2,3,1.00,'QR_SCAN','QR-RWD-922AB0D7D46A-1771397756','2026-02-18 06:56:31','Scanned reward QR code from online purchase'),(3,3,1.00,'QR_SCAN','QR-RWD-BEB835174C2A-1771397827','2026-02-18 06:57:19','Scanned reward QR code from online purchase'),(4,4,1.00,'QR_SCAN','QR-RWD-ABE1251F37D2-1770965339','2026-02-18 06:58:57','Scanned reward QR code from online purchase'),(5,3,75.00,'EARN','ORDER-17','2026-02-18 07:12:31',NULL),(6,3,25.00,'QR_SCAN','QR-RWD-5B4B4077A3AF-1771398977','2026-02-18 07:16:33','Scanned reward QR code from online purchase'),(7,3,50.00,'EARN','ORDER-19','2026-02-18 07:24:16',NULL),(8,3,-152.00,'REDEEM','ORDER-22','2026-02-18 07:54:12',NULL),(9,3,25.00,'EARN','ORDER-23','2026-02-18 07:57:20',NULL),(10,3,25.00,'EARN','ORDER-24','2026-02-18 07:59:36',NULL),(11,3,150.00,'EARN','ORDER-25','2026-02-18 08:00:32',NULL),(12,6,1.00,'QR_SCAN','QR-RWD-08D9FBEF9DDD-1771393640','2026-02-18 09:26:36','Scanned reward QR code from online purchase'),(13,6,1.00,'QR_SCAN','QR-RWD-4582DEFBAACE-1771332035','2026-02-18 09:26:38','Scanned reward QR code from online purchase'),(14,6,1.00,'QR_SCAN','QR-RWD-064E11DC2C45-1771328946','2026-02-18 09:26:40','Scanned reward QR code from online purchase'),(15,6,1.00,'QR_SCAN','QR-RWD-8250536499D5-1771328910','2026-02-18 09:26:43','Scanned reward QR code from online purchase'),(16,6,1.00,'QR_SCAN','QR-RWD-F2CE44FC9A4E-1771138514','2026-02-18 09:26:45','Scanned reward QR code from in-store purchase'),(17,6,1.00,'QR_SCAN','QR-RWD-0D22031F6946-1771138491','2026-02-18 09:26:48','Scanned reward QR code from in-store purchase'),(18,6,1.00,'QR_SCAN','QR-RWD-ACB3F4DB4E76-1771138474','2026-02-18 09:26:50','Scanned reward QR code from online purchase'),(19,6,1.00,'QR_SCAN','QR-RWD-B9BE535237EA-1771137941','2026-02-18 09:26:53','Scanned reward QR code from online purchase'),(20,6,1.00,'QR_SCAN','QR-RWD-142FCE20C339-1771137966','2026-02-18 09:26:56','Scanned reward QR code from online purchase'),(21,6,1.00,'QR_SCAN','QR-RWD-8C6212EE6E75-1771138087','2026-02-18 09:26:59','Scanned reward QR code from online purchase'),(22,6,0.00,'QR_SCAN','QR-RWD-9E3E4F3FB9E2-1771413252','2026-02-18 11:14:40','Scanned reward QR code from in-store purchase'),(23,4,1.00,'QR_SCAN','QR-RWD-E1782D6706E4-1771323318','2026-02-19 03:55:34','Staff (hendry mojares) scanned receipt QR code for in-store purchase'),(24,3,25.00,'EARN','ORDER-18','2026-02-19 04:18:19',NULL),(25,8,50.00,'EARN','ORDER-15','2026-02-19 18:58:48',NULL),(26,4,-2.00,'REDEEM','ORDER-26','2026-02-26 04:59:25',NULL),(27,4,25.00,'EARN','ORDER-26','2026-02-26 05:01:04',NULL),(28,3,-225.00,'REDEEM','TX-72218374-113','2026-02-27 18:52:54',NULL),(29,6,-10.00,'REDEEM','TX-72930522-105','2026-03-08 00:42:02',NULL);
/*!40000 ALTER TABLE `loyalty_points_log` ENABLE KEYS */;
UNLOCK TABLES;

--
-- Table structure for table `notification_reads`
--

DROP TABLE IF EXISTS `notification_reads`;
/*!40101 SET @saved_cs_client     = @@character_set_client */;
/*!40101 SET character_set_client = utf8 */;
CREATE TABLE `notification_reads` (
  `read_id` int(11) NOT NULL AUTO_INCREMENT,
  `user_id` int(11) NOT NULL,
  `notification_key` varchar(191) NOT NULL,
  `read_at` timestamp NOT NULL DEFAULT CURRENT_TIMESTAMP,
  PRIMARY KEY (`read_id`),
  UNIQUE KEY `uniq_user_notif` (`user_id`,`notification_key`),
  KEY `idx_user` (`user_id`)
) ENGINE=InnoDB AUTO_INCREMENT=11 DEFAULT CHARSET=utf8mb4 COLLATE=utf8mb4_general_ci;
/*!40101 SET character_set_client = @saved_cs_client */;

--
-- Dumping data for table `notification_reads`
--

LOCK TABLES `notification_reads` WRITE;
/*!40000 ALTER TABLE `notification_reads` DISABLE KEYS */;
INSERT INTO `notification_reads` VALUES (1,14,'7820497f3bd0d6779d577de43f23c8214c4f74d67c94256a754bb91871654452','2026-02-19 03:37:29'),(2,14,'b7c5257f515f98c9b4cd5d1a7d4ba5289f25ac9e32cb1958f220c68876a9c157','2026-02-19 03:37:29'),(3,14,'4a9acfddd88ff4065397c50d6c107c42ebadb3799809ee6cc5dd8139a5b853b6','2026-02-19 03:37:29'),(4,14,'3fed5bbbfb9c9ae180befe7acddc2bac2bd62580d13ddf74dfa96627fc99069b','2026-02-19 03:37:29'),(5,14,'0f48acc33b61fec9d2c84faf069d376266442a451976ea1db7014d791a83d126','2026-02-19 03:37:29'),(6,14,'4ab761e1e26b728ff52719d46c30dda5ae1cfb2e7f8f9c452b11ff449232f4c4','2026-02-19 03:37:29'),(7,14,'6bdd480503a57d268c482f677135d0fb428f2583872d87e5c8b2d1bf09b0cdcc','2026-02-19 03:37:29'),(8,14,'953667f9370e43bb0c8f681557b5cf18008bec68a20afd20fb6e8b8e0254b34b','2026-02-19 03:37:29'),(9,14,'281e02ce4e739aa8a5b3ca958025bc86dfec7e13addc46ea17411882d2f351b3','2026-02-26 02:29:27'),(10,14,'a1a29b3f52d20951557b592b41a2a475b6b8aab6c45df576991fb27e9d43c565','2026-02-26 15:52:13');
/*!40000 ALTER TABLE `notification_reads` ENABLE KEYS */;
UNLOCK TABLES;

--
-- Table structure for table `online_order_items`
--

DROP TABLE IF EXISTS `online_order_items`;
/*!40101 SET @saved_cs_client     = @@character_set_client */;
/*!40101 SET character_set_client = utf8 */;
CREATE TABLE `online_order_items` (
  `item_id` int(11) NOT NULL AUTO_INCREMENT,
  `order_id` int(11) NOT NULL,
  `product_id` int(11) NOT NULL,
  `product_name` varchar(255) NOT NULL,
  `quantity` int(11) NOT NULL,
  `price` decimal(10,2) NOT NULL,
  `subtotal` decimal(10,2) NOT NULL,
  PRIMARY KEY (`item_id`),
  KEY `order_id` (`order_id`),
  CONSTRAINT `online_order_items_ibfk_1` FOREIGN KEY (`order_id`) REFERENCES `online_orders` (`order_id`) ON DELETE CASCADE
) ENGINE=InnoDB AUTO_INCREMENT=46 DEFAULT CHARSET=utf8mb4 COLLATE=utf8mb4_general_ci;
/*!40101 SET character_set_client = @saved_cs_client */;

--
-- Dumping data for table `online_order_items`
--

LOCK TABLES `online_order_items` WRITE;
/*!40000 ALTER TABLE `online_order_items` DISABLE KEYS */;
INSERT INTO `online_order_items` VALUES (1,1,56,'Benadryl Cough Syrup',1,165.00,165.00),(2,2,15,'Advil Liqui-Gels 200mg',1,250.00,250.00),(3,3,238,'Acyclovir 200mg',1,95.00,95.00),(4,4,226,'Althea 21s',2,650.00,1300.00),(5,4,238,'Acyclovir 200mg',1,95.00,95.00),(6,4,237,'Acyclovir 400mg (Herpes)',1,180.00,180.00),(7,5,226,'Althea 21s',1,650.00,650.00),(8,5,167,'Amlodipine 5mg (RiteMed)',1,42.00,42.00),(9,6,226,'Althea 21s',1,650.00,650.00),(10,7,226,'Althea 21s',1,650.00,650.00),(11,8,24,'Alaxan FR',1,115.00,115.00),(12,9,14,'Advil 200mg Tablet',2,180.00,360.00),(13,9,24,'Alaxan FR',2,115.00,230.00),(14,9,15,'Advil Liqui-Gels 200mg',7,250.00,1750.00),(15,9,25,'Bayer Aspirin 500mg',1,120.00,120.00),(16,10,189,'Alcohol Swabs 100s',1,85.00,85.00),(17,11,66,'Ascof Lagundi 600mg',1,85.00,85.00),(18,11,70,'Bactidol Mouthwash 250mL',6,180.00,1080.00),(19,12,86,'Ferrous Sulfate 325mg 100s',1,65.00,65.00),(20,13,237,'Acyclovir 400mg (Herpes)',1,180.00,180.00),(21,14,237,'Acyclovir 400mg (Herpes)',1,180.00,180.00),(22,14,238,'Acyclovir 200mg',1,95.00,95.00),(23,15,234,'Doxycycline 100mg (STI Course 14s)',4,280.00,1120.00),(24,16,238,'Acyclovir 200mg',1,95.00,95.00),(25,17,237,'Acyclovir 400mg (Herpes)',6,180.00,1080.00),(26,17,233,'Azithromycin 1g Single Dose',1,120.00,120.00),(27,17,192,'Durex Fetherlite 12s',1,340.00,340.00),(28,18,238,'Acyclovir 200mg',3,95.00,285.00),(29,18,193,'Durex Extra Safe 3s',4,90.00,360.00),(30,18,194,'Durex Pleasuremax 3s',1,95.00,95.00),(31,19,31,'Amoxicillin 250mg/5mL Suspension',1,85.00,85.00),(32,19,32,'Amoxicillin 500mg (Amoxil)',1,180.00,180.00),(33,19,30,'Amoxicillin 500mg (RiteMed)',1,96.00,96.00),(34,19,33,'Augmentin 625mg',1,950.00,950.00),(35,19,39,'Azithromycin 500mg (RiteMed)',1,180.00,180.00),(36,20,82,'Caltrate Plus 600+D 30s',1,520.00,520.00),(37,21,133,'Acyclovir 5% Cream 5g',4,120.00,480.00),(38,22,219,'Clearblue Digital',1,450.00,450.00),(39,23,145,'Cotton Balls 50g',6,25.00,150.00),(40,23,137,'Band-Aid Flexible Fabric 30s',9,65.00,585.00),(41,24,104,'Buscopan 10mg',4,150.00,600.00),(42,25,188,'Glucometer Test Strips 25s',5,650.00,3250.00),(43,26,226,'Althea 21s',1,650.00,650.00),(44,27,226,'Althea 21s',1,650.00,650.00),(45,28,15,'Advil Liqui-Gels 200mg',1,250.00,250.00);
/*!40000 ALTER TABLE `online_order_items` ENABLE KEYS */;
UNLOCK TABLES;

--
-- Table structure for table `online_orders`
--

DROP TABLE IF EXISTS `online_orders`;
/*!40101 SET @saved_cs_client     = @@character_set_client */;
/*!40101 SET character_set_client = utf8 */;
CREATE TABLE `online_orders` (
  `order_id` int(11) NOT NULL AUTO_INCREMENT,
  `customer_id` int(11) DEFAULT NULL,
  `customer_name` varchar(100) NOT NULL,
  `contact_number` varchar(20) DEFAULT NULL,
  `email` varchar(100) DEFAULT NULL,
  `status` enum('Pending','Confirmed','Preparing','Ready','Completed','Cancelled') DEFAULT 'Pending',
  `requires_rx_approval` tinyint(1) DEFAULT 0,
  `pharmacist_approved_by` int(11) DEFAULT NULL,
  `pharmacist_approved_at` datetime DEFAULT NULL,
  `rx_notes` text DEFAULT NULL,
  `total_amount` decimal(10,2) NOT NULL,
  `payment_method` varchar(50) DEFAULT 'Cash on Pickup',
  `notes` text DEFAULT NULL,
  `created_at` timestamp NOT NULL DEFAULT CURRENT_TIMESTAMP,
  `updated_at` timestamp NOT NULL DEFAULT CURRENT_TIMESTAMP ON UPDATE current_timestamp(),
  `picked_up_at` datetime DEFAULT NULL,
  `picked_up_by` varchar(100) DEFAULT NULL,
  `pos_sale_id` int(11) DEFAULT NULL,
  `sc_pwd_claimed` tinyint(1) NOT NULL DEFAULT 0,
  PRIMARY KEY (`order_id`),
  KEY `fk_pharmacist_approval` (`pharmacist_approved_by`),
  KEY `fk_online_orders_sale` (`pos_sale_id`),
  KEY `idx_online_orders_created` (`created_at`),
  CONSTRAINT `fk_online_orders_sale` FOREIGN KEY (`pos_sale_id`) REFERENCES `sales` (`sale_id`) ON DELETE SET NULL,
  CONSTRAINT `fk_pharmacist_approval` FOREIGN KEY (`pharmacist_approved_by`) REFERENCES `users` (`user_id`) ON DELETE SET NULL
) ENGINE=InnoDB AUTO_INCREMENT=29 DEFAULT CHARSET=utf8mb4 COLLATE=utf8mb4_general_ci;
/*!40101 SET character_set_client = @saved_cs_client */;

--
-- Dumping data for table `online_orders`
--

LOCK TABLES `online_orders` WRITE;
/*!40000 ALTER TABLE `online_orders` DISABLE KEYS */;
INSERT INTO `online_orders` VALUES (1,13,'cess','','karazen081@gmail.com','Completed',0,NULL,NULL,NULL,165.00,'Cash on Pickup',NULL,'2026-02-13 06:04:14','2026-02-13 06:58:21',NULL,NULL,NULL,0),(2,13,'cess','','karazen081@gmail.com','Completed',0,NULL,NULL,NULL,250.00,'Cash on Pickup',NULL,'2026-02-13 06:48:59','2026-02-13 06:58:13',NULL,NULL,NULL,0),(3,1,'System Administrator','','admin@callowaypharmacy.com','Completed',0,NULL,NULL,NULL,95.00,'Cash on Pickup',NULL,'2026-02-13 13:21:37','2026-02-15 06:47:21',NULL,NULL,NULL,0),(4,14,'Alex Andrei Pamplona','','akosialexandrei@gmail.com','Completed',0,NULL,NULL,NULL,1575.00,'Cash on Pickup',NULL,'2026-02-15 06:45:41','2026-02-15 06:47:17',NULL,NULL,NULL,0),(5,14,'Alex Andrei Pamplona','','akosialexandrei@gmail.com','Completed',0,NULL,NULL,NULL,692.00,'Cash on Pickup',NULL,'2026-02-15 06:46:06','2026-02-15 06:47:13',NULL,NULL,NULL,0),(6,14,'Alex Andrei Pamplona','','akosialexandrei@gmail.com','Completed',0,NULL,NULL,NULL,650.00,'Cash on Pickup',NULL,'2026-02-15 06:48:07','2026-02-17 10:58:17','2026-02-17 18:58:17','15',17,0),(7,14,'Alex Andrei Pamplona','','akosialexandrei@gmail.com','Completed',0,NULL,NULL,NULL,650.00,'Cash on Pickup',NULL,'2026-02-15 06:54:34','2026-02-17 10:58:10','2026-02-17 18:58:10','15',16,0),(8,NULL,'Guest','','','Completed',0,NULL,NULL,NULL,115.00,'Cash on Pickup',NULL,'2026-02-15 13:54:32','2026-02-17 10:57:55','2026-02-17 18:57:55','15',15,0),(9,14,'Alex Andrei Pamplona','','akosialexandrei@gmail.com','Completed',0,NULL,NULL,NULL,2460.00,'Cash on Pickup',NULL,'2026-02-17 11:48:30','2026-02-17 11:50:13','2026-02-17 19:50:13','14',19,0),(10,14,'Alex Andrei Pamplona','','akosialexandrei@gmail.com','Completed',0,NULL,NULL,NULL,85.00,'Cash on Pickup',NULL,'2026-02-17 11:49:06','2026-02-17 11:49:53','2026-02-17 19:49:53','14',18,0),(11,17,'akosiandrei123','','darlingdaaling@gmail.com','Completed',0,NULL,NULL,NULL,1165.00,'Cash on Pickup',NULL,'2026-02-17 12:06:58','2026-02-17 12:07:27','2026-02-17 20:07:27','15',22,0),(12,14,'Alex Andrei Pamplona','','akosialexandrei@gmail.com','Completed',0,NULL,NULL,NULL,65.00,'Cash on Pickup',NULL,'2026-02-17 12:40:34','2026-02-17 12:57:29','2026-02-17 20:57:29','14',25,0),(13,19,'Aexandrei','','dominikdimitri764@gmail.com','Completed',0,NULL,NULL,NULL,180.00,'Cash on Pickup',NULL,'2026-02-17 12:45:41','2026-02-17 12:56:07','2026-02-17 20:56:07','14',23,0),(14,14,'Alex Andrei Pamplona','','akosialexandrei@gmail.com','Completed',0,NULL,NULL,NULL,220.00,'Cash on Pickup',NULL,'2026-02-18 05:47:19','2026-02-19 18:59:03','2026-02-20 02:59:03','14',79,0),(15,19,'Aexandrei','','dominikdimitri764@gmail.com','Completed',0,NULL,NULL,NULL,1120.00,'Cash on Pickup',NULL,'2026-02-18 06:14:57','2026-02-19 18:58:48','2026-02-20 02:58:48','14',77,0),(16,26,'anreipamplona','','darlingdaaling@gmail.com','Completed',0,NULL,NULL,NULL,95.00,'Cash on Pickup',NULL,'2026-02-18 06:55:56','2026-02-18 06:56:14','2026-02-18 14:56:14','14',36,0),(17,26,'anreipamplona','','darlingdaaling@gmail.com','Completed',0,NULL,NULL,NULL,1540.00,'Cash on Pickup',NULL,'2026-02-18 06:57:06','2026-02-18 07:12:31','2026-02-18 15:12:31','15',37,0),(18,26,'anreipamplona','','darlingdaaling@gmail.com','Completed',0,NULL,NULL,NULL,592.00,'Cash on Pickup',NULL,'2026-02-18 07:16:17','2026-02-19 04:18:19','2026-02-19 12:18:19','14',52,0),(19,26,'anreipamplona','','darlingdaaling@gmail.com','Completed',0,NULL,NULL,NULL,1491.00,'Cash on Pickup',NULL,'2026-02-18 07:23:44','2026-02-18 07:24:16','2026-02-18 15:24:16','14',39,0),(20,14,'Alex Andrei Pamplona','','akosialexandrei@gmail.com','Completed',0,NULL,NULL,NULL,416.00,'Cash on Pickup',NULL,'2026-02-18 07:32:54','2026-02-18 07:57:58','2026-02-18 15:57:58','14',45,0),(21,26,'anreipamplona','','darlingdaaling@gmail.com','Completed',0,NULL,NULL,NULL,480.00,'Cash on Pickup',NULL,'2026-02-18 07:33:16','2026-02-18 07:34:44','2026-02-18 15:34:44','14',41,0),(22,26,'anreipamplona','','darlingdaaling@gmail.com','Completed',0,NULL,NULL,NULL,298.00,'Cash on Pickup',NULL,'2026-02-18 07:54:12','2026-02-18 07:54:54','2026-02-18 15:54:54','14',43,0),(23,26,'anreipamplona','','darlingdaaling@gmail.com','Completed',0,NULL,NULL,NULL,735.00,'Cash on Pickup',NULL,'2026-02-18 07:56:23','2026-02-18 07:57:20','2026-02-18 15:57:20','14',44,1),(24,26,'anreipamplona','','darlingdaaling@gmail.com','Completed',0,NULL,NULL,NULL,600.00,'Cash on Pickup',NULL,'2026-02-18 07:59:01','2026-02-18 07:59:36','2026-02-18 15:59:36','14',46,0),(25,26,'anreipamplona','','darlingdaaling@gmail.com','Completed',0,NULL,NULL,NULL,3250.00,'Cash on Pickup',NULL,'2026-02-18 08:00:00','2026-02-18 08:00:32','2026-02-18 16:00:32','14',47,1),(26,13,'cess','','karazen081@gmail.com','Completed',0,NULL,NULL,NULL,648.00,'Cash on Pickup',NULL,'2026-02-26 04:59:24','2026-02-26 05:01:04','2026-02-26 13:01:04','15',82,0),(27,13,'cess','','karazen081@gmail.com','Pending',1,NULL,NULL,NULL,650.00,'Cash on Pickup',NULL,'2026-03-02 01:10:53','2026-03-02 01:10:53',NULL,NULL,NULL,0),(28,14,'Alex Andrei Pamplona','','akosialexandrei@gmail.com','Pending',0,NULL,NULL,NULL,250.00,'Cash on Pickup',NULL,'2026-03-05 01:31:27','2026-03-05 01:31:27',NULL,NULL,NULL,0);
/*!40000 ALTER TABLE `online_orders` ENABLE KEYS */;
UNLOCK TABLES;

--
-- Table structure for table `orders`
--

DROP TABLE IF EXISTS `orders`;
/*!40101 SET @saved_cs_client     = @@character_set_client */;
/*!40101 SET character_set_client = utf8 */;
CREATE TABLE `orders` (
  `order_id` int(11) NOT NULL AUTO_INCREMENT,
  `product_id` int(11) NOT NULL,
  `quantity` int(11) NOT NULL,
  `status` enum('PENDING','HELD','APPROVED','RECEIVED','CANCELLED') DEFAULT 'PENDING',
  `created_at` timestamp NOT NULL DEFAULT CURRENT_TIMESTAMP,
  `updated_at` timestamp NOT NULL DEFAULT CURRENT_TIMESTAMP ON UPDATE current_timestamp(),
  PRIMARY KEY (`order_id`),
  KEY `idx_product` (`product_id`),
  KEY `idx_status` (`status`),
  CONSTRAINT `orders_ibfk_1` FOREIGN KEY (`product_id`) REFERENCES `products` (`product_id`) ON DELETE CASCADE
) ENGINE=InnoDB DEFAULT CHARSET=utf8mb4 COLLATE=utf8mb4_general_ci;
/*!40101 SET character_set_client = @saved_cs_client */;

--
-- Dumping data for table `orders`
--

LOCK TABLES `orders` WRITE;
/*!40000 ALTER TABLE `orders` DISABLE KEYS */;
/*!40000 ALTER TABLE `orders` ENABLE KEYS */;
UNLOCK TABLES;

--
-- Table structure for table `permissions`
--

DROP TABLE IF EXISTS `permissions`;
/*!40101 SET @saved_cs_client     = @@character_set_client */;
/*!40101 SET character_set_client = utf8 */;
CREATE TABLE `permissions` (
  `permission_id` int(11) NOT NULL AUTO_INCREMENT,
  `permission_name` varchar(100) NOT NULL,
  `module` varchar(50) NOT NULL,
  `description` text DEFAULT NULL,
  `created_at` timestamp NOT NULL DEFAULT CURRENT_TIMESTAMP,
  PRIMARY KEY (`permission_id`),
  UNIQUE KEY `permission_name` (`permission_name`),
  KEY `idx_permission_name` (`permission_name`),
  KEY `idx_module` (`module`)
) ENGINE=InnoDB AUTO_INCREMENT=27 DEFAULT CHARSET=utf8mb4 COLLATE=utf8mb4_unicode_ci;
/*!40101 SET character_set_client = @saved_cs_client */;

--
-- Dumping data for table `permissions`
--

LOCK TABLES `permissions` WRITE;
/*!40000 ALTER TABLE `permissions` DISABLE KEYS */;
INSERT INTO `permissions` VALUES (1,'users.view','User Management','View users list','2026-02-13 05:39:19'),(2,'users.create','User Management','Create new users','2026-02-13 05:39:19'),(3,'users.edit','User Management','Edit user information','2026-02-13 05:39:19'),(4,'users.delete','User Management','Delete users','2026-02-13 05:39:19'),(5,'roles.manage','User Management','Manage roles and permissions','2026-02-13 05:39:19'),(6,'products.view','Inventory','View products list','2026-02-13 05:39:19'),(7,'products.create','Inventory','Add new products','2026-02-13 05:39:19'),(8,'products.edit','Inventory','Edit product information','2026-02-13 05:39:19'),(9,'products.delete','Inventory','Delete products','2026-02-13 05:39:19'),(10,'inventory.adjust','Inventory','Adjust stock quantities','2026-02-13 05:39:19'),(11,'inventory.view_cost','Inventory','View product cost prices','2026-02-13 05:39:19'),(12,'pos.access','POS','Access POS system','2026-02-13 05:39:19'),(13,'pos.void_transaction','POS','Void completed transactions','2026-02-13 05:39:19'),(14,'pos.apply_discount','POS','Apply discounts to sales','2026-02-13 05:39:19'),(15,'sales.view','Sales','View sales records','2026-02-13 05:39:19'),(16,'sales.void','Sales','Void sales transactions','2026-02-13 05:39:19'),(17,'suppliers.view','Suppliers','View suppliers list','2026-02-13 05:39:19'),(18,'suppliers.create','Suppliers','Add new suppliers','2026-02-13 05:39:19'),(19,'suppliers.edit','Suppliers','Edit supplier information','2026-02-13 05:39:19'),(20,'suppliers.delete','Suppliers','Delete suppliers','2026-02-13 05:39:19'),(21,'reports.sales','Reports','View sales reports','2026-02-13 05:39:19'),(22,'reports.inventory','Reports','View inventory reports','2026-02-13 05:39:19'),(23,'reports.financial','Reports','View financial reports','2026-02-13 05:39:19'),(24,'settings.view','Settings','View system settings','2026-02-13 05:39:19'),(25,'settings.edit','Settings','Modify system settings','2026-02-13 05:39:19'),(26,'settings.backup','Settings','Perform database backups','2026-02-13 05:39:19');
/*!40000 ALTER TABLE `permissions` ENABLE KEYS */;
UNLOCK TABLES;

--
-- Table structure for table `pharmacist_notifications`
--

DROP TABLE IF EXISTS `pharmacist_notifications`;
/*!40101 SET @saved_cs_client     = @@character_set_client */;
/*!40101 SET character_set_client = utf8 */;
CREATE TABLE `pharmacist_notifications` (
  `notification_id` int(11) NOT NULL AUTO_INCREMENT,
  `product_id` int(11) NOT NULL,
  `alert_type` varchar(50) NOT NULL,
  `message` text NOT NULL,
  `read_status` tinyint(1) DEFAULT 0,
  `created_at` timestamp NOT NULL DEFAULT CURRENT_TIMESTAMP,
  `read_at` datetime DEFAULT NULL,
  PRIMARY KEY (`notification_id`),
  KEY `idx_product` (`product_id`),
  KEY `idx_read` (`read_status`),
  CONSTRAINT `pharmacist_notifications_ibfk_1` FOREIGN KEY (`product_id`) REFERENCES `products` (`product_id`) ON DELETE CASCADE
) ENGINE=InnoDB DEFAULT CHARSET=utf8mb4 COLLATE=utf8mb4_general_ci;
/*!40101 SET character_set_client = @saved_cs_client */;

--
-- Dumping data for table `pharmacist_notifications`
--

LOCK TABLES `pharmacist_notifications` WRITE;
/*!40000 ALTER TABLE `pharmacist_notifications` DISABLE KEYS */;
/*!40000 ALTER TABLE `pharmacist_notifications` ENABLE KEYS */;
UNLOCK TABLES;

--
-- Table structure for table `pos_notifications`
--

DROP TABLE IF EXISTS `pos_notifications`;
/*!40101 SET @saved_cs_client     = @@character_set_client */;
/*!40101 SET character_set_client = utf8 */;
CREATE TABLE `pos_notifications` (
  `notification_id` int(11) NOT NULL AUTO_INCREMENT,
  `order_id` int(11) NOT NULL,
  `type` varchar(50) DEFAULT 'online_order',
  `title` varchar(255) NOT NULL,
  `message` text NOT NULL,
  `is_read` tinyint(1) DEFAULT 0,
  `created_at` timestamp NOT NULL DEFAULT CURRENT_TIMESTAMP,
  PRIMARY KEY (`notification_id`),
  KEY `order_id` (`order_id`),
  CONSTRAINT `pos_notifications_ibfk_1` FOREIGN KEY (`order_id`) REFERENCES `online_orders` (`order_id`) ON DELETE CASCADE
) ENGINE=InnoDB AUTO_INCREMENT=133 DEFAULT CHARSET=utf8mb4 COLLATE=utf8mb4_general_ci;
/*!40101 SET character_set_client = @saved_cs_client */;

--
-- Dumping data for table `pos_notifications`
--

LOCK TABLES `pos_notifications` WRITE;
/*!40000 ALTER TABLE `pos_notifications` DISABLE KEYS */;
INSERT INTO `pos_notifications` VALUES (1,1,'online_order','🛒 New Online Order #ONL-000001','Customer: cess\nPayment: Cash on Pickup\nItems:\n1x Benadryl Cough Syrup (₱165.00)\nTotal: ₱165.00\nStatus: Pickup Only\nOrder Time: Feb 13, 2026 02:04 PM',1,'2026-02-13 06:04:15'),(2,2,'online_order','🛒 New Online Order #ONL-000002','Customer: cess\nPayment: Cash on Pickup\nItems:\n1x Advil Liqui-Gels 200mg (₱250.00)\nTotal: ₱250.00\nStatus: Pickup Only\nOrder Time: Feb 13, 2026 02:48 PM',1,'2026-02-13 06:48:59'),(3,2,'status_update','📋 Order #ONL-000002 updated to Confirmed','Order #ONL-000002 status changed to: Confirmed\nUpdated: Feb 13, 2026 02:58 PM',1,'2026-02-13 06:58:00'),(4,1,'status_update','📋 Order #ONL-000001 updated to Confirmed','Order #ONL-000001 status changed to: Confirmed\nUpdated: Feb 13, 2026 02:58 PM',1,'2026-02-13 06:58:02'),(5,2,'status_update','📋 Order #ONL-000002 updated to Preparing','Order #ONL-000002 status changed to: Preparing\nUpdated: Feb 13, 2026 02:58 PM',1,'2026-02-13 06:58:05'),(6,1,'status_update','📋 Order #ONL-000001 updated to Preparing','Order #ONL-000001 status changed to: Preparing\nUpdated: Feb 13, 2026 02:58 PM',1,'2026-02-13 06:58:06'),(7,2,'status_update','📋 Order #ONL-000002 updated to Ready','Order #ONL-000002 status changed to: Ready\nUpdated: Feb 13, 2026 02:58 PM',1,'2026-02-13 06:58:08'),(8,2,'status_update','📋 Order #ONL-000002 updated to Completed','Order #ONL-000002 status changed to: Completed\nUpdated: Feb 13, 2026 02:58 PM',1,'2026-02-13 06:58:13'),(9,1,'status_update','📋 Order #ONL-000001 updated to Ready','Order #ONL-000001 status changed to: Ready\nUpdated: Feb 13, 2026 02:58 PM',1,'2026-02-13 06:58:17'),(10,1,'status_update','📋 Order #ONL-000001 updated to Completed','Order #ONL-000001 status changed to: Completed\nUpdated: Feb 13, 2026 02:58 PM',1,'2026-02-13 06:58:21'),(11,3,'online_order','🛒 New Online Order #ONL-000003','Customer: System Administrator\nPayment: Cash on Pickup\nItems:\n1x Acyclovir 200mg (₱95.00)\nTotal: ₱95.00\nStatus: Pickup Only\nOrder Time: Feb 13, 2026 09:21 PM',1,'2026-02-13 13:21:37'),(12,4,'online_order','🛒 New Online Order #ONL-000004','Customer: Alex Andrei Pamplona\nPayment: Cash on Pickup\nItems:\n2x Althea 21s (₱650.00)\n1x Acyclovir 200mg (₱95.00)\n1x Acyclovir 400mg (Herpes) (₱180.00)\nTotal: ₱1,575.00\nStatus: Pickup Only\nOrder Time: Feb 15, 2026 02:45 PM',1,'2026-02-15 06:45:41'),(13,5,'online_order','🛒 New Online Order #ONL-000005','Customer: Alex Andrei Pamplona\nPayment: Cash on Pickup\nItems:\n1x Althea 21s (₱650.00)\n1x Amlodipine 5mg (RiteMed) (₱42.00)\nTotal: ₱692.00\nStatus: Pickup Only\nOrder Time: Feb 15, 2026 02:46 PM',1,'2026-02-15 06:46:06'),(14,3,'status_update','📋 Order #ONL-000003 updated to Confirmed','Order #ONL-000003 status changed to: Confirmed\nUpdated: Feb 15, 2026 02:46 PM',1,'2026-02-15 06:46:32'),(15,4,'status_update','📋 Order #ONL-000004 updated to Confirmed','Order #ONL-000004 status changed to: Confirmed\nUpdated: Feb 15, 2026 02:46 PM',1,'2026-02-15 06:46:33'),(16,5,'status_update','📋 Order #ONL-000005 updated to Confirmed','Order #ONL-000005 status changed to: Confirmed\nUpdated: Feb 15, 2026 02:46 PM',1,'2026-02-15 06:46:34'),(17,5,'status_update','📋 Order #ONL-000005 updated to Preparing','Order #ONL-000005 status changed to: Preparing\nUpdated: Feb 15, 2026 02:46 PM',1,'2026-02-15 06:46:34'),(18,4,'status_update','📋 Order #ONL-000004 updated to Preparing','Order #ONL-000004 status changed to: Preparing\nUpdated: Feb 15, 2026 02:46 PM',1,'2026-02-15 06:46:36'),(19,3,'status_update','📋 Order #ONL-000003 updated to Preparing','Order #ONL-000003 status changed to: Preparing\nUpdated: Feb 15, 2026 02:46 PM',1,'2026-02-15 06:46:36'),(20,5,'status_update','📋 Order #ONL-000005 updated to Ready','Order #ONL-000005 status changed to: Ready\nUpdated: Feb 15, 2026 02:46 PM',1,'2026-02-15 06:46:54'),(21,4,'status_update','📋 Order #ONL-000004 updated to Ready','Order #ONL-000004 status changed to: Ready\nUpdated: Feb 15, 2026 02:46 PM',1,'2026-02-15 06:46:55'),(22,3,'status_update','📋 Order #ONL-000003 updated to Ready','Order #ONL-000003 status changed to: Ready\nUpdated: Feb 15, 2026 02:46 PM',1,'2026-02-15 06:46:56'),(23,5,'status_update','📋 Order #ONL-000005 updated to Completed','Order #ONL-000005 status changed to: Completed\nUpdated: Feb 15, 2026 02:47 PM',1,'2026-02-15 06:47:13'),(24,4,'status_update','📋 Order #ONL-000004 updated to Completed','Order #ONL-000004 status changed to: Completed\nUpdated: Feb 15, 2026 02:47 PM',1,'2026-02-15 06:47:17'),(25,3,'status_update','📋 Order #ONL-000003 updated to Completed','Order #ONL-000003 status changed to: Completed\nUpdated: Feb 15, 2026 02:47 PM',1,'2026-02-15 06:47:21'),(26,6,'online_order','🛒 New Online Order #ONL-000006','Customer: Alex Andrei Pamplona\nPayment: Cash on Pickup\nItems:\n1x Althea 21s (₱650.00)\nTotal: ₱650.00\nStatus: Pickup Only\nOrder Time: Feb 15, 2026 02:48 PM',1,'2026-02-15 06:48:07'),(27,7,'online_order','🛒 New Online Order #ONL-000007','Customer: Alex Andrei Pamplona\nPayment: Cash on Pickup\nItems:\n1x Althea 21s (₱650.00)\nTotal: ₱650.00\nStatus: Pickup Only\nOrder Time: Feb 15, 2026 02:54 PM',1,'2026-02-15 06:54:34'),(28,8,'online_order','🛒 New Online Order #ONL-000008','Customer: Guest\nPayment: Cash on Pickup\nItems:\n1x Alaxan FR (₱115.00)\nTotal: ₱115.00\nStatus: Pickup Only\nOrder Time: Feb 15, 2026 09:54 PM',1,'2026-02-15 13:54:32'),(29,8,'status_update','📋 Order #ONL-000008 updated to Confirmed','Order #ONL-000008 status changed to: Confirmed\nUpdated: Feb 17, 2026 06:42 PM',1,'2026-02-17 10:42:03'),(30,7,'status_update','📋 Order #ONL-000007 updated to Confirmed','Order #ONL-000007 status changed to: Confirmed\nUpdated: Feb 17, 2026 06:42 PM',1,'2026-02-17 10:42:03'),(31,6,'status_update','📋 Order #ONL-000006 updated to Confirmed','Order #ONL-000006 status changed to: Confirmed\nUpdated: Feb 17, 2026 06:42 PM',1,'2026-02-17 10:42:05'),(32,8,'status_update','📋 Order #ONL-000008 updated to Preparing','Order #ONL-000008 status changed to: Preparing\nUpdated: Feb 17, 2026 06:42 PM',1,'2026-02-17 10:42:08'),(33,7,'status_update','📋 Order #ONL-000007 updated to Preparing','Order #ONL-000007 status changed to: Preparing\nUpdated: Feb 17, 2026 06:42 PM',1,'2026-02-17 10:42:08'),(34,6,'status_update','📋 Order #ONL-000006 updated to Preparing','Order #ONL-000006 status changed to: Preparing\nUpdated: Feb 17, 2026 06:42 PM',1,'2026-02-17 10:42:10'),(35,8,'status_update','📋 Order #ONL-000008 updated to Ready','Order #ONL-000008 status changed to: Ready\nUpdated: Feb 17, 2026 06:42 PM',1,'2026-02-17 10:42:11'),(36,7,'status_update','📋 Order #ONL-000007 updated to Ready','Order #ONL-000007 status changed to: Ready\nUpdated: Feb 17, 2026 06:42 PM',1,'2026-02-17 10:42:11'),(37,6,'status_update','📋 Order #ONL-000006 updated to Ready','Order #ONL-000006 status changed to: Ready\nUpdated: Feb 17, 2026 06:42 PM',1,'2026-02-17 10:42:12'),(38,8,'pickup','✅ Order #ONL-000008 Picked Up','Order picked up by customer\nProcessed by: hendry\nTime: Feb 17, 2026 06:57 PM',1,'2026-02-17 10:57:55'),(39,7,'pickup','✅ Order #ONL-000007 Picked Up','Order picked up by customer\nProcessed by: hendry\nTime: Feb 17, 2026 06:58 PM',1,'2026-02-17 10:58:10'),(40,6,'pickup','✅ Order #ONL-000006 Picked Up','Order picked up by customer\nProcessed by: hendry\nTime: Feb 17, 2026 06:58 PM',1,'2026-02-17 10:58:17'),(41,9,'online_order','🛒 New Online Order #ONL-000009','Customer: Alex Andrei Pamplona\nPayment: Cash on Pickup\nItems:\n2x Advil 200mg Tablet (₱180.00)\n2x Alaxan FR (₱115.00)\n7x Advil Liqui-Gels 200mg (₱250.00)\n1x Bayer Aspirin 500mg (₱120.00)\nTotal: ₱2,460.00\nStatus: Pickup Only\nOrder Time: Feb 17, 2026 07:48 PM',1,'2026-02-17 11:48:30'),(42,10,'online_order','🛒 New Online Order #ONL-000010','Customer: Alex Andrei Pamplona\nPayment: Cash on Pickup\nItems:\n1x Alcohol Swabs 100s (₱85.00)\nTotal: ₱85.00\nStatus: Pickup Only\nOrder Time: Feb 17, 2026 07:49 PM',1,'2026-02-17 11:49:06'),(43,10,'status_update','📋 Order #ONL-000010 updated to Confirmed','Order #ONL-000010 status changed to: Confirmed\nUpdated: Feb 17, 2026 07:49 PM',1,'2026-02-17 11:49:40'),(44,10,'status_update','📋 Order #ONL-000010 updated to Preparing','Order #ONL-000010 status changed to: Preparing\nUpdated: Feb 17, 2026 07:49 PM',1,'2026-02-17 11:49:42'),(45,10,'status_update','📋 Order #ONL-000010 updated to Ready','Order #ONL-000010 status changed to: Ready\nUpdated: Feb 17, 2026 07:49 PM',1,'2026-02-17 11:49:42'),(46,9,'status_update','📋 Order #ONL-000009 updated to Confirmed','Order #ONL-000009 status changed to: Confirmed\nUpdated: Feb 17, 2026 07:49 PM',1,'2026-02-17 11:49:43'),(47,9,'status_update','📋 Order #ONL-000009 updated to Preparing','Order #ONL-000009 status changed to: Preparing\nUpdated: Feb 17, 2026 07:49 PM',1,'2026-02-17 11:49:43'),(48,9,'status_update','📋 Order #ONL-000009 updated to Ready','Order #ONL-000009 status changed to: Ready\nUpdated: Feb 17, 2026 07:49 PM',1,'2026-02-17 11:49:44'),(49,10,'pickup','✅ Order #ONL-000010 Picked Up','Order picked up by customer\nProcessed by: Chrollo\nTime: Feb 17, 2026 07:49 PM',1,'2026-02-17 11:49:53'),(50,9,'pickup','✅ Order #ONL-000009 Picked Up','Order picked up by customer\nProcessed by: Chrollo\nTime: Feb 17, 2026 07:50 PM',1,'2026-02-17 11:50:13'),(51,11,'online_order','🛒 New Online Order #ONL-000011','Customer: akosiandrei123\nPayment: Cash on Pickup\nItems:\n1x Ascof Lagundi 600mg (₱85.00)\n6x Bactidol Mouthwash 250mL (₱180.00)\nTotal: ₱1,165.00\nStatus: Pickup Only\nOrder Time: Feb 17, 2026 08:06 PM',1,'2026-02-17 12:06:58'),(52,11,'status_update','📋 Order #ONL-000011 updated to Confirmed','Order #ONL-000011 status changed to: Confirmed\nUpdated: Feb 17, 2026 08:07 PM',1,'2026-02-17 12:07:17'),(53,11,'status_update','📋 Order #ONL-000011 updated to Preparing','Order #ONL-000011 status changed to: Preparing\nUpdated: Feb 17, 2026 08:07 PM',1,'2026-02-17 12:07:18'),(54,11,'status_update','📋 Order #ONL-000011 updated to Ready','Order #ONL-000011 status changed to: Ready\nUpdated: Feb 17, 2026 08:07 PM',1,'2026-02-17 12:07:20'),(55,11,'pickup','✅ Order #ONL-000011 Picked Up','Order picked up by customer\nProcessed by: hendry\nTime: Feb 17, 2026 08:07 PM',1,'2026-02-17 12:07:27'),(56,12,'online_order','🛒 New Online Order #ONL-000012','Customer: Alex Andrei Pamplona\nPayment: Cash on Pickup\nItems:\n1x Ferrous Sulfate 325mg 100s (₱65.00)\nTotal: ₱65.00\nStatus: Pickup Only\nOrder Time: Feb 17, 2026 08:40 PM',1,'2026-02-17 12:40:35'),(57,13,'online_order','🛒 New Online Order #ONL-000013','Customer: Aexandrei\nPayment: Cash on Pickup\nItems:\n1x Acyclovir 400mg (Herpes) (₱180.00)\nTotal: ₱180.00\nStatus: Pickup Only\nOrder Time: Feb 17, 2026 08:45 PM',1,'2026-02-17 12:45:41'),(58,13,'status_update','📋 Order #ONL-000013 updated to Confirmed','Order #ONL-000013 status changed to: Confirmed\nUpdated: Feb 17, 2026 08:54 PM',1,'2026-02-17 12:54:42'),(59,12,'status_update','📋 Order #ONL-000012 updated to Confirmed','Order #ONL-000012 status changed to: Confirmed\nUpdated: Feb 17, 2026 08:54 PM',1,'2026-02-17 12:54:45'),(60,13,'status_update','📋 Order #ONL-000013 updated to Preparing','Order #ONL-000013 status changed to: Preparing\nUpdated: Feb 17, 2026 08:54 PM',1,'2026-02-17 12:54:49'),(61,12,'status_update','📋 Order #ONL-000012 updated to Preparing','Order #ONL-000012 status changed to: Preparing\nUpdated: Feb 17, 2026 08:54 PM',1,'2026-02-17 12:54:50'),(62,13,'status_update','📋 Order #ONL-000013 updated to Ready','Order #ONL-000013 status changed to: Ready\nUpdated: Feb 17, 2026 08:55 PM',1,'2026-02-17 12:55:43'),(63,12,'status_update','📋 Order #ONL-000012 updated to Ready','Order #ONL-000012 status changed to: Ready\nUpdated: Feb 17, 2026 08:55 PM',1,'2026-02-17 12:55:45'),(64,13,'pickup','✅ Order #ONL-000013 Picked Up','Order picked up by customer\nProcessed by: Chrollo\nTime: Feb 17, 2026 08:56 PM',1,'2026-02-17 12:56:07'),(65,12,'pickup','✅ Order #ONL-000012 Picked Up','Order picked up by customer\nProcessed by: Chrollo\nTime: Feb 17, 2026 08:57 PM',1,'2026-02-17 12:57:29'),(66,14,'online_order','🛒 New Online Order #ONL-000014','Customer: Alex Andrei Pamplona\nPayment: Cash on Pickup\nItems:\n1x Acyclovir 400mg (Herpes) (₱180.00)\n1x Acyclovir 200mg (₱95.00)\nTotal: ₱220.00\nStatus: Pickup Only\nOrder Time: Feb 18, 2026 01:47 PM',1,'2026-02-18 05:47:20'),(67,14,'status_update','📋 Order #ONL-000014 updated to Confirmed','Order #ONL-000014 status changed to: Confirmed\nUpdated: Feb 18, 2026 01:47 PM',1,'2026-02-18 05:47:37'),(68,15,'online_order','🛒 New Online Order #ONL-000015','Customer: Aexandrei\nPayment: Cash on Pickup\nItems:\n4x Doxycycline 100mg (STI Course 14s) (₱280.00)\nTotal: ₱1,120.00\nStatus: Pickup Only\nOrder Time: Feb 18, 2026 02:14 PM',1,'2026-02-18 06:14:57'),(69,15,'status_update','📋 Order #ONL-000015 updated to Confirmed','Order #ONL-000015 status changed to: Confirmed\nUpdated: Feb 18, 2026 02:18 PM',1,'2026-02-18 06:18:35'),(70,15,'status_update','📋 Order #ONL-000015 updated to Preparing','Order #ONL-000015 status changed to: Preparing\nUpdated: Feb 18, 2026 02:18 PM',1,'2026-02-18 06:18:36'),(71,14,'status_update','📋 Order #ONL-000014 updated to Preparing','Order #ONL-000014 status changed to: Preparing\nUpdated: Feb 18, 2026 02:18 PM',1,'2026-02-18 06:18:38'),(72,15,'status_update','📋 Order #ONL-000015 updated to Ready','Order #ONL-000015 status changed to: Ready\nUpdated: Feb 18, 2026 02:25 PM',1,'2026-02-18 06:25:15'),(73,14,'status_update','📋 Order #ONL-000014 updated to Ready','Order #ONL-000014 status changed to: Ready\nUpdated: Feb 18, 2026 02:25 PM',1,'2026-02-18 06:25:19'),(74,16,'online_order','🛒 New Online Order #ONL-000016','Customer: anreipamplona\nPayment: Cash on Pickup\nItems:\n1x Acyclovir 200mg (₱95.00)\nTotal: ₱95.00\nStatus: Pickup Only\nOrder Time: Feb 18, 2026 02:55 PM',1,'2026-02-18 06:55:56'),(75,16,'status_update','📋 Order #ONL-000016 updated to Confirmed','Order #ONL-000016 status changed to: Confirmed\nUpdated: Feb 18, 2026 02:56 PM',1,'2026-02-18 06:56:00'),(76,16,'status_update','📋 Order #ONL-000016 updated to Preparing','Order #ONL-000016 status changed to: Preparing\nUpdated: Feb 18, 2026 02:56 PM',1,'2026-02-18 06:56:02'),(77,16,'status_update','📋 Order #ONL-000016 updated to Ready','Order #ONL-000016 status changed to: Ready\nUpdated: Feb 18, 2026 02:56 PM',1,'2026-02-18 06:56:07'),(78,16,'pickup','✅ Order #ONL-000016 Picked Up','Order picked up by customer\nProcessed by: Chrollo\nTime: Feb 18, 2026 02:56 PM',1,'2026-02-18 06:56:14'),(79,17,'online_order','🛒 New Online Order #ONL-000017','Customer: anreipamplona\nPayment: Cash on Pickup\nItems:\n6x Acyclovir 400mg (Herpes) (₱180.00)\n1x Azithromycin 1g Single Dose (₱120.00)\n1x Durex Fetherlite 12s (₱340.00)\nTotal: ₱1,540.00\nStatus: Pickup Only\nOrder Time: Feb 18, 2026 02:57 PM',1,'2026-02-18 06:57:06'),(80,17,'status_update','📋 Order #ONL-000017 updated to Confirmed','Order #ONL-000017 status changed to: Confirmed\nUpdated: Feb 18, 2026 03:11 PM',1,'2026-02-18 07:11:55'),(81,17,'status_update','📋 Order #ONL-000017 updated to Preparing','Order #ONL-000017 status changed to: Preparing\nUpdated: Feb 18, 2026 03:12 PM',1,'2026-02-18 07:12:06'),(82,17,'status_update','📋 Order #ONL-000017 updated to Ready','Order #ONL-000017 status changed to: Ready\nUpdated: Feb 18, 2026 03:12 PM',1,'2026-02-18 07:12:13'),(83,17,'pickup','✅ Order #ONL-000017 Picked Up','Order picked up by customer\nProcessed by: hendry\nTime: Feb 18, 2026 03:12 PM',1,'2026-02-18 07:12:31'),(84,18,'online_order','🛒 New Online Order #ONL-000018','Customer: anreipamplona\nPayment: Cash on Pickup\nItems:\n3x Acyclovir 200mg (₱95.00)\n4x Durex Extra Safe 3s (₱90.00)\n1x Durex Pleasuremax 3s (₱95.00)\nTotal: ₱592.00\nStatus: Pickup Only\nOrder Time: Feb 18, 2026 03:16 PM',1,'2026-02-18 07:16:17'),(85,19,'online_order','🛒 New Online Order #ONL-000019','Customer: anreipamplona\nPayment: Cash on Pickup\nItems:\n1x Amoxicillin 250mg/5mL Suspension (₱85.00)\n1x Amoxicillin 500mg (Amoxil) (₱180.00)\n1x Amoxicillin 500mg (RiteMed) (₱96.00)\n1x Augmentin 625mg (₱950.00)\n1x Azithromycin 500mg (RiteMed) (₱180.00)\nTotal: ₱1,491.00\nStatus: Pickup Only\nOrder Time: Feb 18, 2026 03:23 PM',1,'2026-02-18 07:23:44'),(86,19,'status_update','📋 Order #ONL-000019 updated to Confirmed','Order #ONL-000019 status changed to: Confirmed\nUpdated: Feb 18, 2026 03:24 PM',1,'2026-02-18 07:24:02'),(87,19,'status_update','📋 Order #ONL-000019 updated to Preparing','Order #ONL-000019 status changed to: Preparing\nUpdated: Feb 18, 2026 03:24 PM',1,'2026-02-18 07:24:05'),(88,19,'status_update','📋 Order #ONL-000019 updated to Ready','Order #ONL-000019 status changed to: Ready\nUpdated: Feb 18, 2026 03:24 PM',1,'2026-02-18 07:24:06'),(89,19,'pickup','✅ Order #ONL-000019 Picked Up','Order picked up by customer\nProcessed by: Chrollo\nTime: Feb 18, 2026 03:24 PM',1,'2026-02-18 07:24:16'),(90,18,'status_update','📋 Order #ONL-000018 updated to Confirmed','Order #ONL-000018 status changed to: Confirmed\nUpdated: Feb 18, 2026 03:30 PM',1,'2026-02-18 07:30:02'),(91,20,'online_order','🛒 New Online Order #ONL-000020','Customer: Alex Andrei Pamplona\nPayment: Cash on Pickup\nItems:\n1x Caltrate Plus 600+D 30s (₱520.00)\nTotal: ₱416.00\nStatus: Pickup Only\nOrder Time: Feb 18, 2026 03:32 PM',1,'2026-02-18 07:32:54'),(92,21,'online_order','🛒 New Online Order #ONL-000021','Customer: anreipamplona\nPayment: Cash on Pickup\nItems:\n4x Acyclovir 5% Cream 5g (₱120.00)\nTotal: ₱480.00\nStatus: Pickup Only\nOrder Time: Feb 18, 2026 03:33 PM',1,'2026-02-18 07:33:16'),(93,21,'status_update','📋 Order #ONL-000021 updated to Confirmed','Order #ONL-000021 status changed to: Confirmed\nUpdated: Feb 18, 2026 03:33 PM',1,'2026-02-18 07:33:29'),(94,20,'status_update','📋 Order #ONL-000020 updated to Confirmed','Order #ONL-000020 status changed to: Confirmed\nUpdated: Feb 18, 2026 03:33 PM',1,'2026-02-18 07:33:40'),(95,21,'status_update','📋 Order #ONL-000021 updated to Preparing','Order #ONL-000021 status changed to: Preparing\nUpdated: Feb 18, 2026 03:34 PM',1,'2026-02-18 07:34:16'),(96,21,'status_update','📋 Order #ONL-000021 updated to Ready','Order #ONL-000021 status changed to: Ready\nUpdated: Feb 18, 2026 03:34 PM',1,'2026-02-18 07:34:25'),(97,21,'pickup','✅ Order #ONL-000021 Picked Up','Order picked up by customer\nProcessed by: Chrollo\nTime: Feb 18, 2026 03:34 PM',1,'2026-02-18 07:34:44'),(98,22,'online_order','🛒 New Online Order #ONL-000022','Customer: anreipamplona\nPayment: Cash on Pickup\nItems:\n1x Clearblue Digital (₱450.00)\nTotal: ₱298.00\nStatus: Pickup Only\nOrder Time: Feb 18, 2026 03:54 PM',1,'2026-02-18 07:54:12'),(99,22,'status_update','📋 Order #ONL-000022 updated to Confirmed','Order #ONL-000022 status changed to: Confirmed\nUpdated: Feb 18, 2026 03:54 PM',1,'2026-02-18 07:54:33'),(100,22,'status_update','📋 Order #ONL-000022 updated to Preparing','Order #ONL-000022 status changed to: Preparing\nUpdated: Feb 18, 2026 03:54 PM',1,'2026-02-18 07:54:36'),(101,20,'status_update','📋 Order #ONL-000020 updated to Preparing','Order #ONL-000020 status changed to: Preparing\nUpdated: Feb 18, 2026 03:54 PM',1,'2026-02-18 07:54:39'),(102,18,'status_update','📋 Order #ONL-000018 updated to Preparing','Order #ONL-000018 status changed to: Preparing\nUpdated: Feb 18, 2026 03:54 PM',1,'2026-02-18 07:54:40'),(103,22,'status_update','📋 Order #ONL-000022 updated to Ready','Order #ONL-000022 status changed to: Ready\nUpdated: Feb 18, 2026 03:54 PM',1,'2026-02-18 07:54:41'),(104,20,'status_update','📋 Order #ONL-000020 updated to Ready','Order #ONL-000020 status changed to: Ready\nUpdated: Feb 18, 2026 03:54 PM',1,'2026-02-18 07:54:42'),(105,18,'status_update','📋 Order #ONL-000018 updated to Ready','Order #ONL-000018 status changed to: Ready\nUpdated: Feb 18, 2026 03:54 PM',1,'2026-02-18 07:54:44'),(106,22,'pickup','✅ Order #ONL-000022 Picked Up','Order picked up by customer\nProcessed by: Chrollo\nTime: Feb 18, 2026 03:54 PM',1,'2026-02-18 07:54:54'),(107,23,'online_order','🛒 New Online Order #ONL-000023','Customer: anreipamplona\nPayment: Cash on Pickup\nItems:\n6x Cotton Balls 50g (₱25.00)\n9x Band-Aid Flexible Fabric 30s (₱65.00)\nTotal: ₱735.00\nStatus: Pickup Only\nOrder Time: Feb 18, 2026 03:56 PM',1,'2026-02-18 07:56:23'),(108,23,'status_update','📋 Order #ONL-000023 updated to Confirmed','Order #ONL-000023 status changed to: Confirmed\nUpdated: Feb 18, 2026 03:56 PM',1,'2026-02-18 07:56:40'),(109,23,'status_update','📋 Order #ONL-000023 updated to Preparing','Order #ONL-000023 status changed to: Preparing\nUpdated: Feb 18, 2026 03:56 PM',1,'2026-02-18 07:56:41'),(110,23,'status_update','📋 Order #ONL-000023 updated to Ready','Order #ONL-000023 status changed to: Ready\nUpdated: Feb 18, 2026 03:56 PM',1,'2026-02-18 07:56:42'),(111,23,'pickup','✅ Order #ONL-000023 Picked Up','Order picked up by customer\nProcessed by: Chrollo\nTime: Feb 18, 2026 03:57 PM',1,'2026-02-18 07:57:20'),(112,20,'pickup','✅ Order #ONL-000020 Picked Up','Order picked up by customer\nProcessed by: Chrollo\nTime: Feb 18, 2026 03:57 PM',1,'2026-02-18 07:57:58'),(113,24,'online_order','🛒 New Online Order #ONL-000024','Customer: anreipamplona\nPayment: Cash on Pickup\nItems:\n4x Buscopan 10mg (₱150.00)\nTotal: ₱600.00\nStatus: Pickup Only\nOrder Time: Feb 18, 2026 03:59 PM',1,'2026-02-18 07:59:01'),(114,24,'status_update','📋 Order #ONL-000024 updated to Confirmed','Order #ONL-000024 status changed to: Confirmed\nUpdated: Feb 18, 2026 03:59 PM',1,'2026-02-18 07:59:25'),(115,24,'status_update','📋 Order #ONL-000024 updated to Preparing','Order #ONL-000024 status changed to: Preparing\nUpdated: Feb 18, 2026 03:59 PM',1,'2026-02-18 07:59:31'),(116,24,'status_update','📋 Order #ONL-000024 updated to Ready','Order #ONL-000024 status changed to: Ready\nUpdated: Feb 18, 2026 03:59 PM',1,'2026-02-18 07:59:31'),(117,24,'pickup','✅ Order #ONL-000024 Picked Up','Order picked up by customer\nProcessed by: Chrollo\nTime: Feb 18, 2026 03:59 PM',1,'2026-02-18 07:59:36'),(118,25,'online_order','🛒 New Online Order #ONL-000025','Customer: anreipamplona\nPayment: Cash on Pickup\nItems:\n5x Glucometer Test Strips 25s (₱650.00)\nTotal: ₱3,250.00\nStatus: Pickup Only\nOrder Time: Feb 18, 2026 04:00 PM',1,'2026-02-18 08:00:00'),(119,25,'status_update','📋 Order #ONL-000025 updated to Confirmed','Order #ONL-000025 status changed to: Confirmed\nUpdated: Feb 18, 2026 04:00 PM',1,'2026-02-18 08:00:09'),(120,25,'status_update','📋 Order #ONL-000025 updated to Preparing','Order #ONL-000025 status changed to: Preparing\nUpdated: Feb 18, 2026 04:00 PM',1,'2026-02-18 08:00:14'),(121,25,'status_update','📋 Order #ONL-000025 updated to Ready','Order #ONL-000025 status changed to: Ready\nUpdated: Feb 18, 2026 04:00 PM',1,'2026-02-18 08:00:16'),(122,25,'pickup','✅ Order #ONL-000025 Picked Up','Order picked up by customer\nProcessed by: Chrollo\nTime: Feb 18, 2026 04:00 PM',1,'2026-02-18 08:00:32'),(123,18,'pickup','✅ Order #ONL-000018 Picked Up','Order picked up by customer\nProcessed by: Chrollo\nTime: Feb 19, 2026 12:18 PM',1,'2026-02-19 04:18:19'),(124,15,'pickup','✅ Order #ONL-000015 Picked Up','Order picked up by customer\nProcessed by: Chrollo\nTime: Feb 20, 2026 02:58 AM',0,'2026-02-19 18:58:48'),(125,14,'pickup','✅ Order #ONL-000014 Picked Up','Order picked up by customer\nProcessed by: Chrollo\nTime: Feb 20, 2026 02:59 AM',0,'2026-02-19 18:59:03'),(126,26,'online_order','🛒 New Online Order #ONL-000026','Customer: cess\nPayment: Cash on Pickup\nItems:\n1x Althea 21s (₱650.00)\nTotal: ₱648.00\nStatus: Pickup Only\nOrder Time: Feb 26, 2026 12:59 PM',0,'2026-02-26 04:59:24'),(127,26,'status_update','📋 Order #ONL-000026 updated to Confirmed','Order #ONL-000026 status changed to: Confirmed\nUpdated: Feb 26, 2026 01:00 PM',0,'2026-02-26 05:00:41'),(128,26,'status_update','📋 Order #ONL-000026 updated to Preparing','Order #ONL-000026 status changed to: Preparing\nUpdated: Feb 26, 2026 01:00 PM',0,'2026-02-26 05:00:45'),(129,26,'status_update','📋 Order #ONL-000026 updated to Ready','Order #ONL-000026 status changed to: Ready\nUpdated: Feb 26, 2026 01:00 PM',0,'2026-02-26 05:00:48'),(130,26,'pickup','✅ Order #ONL-000026 Picked Up','Order picked up by customer\nProcessed by: hendry\nTime: Feb 26, 2026 01:01 PM',0,'2026-02-26 05:01:04'),(131,27,'online_order','🛒 New Online Order #ONL-000027','Customer: cess\nPayment: Cash on Pickup\nItems:\n1x Althea 21s (₱650.00)\nTotal: ₱650.00\nStatus: Pickup Only\nOrder Time: Mar 02, 2026 09:10 AM',0,'2026-03-02 01:10:53'),(132,28,'online_order','🛒 New Online Order #ONL-000028','Customer: Alex Andrei Pamplona\nPayment: Cash on Pickup\nItems:\n1x Advil Liqui-Gels 200mg (₱250.00)\nTotal: ₱250.00\nStatus: Pickup Only\nOrder Time: Mar 05, 2026 09:31 AM',0,'2026-03-05 01:31:27');
/*!40000 ALTER TABLE `pos_notifications` ENABLE KEYS */;
UNLOCK TABLES;

--
-- Table structure for table `products`
--

DROP TABLE IF EXISTS `products`;
/*!40101 SET @saved_cs_client     = @@character_set_client */;
/*!40101 SET character_set_client = utf8 */;
CREATE TABLE `products` (
  `product_id` int(11) NOT NULL AUTO_INCREMENT,
  `sku` varchar(50) DEFAULT NULL,
  `barcode` varchar(100) DEFAULT NULL,
  `name` varchar(255) NOT NULL,
  `generic_name` varchar(150) DEFAULT NULL,
  `brand_name` varchar(150) DEFAULT NULL,
  `dosage_form` varchar(80) DEFAULT NULL,
  `strength` varchar(80) DEFAULT NULL,
  `age_group` enum('all','adult','pediatric') DEFAULT 'all',
  `description` text DEFAULT NULL,
  `type` enum('medicine','general') DEFAULT 'medicine',
  `category` varchar(100) DEFAULT NULL,
  `category_id` int(11) DEFAULT NULL,
  `supplier_id` int(11) DEFAULT NULL,
  `price` decimal(10,2) NOT NULL DEFAULT 0.00,
  `cost_price` decimal(10,2) DEFAULT 0.00,
  `selling_price` decimal(10,2) DEFAULT NULL,
  `stock_quantity` int(11) NOT NULL DEFAULT 0,
  `reorder_level` int(11) DEFAULT 10,
  `pieces_per_box` int(11) DEFAULT 0,
  `price_per_piece` decimal(10,2) DEFAULT 0.00,
  `sell_by_piece` tinyint(1) DEFAULT 0,
  `image_url` varchar(500) DEFAULT NULL,
  `expiring_quantity` int(11) NOT NULL DEFAULT 0,
  `expiry_date` date NOT NULL,
  `location` varchar(255) DEFAULT NULL,
  `is_active` tinyint(1) DEFAULT 1,
  `created_at` timestamp NOT NULL DEFAULT CURRENT_TIMESTAMP,
  `updated_at` timestamp NOT NULL DEFAULT CURRENT_TIMESTAMP ON UPDATE current_timestamp(),
  `current_stage` varchar(50) DEFAULT 'NORMAL',
  `reorder_flag` tinyint(1) DEFAULT 0,
  `urgent_reorder` tinyint(1) DEFAULT 0,
  `emergency_reorder` tinyint(1) DEFAULT 0,
  `sale_price` decimal(10,2) DEFAULT NULL,
  `on_promotion` tinyint(1) DEFAULT 0,
  `rotation_flag` tinyint(1) DEFAULT 0,
  `removal_date` datetime DEFAULT NULL,
  `last_stage_check` timestamp NOT NULL DEFAULT CURRENT_TIMESTAMP ON UPDATE current_timestamp(),
  `requires_prescription` tinyint(1) NOT NULL DEFAULT 0,
  PRIMARY KEY (`product_id`),
  UNIQUE KEY `sku` (`sku`),
  UNIQUE KEY `barcode` (`barcode`),
  KEY `idx_products_stage` (`current_stage`),
  KEY `idx_products_reorder` (`reorder_flag`,`urgent_reorder`),
  KEY `idx_products_active` (`is_active`),
  KEY `idx_products_expiry` (`expiry_date`),
  KEY `idx_products_stock` (`stock_quantity`),
  KEY `idx_sku` (`sku`),
  KEY `idx_barcode` (`barcode`),
  KEY `idx_category` (`category_id`),
  KEY `idx_supplier` (`supplier_id`),
  KEY `idx_expiry` (`expiry_date`),
  KEY `idx_stock` (`stock_quantity`),
  KEY `idx_products_active_stock` (`is_active`,`stock_quantity`),
  CONSTRAINT `fk_product_category` FOREIGN KEY (`category_id`) REFERENCES `categories` (`category_id`) ON DELETE SET NULL,
  CONSTRAINT `fk_product_supplier` FOREIGN KEY (`supplier_id`) REFERENCES `suppliers` (`supplier_id`) ON DELETE SET NULL
) ENGINE=InnoDB AUTO_INCREMENT=397 DEFAULT CHARSET=utf8mb4 COLLATE=utf8mb4_general_ci;
/*!40101 SET character_set_client = @saved_cs_client */;

--
-- Dumping data for table `products`
--

LOCK TABLES `products` WRITE;
/*!40000 ALTER TABLE `products` DISABLE KEYS */;
INSERT INTO `products` VALUES (1,NULL,NULL,'Biogesic 500mg Tablet','Paracetamol','Biogesic (Unilab)','Tablet','500mg','adult','Most trusted paracetamol in PH. Fever & mild-moderate pain.','medicine','Pain Relief & Fever',18,NULL,100.00,65.00,100.00,200,10,100,2.50,1,'medicine_images/Biogesic 500mg Tablet/000006.jpg',0,'2027-06-15','Shelf A1',1,'2026-02-13 05:49:32','2026-02-17 11:59:43','NORMAL',0,0,0,NULL,0,0,NULL,'2026-02-17 11:59:43',0),(2,NULL,NULL,'Biogesic Pediatric Drops 100mg/mL','Paracetamol','Biogesic (Unilab)','Drops','100mg/mL','pediatric','Drops for infants 0-2 years.','medicine','Pain Relief & Fever',18,NULL,65.00,42.00,65.00,80,10,0,0.00,0,'medicine_images/Biogesic Pediatric Drops 100mg_mL/000002.jpg',0,'2027-03-20','Shelf A1',1,'2026-02-13 05:49:33','2026-02-17 12:01:21','NORMAL',0,0,0,NULL,0,0,NULL,'2026-02-17 12:01:21',0),(3,NULL,NULL,'Biogesic for Kids Suspension 120mg/5mL','Paracetamol','Biogesic (Unilab)','Syrup','120mg/5mL','pediatric','Orange-flavored syrup for children 2-12 years.','medicine','Pain Relief & Fever',18,NULL,85.00,55.00,85.00,60,10,0,0.00,0,'medicine_images/Biogesic for Kids Suspension 120mg_5mL/000003.jpg',0,'2027-04-10','Shelf A1',1,'2026-02-13 05:49:33','2026-02-17 12:00:28','NORMAL',0,0,0,NULL,0,0,NULL,'2026-02-17 12:00:28',0),(4,NULL,NULL,'Tempra 500mg Tablet','Paracetamol','Tempra (Taisho)','Tablet','500mg','adult','Fast-acting. Headache, toothache, fever.','medicine','Pain Relief & Fever',18,NULL,105.00,68.00,105.00,150,10,100,2.50,1,'medicine_images/Tempra 500mg Tablet/000002.jpg',0,'2027-08-01','Shelf A1',1,'2026-02-13 05:49:33','2026-02-26 06:53:29','NORMAL',0,0,0,NULL,0,0,NULL,'2026-02-26 06:53:29',0),(5,NULL,NULL,'Tempra Forte 250mg/5mL Syrup','Paracetamol','Tempra (Taisho)','Syrup','250mg/5mL','pediatric','Strawberry syrup for children 6-12 yrs.','medicine','Pain Relief & Fever',18,NULL,120.00,78.00,120.00,45,10,0,0.00,0,'medicine_images/Tempra Forte 250mg_5mL Syrup/000001.jpg',0,'2027-05-15','Shelf A1',1,'2026-02-13 05:49:33','2026-02-26 06:20:24','NORMAL',0,0,0,NULL,0,0,NULL,'2026-02-26 06:20:24',0),(6,NULL,NULL,'Tempra Drops 100mg/mL','Paracetamol','Tempra (Taisho)','Drops','100mg/mL','pediatric','Infant drops with dropper. 0-2 yrs.','medicine','Pain Relief & Fever',18,NULL,75.00,48.00,75.00,55,10,0,0.00,0,'medicine_images/Tempra Drops 100mg_mL/000008.jpg',0,'2027-03-01','Shelf A1',1,'2026-02-13 05:49:33','2026-02-26 06:20:18','NORMAL',0,0,0,NULL,0,0,NULL,'2026-02-26 06:20:18',0),(7,NULL,NULL,'Calpol 500mg Tablet','Paracetamol','Calpol (GSK)','Tablet','500mg','adult','GSK paracetamol for adults.','medicine','Pain Relief & Fever',18,NULL,95.00,62.00,95.00,180,10,100,2.00,1,'medicine_images/Calpol 500mg Tablet/000010.jpg',0,'2027-09-01','Shelf A2',1,'2026-02-13 05:49:33','2026-02-18 04:18:34','NORMAL',0,0,0,NULL,0,0,NULL,'2026-02-18 04:18:34',0),(8,NULL,NULL,'Calpol 120mg/5mL Suspension','Paracetamol','Calpol (GSK)','Syrup','120mg/5mL','pediatric','Strawberry suspension. 2-6 years.','medicine','Pain Relief & Fever',18,NULL,90.00,58.00,90.00,40,10,0,0.00,0,'medicine_images/Calpol 120mg_5mL Suspension/000023.jpg',0,'2027-06-01','Shelf A2',1,'2026-02-13 05:49:33','2026-02-17 12:06:54','NORMAL',0,0,0,NULL,0,0,NULL,'2026-02-17 12:06:54',0),(9,NULL,NULL,'Calpol 250mg/5mL Suspension','Paracetamol','Calpol (GSK)','Syrup','250mg/5mL','pediatric','For children 6+ years.','medicine','Pain Relief & Fever',18,NULL,110.00,72.00,110.00,35,10,0,0.00,0,'medicine_images/Calpol 250mg_5mL Suspension/000021.jpg',0,'2027-06-01','Shelf A2',1,'2026-02-13 05:49:33','2026-02-18 04:16:52','NORMAL',0,0,0,NULL,0,0,NULL,'2026-02-18 04:16:52',0),(10,NULL,NULL,'Tylenol 500mg Caplet','Paracetamol','Tylenol (J&J)','Caplet','500mg','adult','Premium imported caplet.','medicine','Pain Relief & Fever',18,NULL,180.00,120.00,180.00,100,10,50,5.00,1,'medicine_images/Tylenol 500mg Caplet/000001.jpg',0,'2027-10-01','Shelf A2',1,'2026-02-13 05:49:33','2026-02-26 06:25:02','NORMAL',0,0,0,NULL,0,0,NULL,'2026-02-26 06:25:02',0),(11,NULL,NULL,'Tylenol Extra Strength 650mg','Paracetamol','Tylenol (J&J)','Caplet','650mg','adult','Extra strength for stronger pain.','medicine','Pain Relief & Fever',18,NULL,220.00,145.00,220.00,60,10,50,6.00,1,'medicine_images/Tylenol Extra Strength 650mg/000013.jpg',0,'2027-10-01','Shelf A2',1,'2026-02-13 05:49:33','2026-02-26 06:25:26','NORMAL',0,0,0,NULL,0,0,NULL,'2026-02-26 06:25:26',0),(12,NULL,NULL,'RiteMed Paracetamol 500mg','Paracetamol','RiteMed','Tablet','500mg','adult','Affordable generic. Same quality, lower price.','medicine','Pain Relief & Fever',18,NULL,48.00,28.00,48.00,500,10,100,1.50,1,'medicine_images/RiteMed Paracetamol 500mg/000007.jpg',0,'2027-12-01','Shelf A3',1,'2026-02-13 05:49:33','2026-02-26 06:15:06','NORMAL',0,0,0,NULL,0,0,NULL,'2026-02-26 06:15:06',0),(13,NULL,NULL,'RiteMed Paracetamol 250mg/5mL Syrup','Paracetamol','RiteMed','Syrup','250mg/5mL','pediatric','Budget-friendly children\'s syrup.','medicine','Pain Relief & Fever',18,NULL,45.00,25.00,45.00,80,10,0,0.00,0,'medicine_images/RiteMed Paracetamol 250mg_5mL Syrup/000010.jpg',0,'2027-08-01','Shelf A3',1,'2026-02-13 05:49:33','2026-02-26 06:14:48','NORMAL',0,0,0,NULL,0,0,NULL,'2026-02-26 06:14:48',0),(14,NULL,NULL,'Advil 200mg Tablet','Ibuprofen','Advil (Pfizer)','Tablet','200mg','adult','#1 ibuprofen brand. Pain, fever, inflammation.','medicine','Pain Relief & Fever',18,NULL,180.00,115.00,180.00,107,10,100,4.00,1,'uploads/products/product_14_1770814261.webp',0,'2027-07-01','Shelf A3',1,'2026-02-13 05:49:33','2026-02-19 19:18:08','NORMAL',0,0,0,NULL,0,0,NULL,'2026-02-19 19:18:08',0),(15,NULL,NULL,'Advil Liqui-Gels 200mg','Ibuprofen','Advil (Pfizer)','Softgel','200mg','adult','Liquid-filled capsule, faster absorption.','medicine','Pain Relief & Fever',18,NULL,250.00,165.00,250.00,29,10,40,8.00,1,'medicine_images/Advil Liqui-Gels 200mg/000011.jpg',0,'2027-07-01','Shelf A3',1,'2026-02-13 05:49:33','2026-03-05 01:31:27','NORMAL',0,0,0,NULL,0,0,NULL,'2026-03-05 01:31:27',0),(16,NULL,NULL,'Medicol Advance 200mg','Ibuprofen','Medicol (Unilab)','Softgel','200mg','adult','Fast-acting ibuprofen softgel.','medicine','Pain Relief & Fever',18,NULL,120.00,78.00,120.00,200,10,100,3.50,1,'medicine_images/Medicol Advance 200mg/000001.jpg',0,'2027-09-01','Shelf A4',1,'2026-02-13 05:49:33','2026-02-26 06:55:06','NORMAL',0,0,0,NULL,0,0,NULL,'2026-02-26 06:55:06',0),(17,NULL,NULL,'Medicol Advance 400mg','Ibuprofen','Medicol (Unilab)','Softgel','400mg','adult','Double-strength for severe pain.','medicine','Pain Relief & Fever',18,NULL,180.00,115.00,180.00,100,10,50,5.50,1,'medicine_images/Medicol Advance 400mg/000007.jpg',0,'2027-09-01','Shelf A4',1,'2026-02-13 05:49:33','2026-02-26 06:55:14','NORMAL',0,0,0,NULL,0,0,NULL,'2026-02-26 06:55:14',0),(18,NULL,NULL,'Ibuprofen 200mg (RiteMed)','Ibuprofen','RiteMed','Tablet','200mg','adult','Generic ibuprofen 200mg.','medicine','Pain Relief & Fever',18,NULL,55.00,32.00,55.00,300,10,100,2.00,1,'medicine_images/Ibuprofen 200mg (RiteMed)/000001.jpg',0,'2027-11-01','Shelf A4',1,'2026-02-13 05:49:33','2026-02-26 06:34:19','NORMAL',0,0,0,NULL,0,0,NULL,'2026-02-26 06:34:19',0),(19,NULL,NULL,'Dolfenal 250mg','Mefenamic Acid','Dolfenal (Unilab)','Capsule','250mg','adult','Dysmenorrhea, toothache, post-operative pain.','medicine','Pain Relief & Fever',18,NULL,90.00,58.00,90.00,180,10,100,2.50,1,'medicine_images/Dolfenal 250mg/000011.jpg',0,'2027-08-15','Shelf A4',1,'2026-02-13 05:49:33','2026-02-19 06:15:47','NORMAL',0,0,0,NULL,0,0,NULL,'2026-02-19 06:15:47',1),(20,NULL,NULL,'Dolfenal 500mg','Mefenamic Acid','Dolfenal (Unilab)','Capsule','500mg','adult','Strong mefenamic acid.','medicine','Pain Relief & Fever',18,NULL,150.00,95.00,150.00,120,10,100,4.00,1,'medicine_images/Dolfenal 500mg/000013.jpg',0,'2027-08-15','Shelf A4',1,'2026-02-13 05:49:33','2026-02-18 04:41:01','NORMAL',0,0,0,NULL,0,0,NULL,'2026-02-18 04:41:01',1),(21,NULL,NULL,'Ponstan 500mg','Mefenamic Acid','Ponstan (Pfizer)','Capsule','500mg','adult','Premium mefenamic acid brand.','medicine','Pain Relief & Fever',18,NULL,280.00,185.00,280.00,60,10,100,7.00,1,'medicine_images/Ponstan 500mg/000001.jpg',0,'2027-10-01','Shelf A5',1,'2026-02-13 05:49:33','2026-02-26 06:58:40','NORMAL',0,0,0,NULL,0,0,NULL,'2026-02-26 06:58:40',1),(22,NULL,NULL,'Mefenamic Acid 500mg (RiteMed)','Mefenamic Acid','RiteMed','Capsule','500mg','adult','Generic mefenamic acid.','medicine','Pain Relief & Fever',18,NULL,65.00,38.00,65.00,250,10,100,2.00,1,'medicine_images/Mefenamic Acid 500mg (RiteMed)/000009.jpg',0,'2027-09-01','Shelf A6',1,'2026-02-13 05:49:33','2026-02-26 06:55:30','NORMAL',0,0,0,NULL,0,0,NULL,'2026-02-26 06:55:30',1),(23,NULL,NULL,'Flanax 275mg','Naproxen Sodium','Flanax (Bayer)','Tablet','275mg','adult','Long-lasting relief up to 12 hours.','medicine','Pain Relief & Fever',18,NULL,160.00,105.00,160.00,80,10,50,5.00,1,'medicine_images/Flanax 275mg/000003.jpg',0,'2027-11-01','Shelf A5',1,'2026-02-13 05:49:33','2026-02-26 05:48:11','NORMAL',0,0,0,NULL,0,0,NULL,'2026-02-26 05:48:11',0),(24,NULL,NULL,'Alaxan FR','Ibuprofen + Paracetamol','Alaxan (Unilab)','Caplet','200mg/325mg','adult','Combination. Body pain + headache + fever.','medicine','Pain Relief & Fever',18,NULL,115.00,72.00,115.00,230,10,100,3.00,1,'uploads/products/product_24_1770815472.jpg',0,'2027-10-01','Shelf A5',1,'2026-02-13 05:49:33','2026-02-27 18:22:42','NORMAL',0,0,0,NULL,0,0,NULL,'2026-02-27 18:22:42',0),(25,NULL,NULL,'Bayer Aspirin 500mg','Aspirin','Bayer','Tablet','500mg','adult','Classic aspirin for pain and fever.','medicine','Pain Relief & Fever',18,NULL,120.00,78.00,120.00,77,10,50,3.50,1,'medicine_images/Bayer Aspirin 500mg/000012.jpg',0,'2028-01-01','Shelf A5',1,'2026-02-13 05:49:33','2026-02-27 18:52:54','NORMAL',0,0,0,NULL,0,0,NULL,'2026-02-27 18:52:54',0),(26,NULL,NULL,'Celebrex 200mg','Celecoxib','Celebrex (Pfizer)','Capsule','200mg','adult','COX-2 inhibitor for arthritis and pain.','medicine','Pain Relief & Fever',18,NULL,48.00,32.00,48.00,40,10,10,48.00,1,'medicine_images/Celebrex 200mg/000015.jpg',0,'2027-09-01','Shelf A6',1,'2026-02-13 05:49:33','2026-02-18 04:30:46','NORMAL',0,0,0,NULL,0,0,NULL,'2026-02-18 04:30:46',1),(27,NULL,NULL,'Tramadol 50mg','Tramadol','Generic','Capsule','50mg','adult','Moderate to severe pain. Controlled substance.','medicine','Pain Relief & Fever',18,NULL,85.00,52.00,85.00,30,10,30,6.00,1,'medicine_images/Tramadol 50mg/000011.jpg',0,'2027-06-01','Shelf A6',1,'2026-02-13 05:49:33','2026-02-26 06:21:16','NORMAL',0,0,0,NULL,0,0,NULL,'2026-02-26 06:21:16',1),(28,NULL,NULL,'Naproxen 500mg (RiteMed)','Naproxen Sodium','RiteMed','Tablet','500mg','adult','Generic naproxen.','medicine','Pain Relief & Fever',18,NULL,72.00,42.00,72.00,80,10,50,4.00,1,'medicine_images/Naproxen 500mg (RiteMed)/000003.jpg',0,'2027-10-01','Shelf A6',1,'2026-02-13 05:49:33','2026-02-26 06:39:45','NORMAL',0,0,0,NULL,0,0,NULL,'2026-02-26 06:39:45',1),(29,NULL,NULL,'Midol Complete','Acetaminophen+Caffeine+Pyrilamine','Midol','Caplet','500mg/60mg/15mg','adult','For menstrual cramp relief.','medicine','Pain Relief & Fever',18,NULL,320.00,210.00,320.00,25,10,24,13.33,0,'medicine_images/Midol Complete/000001.jpg',0,'2027-12-01','Shelf A6',1,'2026-02-13 05:49:33','2026-02-26 06:01:51','NORMAL',0,0,0,NULL,0,0,NULL,'2026-02-26 06:01:51',0),(30,NULL,NULL,'Amoxicillin 500mg (RiteMed)','Amoxicillin','RiteMed','Capsule','500mg','adult','Broad-spectrum antibiotic.','medicine','Antibiotics',2,NULL,96.00,55.00,96.00,298,10,100,3.50,1,'medicine_images/Amoxicillin 500mg (RiteMed)/1.jpg',0,'2027-05-01','Shelf B1',1,'2026-02-13 05:49:33','2026-02-18 07:24:16','NORMAL',0,0,0,NULL,0,0,NULL,'2026-02-18 07:24:16',1),(31,NULL,NULL,'Amoxicillin 250mg/5mL Suspension','Amoxicillin','RiteMed','Syrup','250mg/5mL','pediatric','Pediatric antibiotic. Bubble gum flavor.','medicine','Antibiotics',2,NULL,85.00,48.00,85.00,58,10,0,0.00,0,'medicine_images/Amoxicillin 250mg_5mL Suspension/000008.jpg',0,'2027-04-01','Shelf B1',1,'2026-02-13 05:49:33','2026-02-18 07:24:16','NORMAL',0,0,0,NULL,0,0,NULL,'2026-02-18 07:24:16',1),(32,NULL,NULL,'Amoxicillin 500mg (Amoxil)','Amoxicillin','Amoxil (GSK)','Capsule','500mg','adult','Original branded amoxicillin.','medicine','Antibiotics',2,NULL,180.00,110.00,180.00,118,10,100,5.50,1,'uploads/products/product_32_1771477408.jpg',0,'2027-06-01','Shelf B1',1,'2026-02-13 05:49:33','2026-02-19 05:03:28','NORMAL',0,0,0,NULL,0,0,NULL,'2026-02-19 05:03:28',1),(33,NULL,NULL,'Augmentin 625mg','Amoxicillin + Clavulanate','Augmentin (GSK)','Tablet','500mg/125mg','adult','Protected antibiotic for resistant infections.','medicine','Antibiotics',2,NULL,950.00,620.00,950.00,32,10,14,70.00,1,'medicine_images/Augmentin 625mg/000015.jpg',0,'2027-06-01','Shelf B1',1,'2026-02-13 05:49:33','2026-02-27 18:44:34','NORMAL',0,0,0,NULL,0,0,NULL,'2026-02-27 18:44:34',1),(34,NULL,NULL,'Co-Amoxiclav 625mg (Curam)','Amoxicillin + Clavulanate','Curam','Tablet','500mg/125mg','adult','Cost-effective co-amoxiclav.','medicine','Antibiotics',2,NULL,650.00,420.00,650.00,50,10,14,48.00,1,'medicine_images/Co-Amoxiclav 625mg (Curam)/000009.jpg',0,'2027-06-15','Shelf B2',1,'2026-02-13 05:49:33','2026-02-19 04:55:24','NORMAL',0,0,0,NULL,0,0,NULL,'2026-02-19 04:55:24',1),(35,NULL,NULL,'Cefalexin 500mg (RiteMed)','Cefalexin','RiteMed','Capsule','500mg','adult','Cephalosporin for skin/UTI.','medicine','Antibiotics',2,NULL,120.00,72.00,120.00,0,10,100,4.00,1,'medicine_images/Cefalexin 500mg (RiteMed)/000020.jpg',0,'2027-07-01','Shelf B2',1,'2026-02-13 05:49:33','2026-03-07 16:59:00','NORMAL',0,0,0,NULL,0,0,NULL,'2026-03-07 16:59:00',1),(36,NULL,NULL,'Cefuroxime 500mg (Zinnat)','Cefuroxime','Zinnat (GSK)','Tablet','500mg','adult','2nd-gen cephalosporin. RTI, UTI, skin infections.','medicine','Antibiotics',2,NULL,650.00,420.00,650.00,30,10,14,48.00,1,'medicine_images/Cefuroxime 500mg (Zinnat)/000003.jpg',0,'2027-08-01','Shelf B2',1,'2026-02-13 05:49:33','2026-02-18 04:27:25','NORMAL',0,0,0,NULL,0,0,NULL,'2026-02-18 04:27:25',1),(37,NULL,NULL,'Cefuroxime 500mg (RiteMed)','Cefuroxime','RiteMed','Tablet','500mg','adult','Generic cefuroxime.','medicine','Antibiotics',2,NULL,350.00,220.00,350.00,50,10,14,26.00,1,'medicine_images/Cefuroxime 500mg (RiteMed)/000026.jpg',0,'2027-08-01','Shelf B2',1,'2026-02-13 05:49:33','2026-02-18 04:26:02','NORMAL',0,0,0,NULL,0,0,NULL,'2026-02-18 04:26:02',1),(38,NULL,NULL,'Azithromycin 500mg (Zithromax)','Azithromycin','Zithromax (Pfizer)','Tablet','500mg','adult','3-day course for respiratory infections.','medicine','Antibiotics',2,NULL,380.00,245.00,380.00,30,10,3,130.00,1,'medicine_images/Azithromycin 500mg (Zithromax)/000004.jpg',0,'2027-08-01','Shelf B3',1,'2026-02-13 05:49:33','2026-02-17 11:41:55','NORMAL',0,0,0,NULL,0,0,NULL,'2026-02-17 11:41:55',1),(39,NULL,NULL,'Azithromycin 500mg (RiteMed)','Azithromycin','RiteMed','Tablet','500mg','adult','Generic azithromycin.','medicine','Antibiotics',2,NULL,180.00,110.00,180.00,48,10,3,62.00,1,'medicine_images/Azithromycin 500mg (RiteMed)/000007.jpg',0,'2027-08-01','Shelf B3',1,'2026-02-13 05:49:33','2026-02-18 07:24:16','NORMAL',0,0,0,NULL,0,0,NULL,'2026-02-18 07:24:16',1),(40,NULL,NULL,'Ciprofloxacin 500mg','Ciprofloxacin','Generic','Tablet','500mg','adult','Fluoroquinolone for UTI, RTI.','medicine','Antibiotics',2,NULL,95.00,55.00,95.00,150,10,100,3.50,1,'medicine_images/Ciprofloxacin 500mg/000001.jpg',0,'2027-07-01','Shelf B3',1,'2026-02-13 05:49:33','2026-02-18 04:38:34','NORMAL',0,0,0,NULL,0,0,NULL,'2026-02-18 04:38:34',1),(41,NULL,NULL,'Levofloxacin 500mg','Levofloxacin','Generic','Tablet','500mg','adult','Fluoroquinolone. Pneumonia, sinusitis.','medicine','Antibiotics',2,NULL,120.00,72.00,120.00,80,10,50,5.50,1,'medicine_images/Levofloxacin 500mg/000003.jpg',0,'2027-07-01','Shelf B3',1,'2026-02-13 05:49:33','2026-02-26 05:55:22','NORMAL',0,0,0,NULL,0,0,NULL,'2026-02-26 05:55:22',1),(42,NULL,NULL,'Doxycycline 100mg','Doxycycline','Generic','Capsule','100mg','adult','Tetracycline. Acne, chlamydia, malaria prophylaxis.','medicine','Antibiotics',2,NULL,60.00,35.00,60.00,200,10,100,2.50,1,'medicine_images/Doxycycline 100mg/000003.jpg',0,'2027-09-01','Shelf B4',1,'2026-02-13 05:49:33','2026-02-18 04:43:01','NORMAL',0,0,0,NULL,0,0,NULL,'2026-02-18 04:43:01',1),(43,NULL,NULL,'Clindamycin 300mg','Clindamycin','Generic','Capsule','300mg','adult','Skin/soft tissue infections. Dental infections.','medicine','Antibiotics',2,NULL,180.00,110.00,180.00,60,10,100,5.50,1,'medicine_images/Clindamycin 300mg/000023.jpg',0,'2027-08-01','Shelf B4',1,'2026-02-13 05:49:33','2026-02-19 04:45:36','NORMAL',0,0,0,NULL,0,0,NULL,'2026-02-19 04:45:36',1),(44,NULL,NULL,'Erythromycin 500mg','Erythromycin','Generic','Tablet','500mg','adult','Macrolide antibiotic. Penicillin-allergic alternative.','medicine','Antibiotics',2,NULL,85.00,50.00,85.00,100,10,100,3.00,1,'medicine_images/Erythromycin 500mg/000025.jpg',0,'2027-07-01','Shelf B4',1,'2026-02-13 05:49:33','2026-02-19 06:20:06','NORMAL',0,0,0,NULL,0,0,NULL,'2026-02-19 06:20:06',1),(45,NULL,NULL,'Metronidazole 500mg (Flagyl)','Metronidazole','Flagyl (Sanofi)','Tablet','500mg','adult','Anaerobic/dental/parasitic infections.','medicine','Antibiotics',2,NULL,85.00,50.00,85.00,150,10,100,3.00,1,'medicine_images/Metronidazole 500mg (Flagyl)/000020.jpg',0,'2027-09-01','Shelf B4',1,'2026-02-13 05:49:33','2026-02-26 05:59:42','NORMAL',0,0,0,NULL,0,0,NULL,'2026-02-26 05:59:42',1),(46,NULL,NULL,'Cotrimoxazole 800/160mg (Bactrim)','Sulfamethoxazole+Trimethoprim','Bactrim (Roche)','Tablet','800/160mg','adult','UTI, ear infections, bronchitis.','medicine','Antibiotics',2,NULL,120.00,75.00,120.00,80,10,100,4.00,1,'medicine_images/Cotrimoxazole 800_160mg (Bactrim)/000003.jpg',0,'2027-08-01','Shelf B5',1,'2026-02-13 05:49:33','2026-02-19 05:06:42','NORMAL',0,0,0,NULL,0,0,NULL,'2026-02-19 05:06:42',1),(47,NULL,NULL,'Nitrofurantoin 100mg','Nitrofurantoin','Generic','Capsule','100mg','adult','Specifically for urinary tract infections.','medicine','Antibiotics',2,NULL,95.00,58.00,95.00,60,10,100,3.50,1,'medicine_images/Nitrofurantoin 100mg/000002.jpg',0,'2027-06-01','Shelf B5',1,'2026-02-13 05:49:33','2026-02-26 06:46:04','NORMAL',0,0,0,NULL,0,0,NULL,'2026-02-26 06:46:04',1),(48,NULL,NULL,'Fluconazole 150mg','Fluconazole','Generic','Capsule','150mg','adult','Single-dose antifungal for yeast infections.','medicine','Antibiotics',2,NULL,45.00,25.00,45.00,80,10,1,45.00,0,'medicine_images/Fluconazole 150mg/000008.jpg',0,'2027-10-01','Shelf B5',1,'2026-02-13 05:49:33','2026-02-26 05:26:03','NORMAL',0,0,0,NULL,0,0,NULL,'2026-02-26 05:26:03',1),(49,NULL,NULL,'Clotrimazole 500mg Pessary','Clotrimazole','Canesten (Bayer)','Pessary','500mg','adult','Single-dose vaginal antifungal.','medicine','Antibiotics',2,NULL,350.00,225.00,350.00,25,10,1,350.00,0,'medicine_images/Clotrimazole 500mg Pessary/000016.jpg',0,'2027-10-01','Shelf B5',1,'2026-02-13 05:49:33','2026-02-19 04:50:39','NORMAL',0,0,0,NULL,0,0,NULL,'2026-02-19 04:50:39',0),(50,NULL,NULL,'Solmux 500mg Capsule','Carbocisteine','Solmux (Unilab)','Capsule','500mg','adult','Mucolytic. Thins & expels phlegm.','medicine','Cough & Cold',20,NULL,120.00,78.00,120.00,250,10,100,3.00,1,'medicine_images/Solmux 500mg Capsule/000001.jpg',0,'2027-09-01','Shelf C1',1,'2026-02-13 05:49:33','2026-02-26 06:49:49','NORMAL',0,0,0,NULL,0,0,NULL,'2026-02-26 06:49:49',0),(51,NULL,NULL,'Solmux 250mg/5mL Syrup','Carbocisteine','Solmux (Unilab)','Syrup','250mg/5mL','pediatric','Mucolytic syrup for kids 2-12 yrs.','medicine','Cough & Cold',20,NULL,95.00,60.00,95.00,80,10,0,0.00,0,'medicine_images/Solmux 250mg_5mL Syrup/000002.jpg',0,'2027-07-01','Shelf C1',1,'2026-02-13 05:49:33','2026-02-26 06:48:11','NORMAL',0,0,0,NULL,0,0,NULL,'2026-02-26 06:48:11',0),(52,NULL,NULL,'Solmux Kiddie Syrup','Carbocisteine','Solmux (Unilab)','Syrup','100mg/5mL','pediatric','Lower dose for younger children.','medicine','Cough & Cold',20,NULL,75.00,48.00,75.00,60,10,0,0.00,0,'medicine_images/Solmux Kiddie Syrup/000004.jpg',0,'2027-07-01','Shelf C1',1,'2026-02-13 05:49:33','2026-02-26 06:49:58','NORMAL',0,0,0,NULL,0,0,NULL,'2026-02-26 06:49:58',0),(53,NULL,NULL,'Mucosolvan 30mg Tablet','Ambroxol','Mucosolvan (Boehringer)','Tablet','30mg','adult','Mucolytic tablet.','medicine','Cough & Cold',20,NULL,150.00,95.00,150.00,80,10,30,5.50,1,'medicine_images/Mucosolvan 30mg Tablet/000003.jpg',0,'2027-10-01','Shelf C1',1,'2026-02-13 05:49:33','2026-02-26 06:04:55','NORMAL',0,0,0,NULL,0,0,NULL,'2026-02-26 06:04:55',0),(54,NULL,NULL,'Mucosolvan Syrup 15mg/5mL','Ambroxol','Mucosolvan (Boehringer)','Syrup','15mg/5mL','all','Ambroxol syrup for cough with phlegm.','medicine','Cough & Cold',20,NULL,165.00,105.00,165.00,50,10,0,0.00,0,'medicine_images/Mucosolvan Syrup 15mg_5mL/000005.jpg',0,'2027-08-01','Shelf C1',1,'2026-02-13 05:49:33','2026-02-26 06:05:12','NORMAL',0,0,0,NULL,0,0,NULL,'2026-02-26 06:05:12',0),(55,NULL,NULL,'Robitussin DM Syrup','Dextromethorphan+Guaifenesin','Robitussin (Pfizer)','Syrup','10mg/100mg per 5mL','adult','Cough suppressant + expectorant.','medicine','Cough & Cold',20,NULL,185.00,120.00,185.00,45,10,0,0.00,0,'medicine_images/Robitussin DM Syrup/000002.jpg',0,'2027-09-01','Shelf C2',1,'2026-02-13 05:49:33','2026-02-26 06:15:16','NORMAL',0,0,0,NULL,0,0,NULL,'2026-02-26 06:15:16',0),(56,NULL,NULL,'Benadryl Cough Syrup','Diphenhydramine+Dextromethorphan','Benadryl (J&J)','Syrup','Multi','adult','Nighttime cough relief.','medicine','Cough & Cold',20,NULL,165.00,105.00,165.00,39,10,0,0.00,0,'medicine_images/Benadryl Cough Syrup/000005.jpg',0,'2027-08-01','Shelf C2',1,'2026-02-13 05:49:33','2026-02-17 11:47:03','NORMAL',0,0,0,NULL,0,0,NULL,'2026-02-17 11:47:03',0),(57,NULL,NULL,'Decolgen Tablet','Phenylpropanolamine+Chlorphenamine+Paracetamol','Decolgen (Unilab)','Tablet','Multi','adult','For colds, nasal congestion, fever.','medicine','Cough & Cold',20,NULL,65.00,40.00,65.00,300,10,100,2.00,1,'medicine_images/Decolgen Tablet/000002.jpg',0,'2027-11-01','Shelf C2',1,'2026-02-13 05:49:33','2026-02-19 05:20:48','NORMAL',0,0,0,NULL,0,0,NULL,'2026-02-19 05:20:48',0),(58,NULL,NULL,'Decolgen No Drowse','Phenylephrine+Paracetamol','Decolgen (Unilab)','Caplet','Multi','adult','Non-drowsy cold relief.','medicine','Cough & Cold',20,NULL,75.00,48.00,75.00,200,10,100,2.50,1,'medicine_images/Decolgen No Drowse/000008.jpg',0,'2027-11-01','Shelf C2',1,'2026-02-13 05:49:33','2026-02-19 05:19:59','NORMAL',0,0,0,NULL,0,0,NULL,'2026-02-19 05:19:59',0),(59,NULL,NULL,'Neozep Forte Tablet','Phenylephrine+Chlorphenamine+Paracetamol','Neozep (Unilab)','Tablet','Multi','adult','Forte formula for severe colds.','medicine','Cough & Cold',20,NULL,70.00,42.00,70.00,300,10,100,2.00,1,'medicine_images/Neozep Forte Tablet/000009.jpg',0,'2027-10-01','Shelf C3',1,'2026-02-13 05:49:33','2026-02-26 06:40:33','NORMAL',0,0,0,NULL,0,0,NULL,'2026-02-26 06:40:33',0),(60,NULL,NULL,'Neozep Non-Drowse','Phenylephrine+Paracetamol','Neozep (Unilab)','Caplet','Multi','adult','Daytime cold relief.','medicine','Cough & Cold',20,NULL,75.00,48.00,75.00,200,10,100,2.50,1,'medicine_images/Neozep Non-Drowse/000001.jpg',0,'2027-10-01','Shelf C3',1,'2026-02-13 05:49:33','2026-02-26 06:45:07','NORMAL',0,0,0,NULL,0,0,NULL,'2026-02-26 06:45:07',0),(61,NULL,NULL,'Bioflu Tablet','Phenylephrine+Chlorphenamine+Paracetamol','Bioflu (Unilab)','Tablet','Multi','adult','For flu symptoms: fever, body pain, runny nose.','medicine','Cough & Cold',20,NULL,85.00,52.00,85.00,250,10,100,2.50,1,'medicine_images/Bioflu Tablet/000023.jpg',0,'2027-09-01','Shelf C3',1,'2026-02-13 05:49:33','2026-02-17 11:59:25','NORMAL',0,0,0,NULL,0,0,NULL,'2026-02-17 11:59:25',0),(62,NULL,NULL,'Tuseran Forte Capsule','Dextromethorphan+Phenylpropanolamine+Paracetamol','Tuseran (Unilab)','Capsule','Multi','adult','For dry cough with colds & fever.','medicine','Cough & Cold',20,NULL,80.00,50.00,80.00,150,10,100,2.50,1,'medicine_images/Tuseran Forte Capsule/000001.jpg',0,'2027-08-01','Shelf C3',1,'2026-02-13 05:49:33','2026-02-26 06:24:54','NORMAL',0,0,0,NULL,0,0,NULL,'2026-02-26 06:24:54',0),(63,NULL,NULL,'Sinutab Tablet','Paracetamol+Phenylephrine','Sinutab (J&J)','Tablet','500mg/5mg','adult','Sinus pressure & headache relief.','medicine','Cough & Cold',20,NULL,180.00,115.00,180.00,40,10,20,9.50,1,'medicine_images/Sinutab Tablet/000001.jpg',0,'2027-10-01','Shelf C4',1,'2026-02-13 05:49:33','2026-02-26 06:17:30','NORMAL',0,0,0,NULL,0,0,NULL,'2026-02-26 06:17:30',0),(64,NULL,NULL,'Disudrin Tablet','Phenylpropanolamine+Chlorphenamine','Disudrin (Unilab)','Tablet','Multi','adult','Nasal decongestant.','medicine','Cough & Cold',20,NULL,55.00,32.00,55.00,200,10,100,1.50,1,'medicine_images/Disudrin Tablet/000014.jpg',0,'2027-11-01','Shelf C4',1,'2026-02-13 05:49:33','2026-02-26 05:41:30','NORMAL',0,0,0,NULL,0,0,NULL,'2026-02-26 05:41:30',0),(65,NULL,NULL,'Fluimucil 600mg Effervescent','N-Acetylcysteine','Fluimucil (Zambon)','Effervescent','600mg','adult','Dissolve in water. Mucolytic.','medicine','Cough & Cold',20,NULL,380.00,245.00,380.00,30,10,10,39.00,1,'medicine_images/Fluimucil 600mg Effervescent/000004.jpg',0,'2027-10-01','Shelf C4',1,'2026-02-13 05:49:33','2026-02-26 05:27:47','NORMAL',0,0,0,NULL,0,0,NULL,'2026-02-26 05:27:47',0),(66,NULL,NULL,'Ascof Lagundi 600mg','Vitex negundo (Lagundi)','Ascof (Pascual)','Capsule','600mg','adult','Herbal cough remedy. FDA-approved.','medicine','Cough & Cold',20,NULL,85.00,52.00,85.00,148,10,100,2.50,1,'medicine_images/Ascof Lagundi 600mg/chosen.jpg',0,'2027-12-01','Shelf C4',1,'2026-02-13 05:49:33','2026-02-17 12:07:26','NORMAL',0,0,0,NULL,0,0,NULL,'2026-02-17 12:07:26',0),(67,NULL,NULL,'Strepsils Lozenges','Amylmetacresol+Dichlorobenzyl alcohol','Strepsils (Reckitt)','Lozenge','Multi','adult','Sore throat relief lozenges.','medicine','Cough & Cold',20,NULL,85.00,55.00,85.00,100,10,16,5.50,1,'medicine_images/Strepsils Lozenges/000003.jpg',0,'2028-01-01','Shelf C5',1,'2026-02-13 05:49:33','2026-02-26 06:50:38','NORMAL',0,0,0,NULL,0,0,NULL,'2026-02-26 06:50:38',0),(68,NULL,NULL,'Vicks VapoRub 50g','Menthol+Camphor+Eucalyptus','Vicks (P&G)','Ointment','Multi','all','Topical cough suppressant & decongestant.','medicine','Cough & Cold',20,NULL,120.00,78.00,120.00,80,10,0,0.00,0,'medicine_images/Vicks VapoRub 50g/000002.jpg',0,'2028-06-01','Shelf C5',1,'2026-02-13 05:49:33','2026-02-26 06:26:19','NORMAL',0,0,0,NULL,0,0,NULL,'2026-02-26 06:26:19',0),(69,NULL,NULL,'Betadine Throat Spray','Povidone-Iodine','Betadine (Mundipharma)','Spray','0.45%','adult','Antiseptic throat spray.','medicine','Cough & Cold',20,NULL,250.00,165.00,250.00,30,10,0,0.00,0,'medicine_images/Betadine Throat Spray/000010.jpg',0,'2027-12-01','Shelf C5',1,'2026-02-13 05:49:33','2026-02-17 11:59:02','NORMAL',0,0,0,NULL,0,0,NULL,'2026-02-17 11:59:02',0),(70,NULL,NULL,'Bactidol Mouthwash 250mL','Hexetidine','Bactidol (J&J)','Mouthwash','0.1%','adult','Oral antiseptic for sore throat & mouth ulcers.','medicine','Cough & Cold',20,NULL,180.00,115.00,180.00,28,10,0,0.00,0,'medicine_images/Bactidol Mouthwash 250mL/000020.jpg',0,'2028-06-01','Shelf C5',1,'2026-02-13 05:49:33','2026-02-17 12:07:26','NORMAL',0,0,0,NULL,0,0,NULL,'2026-02-17 12:07:26',0),(71,NULL,NULL,'Centrum Advance 100s','Multivitamins+Minerals','Centrum (Pfizer)','Tablet','Multi','adult','Complete A to Zinc multivitamin.','medicine','Vitamins & Supplements',21,NULL,1250.00,830.00,1250.00,30,10,100,13.50,0,'medicine_images/Centrum Advance 100s/000004.jpg',0,'2028-06-01','Shelf D1',1,'2026-02-13 05:49:33','2026-02-18 04:33:21','NORMAL',0,0,0,NULL,0,0,NULL,'2026-02-18 04:33:21',0),(72,NULL,NULL,'Centrum Silver 30s','Multivitamins+Minerals','Centrum (Pfizer)','Tablet','Multi','adult','For adults 50+. With Lutein & Lycopene.','medicine','Vitamins & Supplements',21,NULL,650.00,425.00,650.00,25,10,30,22.00,0,'medicine_images/Centrum Silver 30s/000011.jpg',0,'2028-06-01','Shelf D1',1,'2026-02-13 05:49:33','2026-02-18 04:34:05','NORMAL',0,0,0,NULL,0,0,NULL,'2026-02-18 04:34:05',0),(73,NULL,NULL,'Enervon Multivitamins 30s','Vitamin B-Complex+C','Enervon (Unilab)','Tablet','Multi','adult','Energy and immunity boost.','medicine','Vitamins & Supplements',21,NULL,240.00,155.00,240.00,80,10,30,8.50,0,'medicine_images/Enervon Multivitamins 30s/000009.jpg',0,'2028-03-01','Shelf D1',1,'2026-02-13 05:49:33','2026-02-26 05:42:18','NORMAL',0,0,0,NULL,0,0,NULL,'2026-02-26 05:42:18',0),(74,NULL,NULL,'Enervon-C 30s','Vitamin B-Complex+C+Iron+Zinc','Enervon (Unilab)','Tablet','Multi','adult','With iron & zinc for blood health.','medicine','Vitamins & Supplements',21,NULL,280.00,180.00,280.00,60,10,30,10.00,0,'medicine_images/Enervon-C 30s/000003.jpg',0,'2028-03-01','Shelf D1',1,'2026-02-13 05:49:33','2026-02-26 05:42:31','NORMAL',0,0,0,NULL,0,0,NULL,'2026-02-26 05:42:31',0),(75,NULL,NULL,'Berocca 10s Effervescent','B-Vitamins+C+Calcium+Magnesium+Zinc','Berocca (Bayer)','Effervescent','Multi','adult','Fizzy energy vitamin tablet.','medicine','Vitamins & Supplements',21,NULL,320.00,210.00,320.00,40,10,10,33.00,0,'medicine_images/Berocca 10s Effervescent/000012.jpg',0,'2028-01-01','Shelf D2',1,'2026-02-13 05:49:33','2026-02-17 11:53:27','NORMAL',0,0,0,NULL,0,0,NULL,'2026-02-17 11:53:27',0),(76,NULL,NULL,'Conzace 30s','Vitamins A,C,E + Zinc','Conzace (Unilab)','Capsule','Multi','adult','Antioxidant combination. Skin & immunity.','medicine','Vitamins & Supplements',21,NULL,480.00,310.00,480.00,50,10,30,16.50,0,'medicine_images/Conzace 30s/000008.jpg',0,'2028-06-01','Shelf D2',1,'2026-02-13 05:49:33','2026-02-19 05:06:15','NORMAL',0,0,0,NULL,0,0,NULL,'2026-02-19 05:06:15',0),(77,NULL,NULL,'Myra-E 400 IU 30s','Vitamin E','Myra (Unilab)','Capsule','400 IU','adult','Skin nourishing vitamin E.','medicine','Vitamins & Supplements',21,NULL,350.00,225.00,350.00,60,10,30,12.00,0,'medicine_images/Myra-E 400 IU 30s/000013.jpg',0,'2028-06-01','Shelf D2',1,'2026-02-13 05:49:33','2026-02-26 06:06:14','NORMAL',0,0,0,NULL,0,0,NULL,'2026-02-26 06:06:14',0),(78,NULL,NULL,'Fern-C 568.18mg 60s','Sodium Ascorbate','Fern-C','Capsule','568.18mg','adult','Non-acidic vitamin C.','medicine','Vitamins & Supplements',21,NULL,520.00,340.00,520.00,50,10,60,9.00,0,'medicine_images/Fern-C 568.18mg 60s/000023.jpg',0,'2028-09-01','Shelf D2',1,'2026-02-13 05:49:33','2026-02-26 05:44:30','NORMAL',0,0,0,NULL,0,0,NULL,'2026-02-26 05:44:30',0),(79,NULL,NULL,'Celin 500mg 100s','Ascorbic Acid','Celin (GSK)','Tablet','500mg','adult','Classic vitamin C tablet.','medicine','Vitamins & Supplements',21,NULL,280.00,180.00,280.00,80,10,100,3.00,1,'medicine_images/Celin 500mg 100s/000001.jpg',0,'2028-06-01','Shelf D3',1,'2026-02-13 05:49:33','2026-02-18 04:31:30','NORMAL',0,0,0,NULL,0,0,NULL,'2026-02-18 04:31:30',0),(80,NULL,NULL,'Immunpro 30s','Vitamin C + Zinc','Immunpro (Unilab)','Tablet','500mg/10mg','adult','Immunity booster.','medicine','Vitamins & Supplements',21,NULL,280.00,180.00,280.00,80,10,30,10.00,0,'medicine_images/Immunpro 30s/000018.jpg',0,'2028-03-01','Shelf D3',1,'2026-02-13 05:49:33','2026-02-26 06:34:44','NORMAL',0,0,0,NULL,0,0,NULL,'2026-02-26 06:34:44',0),(81,NULL,NULL,'Stresstabs 30s','B-Complex+C+E+Zinc+Iron','Stresstabs (Pfizer)','Tablet','Multi','adult','Stress formula multivitamin.','medicine','Vitamins & Supplements',21,NULL,350.00,225.00,350.00,50,10,30,12.00,0,'medicine_images/Stresstabs 30s/000005.jpg',0,'2028-06-01','Shelf D3',1,'2026-02-13 05:49:33','2026-02-26 06:50:46','NORMAL',0,0,0,NULL,0,0,NULL,'2026-02-26 06:50:46',0),(82,NULL,NULL,'Caltrate Plus 600+D 30s','Calcium+Vitamin D','Caltrate (Pfizer)','Tablet','600mg/400IU','adult','Bone health. Calcium + Vitamin D.','medicine','Vitamins & Supplements',21,NULL,520.00,340.00,520.00,33,10,30,18.00,0,'medicine_images/Caltrate Plus 600+D 30s/000001.jpg',0,'2028-09-01','Shelf D3',1,'2026-02-13 05:49:33','2026-02-18 07:57:58','NORMAL',0,0,0,NULL,0,0,NULL,'2026-02-18 07:57:58',0),(83,NULL,NULL,'Sangobion 30s','Iron+Folic Acid+B12+C','Sangobion (Merck)','Capsule','Multi','adult','For iron-deficiency anemia.','medicine','Vitamins & Supplements',21,NULL,380.00,245.00,380.00,45,10,30,13.00,0,'medicine_images/Sangobion 30s/000009.jpg',0,'2028-06-01','Shelf D4',1,'2026-02-13 05:49:33','2026-02-26 06:16:12','NORMAL',0,0,0,NULL,0,0,NULL,'2026-02-26 06:16:12',0),(84,NULL,NULL,'Iberet Folic 30s','Iron+Folic Acid+B-Complex+C','Iberet (Abbott)','Tablet','Multi','adult','Iron supplement for pregnancy & anemia.','medicine','Vitamins & Supplements',21,NULL,420.00,270.00,420.00,40,10,30,14.50,0,'medicine_images/Iberet Folic 30s/000001.jpg',0,'2028-06-01','Shelf D4',1,'2026-02-13 05:49:33','2026-02-26 06:34:14','NORMAL',0,0,0,NULL,0,0,NULL,'2026-02-26 06:34:14',0),(85,NULL,NULL,'Folic Acid 5mg 100s','Folic Acid','Generic','Tablet','5mg','adult','For pregnancy, anemia prevention.','medicine','Vitamins & Supplements',21,NULL,85.00,48.00,85.00,100,10,100,1.50,1,'medicine_images/Folic Acid 5mg 100s/000027.jpg',0,'2028-03-01','Shelf D4',1,'2026-02-13 05:49:33','2026-02-26 05:31:00','NORMAL',0,0,0,NULL,0,0,NULL,'2026-02-26 05:31:00',0),(86,NULL,NULL,'Ferrous Sulfate 325mg 100s','Ferrous Sulfate','Generic','Tablet','325mg','adult','Iron supplement for anemia.','medicine','Vitamins & Supplements',21,NULL,65.00,38.00,65.00,118,10,100,1.50,1,'medicine_images/Ferrous Sulfate 325mg 100s/000011.jpg',0,'2028-01-01','Shelf D4',1,'2026-02-13 05:49:33','2026-02-26 05:44:54','NORMAL',0,0,0,NULL,0,0,NULL,'2026-02-26 05:44:54',0),(87,NULL,NULL,'Neurogen-E 30s','Vitamin B1+B6+B12','Neurogen-E (Unilab)','Capsule','300mg/100mg/1mg','adult','Nerve nourishing vitamin. Numbness & nerve pain.','medicine','Vitamins & Supplements',21,NULL,350.00,225.00,350.00,60,10,30,13.00,1,'medicine_images/Neurogen-E 30s/000001.jpg',0,'2028-01-01','Shelf D5',1,'2026-02-13 05:49:33','2026-02-26 06:45:14','NORMAL',0,0,0,NULL,0,0,NULL,'2026-02-26 06:45:14',0),(88,NULL,NULL,'Memo Plus Gold 30s','Bacopa monnieri','Memo Plus Gold','Capsule','100mg','adult','Memory & brain health supplement.','medicine','Vitamins & Supplements',21,NULL,750.00,490.00,750.00,30,10,30,26.00,0,'medicine_images/Memo Plus Gold 30s/000004.jpg',0,'2028-03-01','Shelf D5',1,'2026-02-13 05:49:33','2026-02-26 06:55:42','NORMAL',0,0,0,NULL,0,0,NULL,'2026-02-26 06:55:42',0),(89,NULL,NULL,'Kirkland Fish Oil 1000mg 400s','Omega-3 Fish Oil','Kirkland','Softgel','1000mg','adult','Heart health. Omega-3 fatty acids.','medicine','Vitamins & Supplements',21,NULL,980.00,620.00,980.00,20,10,400,2.50,0,'medicine_images/Kirkland Fish Oil 1000mg 400s/000003.jpg',0,'2028-06-01','Shelf D5',1,'2026-02-13 05:49:33','2026-02-26 05:48:52','NORMAL',0,0,0,NULL,0,0,NULL,'2026-02-26 05:48:52',0),(90,NULL,NULL,'Kirkland Vitamin C 1000mg 500s','Ascorbic Acid','Kirkland','Tablet','1000mg','adult','High-dose vitamin C.','medicine','Vitamins & Supplements',21,NULL,850.00,550.00,850.00,20,10,500,1.80,0,'medicine_images/Kirkland Vitamin C 1000mg 500s/000001.jpg',0,'2028-12-01','Shelf D5',1,'2026-02-13 05:49:33','2026-02-26 05:48:59','NORMAL',0,0,0,NULL,0,0,NULL,'2026-02-26 05:48:59',0),(91,NULL,NULL,'Nature Made Vitamin D3 1000IU 300s','Cholecalciferol','Nature Made','Softgel','1000IU','adult','Bone, muscle, immune health.','medicine','Vitamins & Supplements',21,NULL,780.00,510.00,780.00,15,10,300,2.80,0,'medicine_images/Nature Made Vitamin D3 1000IU 300s/000005.jpg',0,'2028-09-01','Shelf D5',1,'2026-02-13 05:49:33','2026-02-26 06:40:00','NORMAL',0,0,0,NULL,0,0,NULL,'2026-02-26 06:40:00',0),(92,NULL,NULL,'Osteocare 30s','Calcium+Magnesium+Zinc+D3','Osteocare (Vitabiotics)','Tablet','Multi','adult','Comprehensive bone support.','medicine','Vitamins & Supplements',21,NULL,520.00,340.00,520.00,30,10,30,18.00,0,'medicine_images/Osteocare 30s/000002.jpg',0,'2028-06-01','Shelf D6',1,'2026-02-13 05:49:33','2026-02-26 06:11:51','NORMAL',0,0,0,NULL,0,0,NULL,'2026-02-26 06:11:51',0),(93,NULL,NULL,'Skelan 500mg 30s','Glucosamine Sulfate','Skelan','Capsule','500mg','adult','Joint health supplement.','medicine','Vitamins & Supplements',21,NULL,450.00,290.00,450.00,25,10,30,15.50,0,'medicine_images/Skelan 500mg 30s/000025.jpg',0,'2028-03-01','Shelf D6',1,'2026-02-13 05:49:33','2026-02-26 06:19:22','NORMAL',0,0,0,NULL,0,0,NULL,'2026-02-26 06:19:22',0),(94,NULL,NULL,'Kremil-S Tablet','Aluminum/Magnesium Hydroxide+Simethicone','Kremil-S (Unilab)','Tablet','Multi','adult','Antacid + anti-gas. Hyperacidity, ulcer pain.','medicine','Gastrointestinal',8,NULL,65.00,40.00,65.00,300,10,100,2.00,1,'medicine_images/Kremil-S Tablet/000021.jpg',0,'2027-12-01','Shelf E1',1,'2026-02-13 05:49:33','2026-02-26 05:50:06','NORMAL',0,0,0,NULL,0,0,NULL,'2026-02-26 05:50:06',0),(95,NULL,NULL,'Kremil-S Advance','Famotidine+Magnesium Hydroxide+Calcium Carbonate','Kremil-S (Unilab)','Tablet','Multi','adult','Stronger acid control formula.','medicine','Gastrointestinal',8,NULL,85.00,52.00,85.00,150,10,60,3.50,1,'medicine_images/Kremil-S Advance/000018.jpg',0,'2027-12-01','Shelf E1',1,'2026-02-13 05:49:33','2026-02-26 05:50:28','NORMAL',0,0,0,NULL,0,0,NULL,'2026-02-26 05:50:28',0),(96,NULL,NULL,'Maalox Suspension 240mL','Aluminum/Magnesium Hydroxide+Simethicone','Maalox (Sanofi)','Suspension','Multi','adult','Liquid antacid for heartburn.','medicine','Gastrointestinal',8,NULL,250.00,165.00,250.00,40,10,0,0.00,0,'medicine_images/Maalox Suspension 240mL/000003.jpg',0,'2027-10-01','Shelf E1',1,'2026-02-13 05:49:33','2026-02-26 06:54:53','NORMAL',0,0,0,NULL,0,0,NULL,'2026-02-26 06:54:53',0),(97,NULL,NULL,'Gaviscon Advance 150mL','Sodium Alginate+Potassium Bicarbonate','Gaviscon (Reckitt)','Suspension','Multi','adult','Forms raft on stomach. Acid reflux relief.','medicine','Gastrointestinal',8,NULL,380.00,250.00,380.00,30,10,0,0.00,0,'medicine_images/Gaviscon Advance 150mL/000019.jpg',0,'2027-11-01','Shelf E1',1,'2026-02-13 05:49:33','2026-02-26 05:32:06','NORMAL',0,0,0,NULL,0,0,NULL,'2026-02-26 05:32:06',0),(98,NULL,NULL,'Omeprazole 20mg (RiteMed)','Omeprazole','RiteMed','Capsule','20mg','adult','Proton pump inhibitor. Ulcers, GERD.','medicine','Gastrointestinal',8,NULL,85.00,48.00,85.00,200,10,100,3.00,1,'medicine_images/Omeprazole 20mg (RiteMed)/000014.jpg',0,'2027-09-01','Shelf E2',1,'2026-02-13 05:49:33','2026-02-26 06:07:19','NORMAL',0,0,0,NULL,0,0,NULL,'2026-02-26 06:07:19',1),(99,NULL,NULL,'Omeprazole 40mg (RiteMed)','Omeprazole','RiteMed','Capsule','40mg','adult','Higher dose for severe GERD.','medicine','Gastrointestinal',8,NULL,120.00,72.00,120.00,100,10,100,4.50,1,'medicine_images/Omeprazole 40mg (RiteMed)/000003.jpg',0,'2027-09-01','Shelf E2',1,'2026-02-13 05:49:33','2026-02-26 06:07:28','NORMAL',0,0,0,NULL,0,0,NULL,'2026-02-26 06:07:28',1),(100,NULL,NULL,'Losec MUPS 20mg','Omeprazole','Losec (AstraZeneca)','Tablet','20mg','adult','Original branded omeprazole.','medicine','Gastrointestinal',8,NULL,380.00,250.00,380.00,30,10,14,28.00,1,'medicine_images/Losec MUPS 20mg/000001.jpg',0,'2027-10-01','Shelf E2',1,'2026-02-13 05:49:33','2026-02-26 06:54:43','NORMAL',0,0,0,NULL,0,0,NULL,'2026-02-26 06:54:43',1),(101,NULL,NULL,'Nexium 40mg','Esomeprazole','Nexium (AstraZeneca)','Tablet','40mg','adult','Next-gen PPI. Stronger acid suppression.','medicine','Gastrointestinal',8,NULL,520.00,340.00,520.00,20,10,14,38.00,1,'medicine_images/Nexium 40mg/000005.jpg',0,'2027-10-01','Shelf E2',1,'2026-02-13 05:49:33','2026-02-26 06:45:31','NORMAL',0,0,0,NULL,0,0,NULL,'2026-02-26 06:45:31',1),(102,NULL,NULL,'Imodium 2mg','Loperamide','Imodium (J&J)','Capsule','2mg','adult','Anti-diarrheal. Fast relief.','medicine','Gastrointestinal',8,NULL,120.00,78.00,120.00,80,10,20,6.50,1,'medicine_images/Imodium 2mg/000008.jpg',0,'2027-08-01','Shelf E3',1,'2026-02-13 05:49:33','2026-02-26 06:34:57','NORMAL',0,0,0,NULL,0,0,NULL,'2026-02-26 06:34:57',0),(103,NULL,NULL,'Diatabs 2mg','Loperamide','Diatabs (Unilab)','Tablet','2mg','adult','Affordable anti-diarrheal.','medicine','Gastrointestinal',8,NULL,65.00,38.00,65.00,200,10,100,2.00,1,'medicine_images/Diatabs 2mg/000005.jpg',0,'2027-12-01','Shelf E3',1,'2026-02-13 05:49:33','2026-02-19 05:32:16','NORMAL',0,0,0,NULL,0,0,NULL,'2026-02-19 05:32:16',0),(104,NULL,NULL,'Buscopan 10mg','Hyoscine Butylbromide','Buscopan (Boehringer)','Tablet','10mg','adult','Antispasmodic. Stomach cramps, colic.','medicine','Gastrointestinal',8,NULL,150.00,95.00,150.00,52,10,40,4.50,1,'medicine_images/Buscopan 10mg/000012.jpg',0,'2027-09-01','Shelf E3',1,'2026-02-13 05:49:33','2026-02-18 07:59:36','NORMAL',0,0,0,NULL,0,0,NULL,'2026-02-18 07:59:36',0),(105,NULL,NULL,'Dulcolax 5mg','Bisacodyl','Dulcolax (Boehringer)','Tablet','5mg','adult','Laxative for constipation.','medicine','Gastrointestinal',8,NULL,85.00,52.00,85.00,100,10,30,3.50,1,'medicine_images/Dulcolax 5mg/000003.jpg',0,'2027-11-01','Shelf E3',1,'2026-02-13 05:49:33','2026-02-18 04:44:20','NORMAL',0,0,0,NULL,0,0,NULL,'2026-02-18 04:44:20',0),(106,NULL,NULL,'Dulcolax Suppository 10mg','Bisacodyl','Dulcolax (Boehringer)','Suppository','10mg','adult','Fast constipation relief in 15-60 min.','medicine','Gastrointestinal',8,NULL,150.00,95.00,150.00,30,10,6,26.00,0,'medicine_images/Dulcolax Suppository 10mg/000003.jpg',0,'2027-09-01','Shelf E4',1,'2026-02-13 05:49:33','2026-02-18 04:44:49','NORMAL',0,0,0,NULL,0,0,NULL,'2026-02-18 04:44:49',0),(107,NULL,NULL,'Lactulose Syrup 120mL','Lactulose','Generic','Syrup','10g/15mL','all','Osmotic laxative for chronic constipation.','medicine','Gastrointestinal',8,NULL,180.00,115.00,180.00,40,10,0,0.00,0,'medicine_images/Lactulose Syrup 120mL/000010.jpg',0,'2027-08-01','Shelf E4',1,'2026-02-13 05:49:33','2026-02-26 05:51:29','NORMAL',0,0,0,NULL,0,0,NULL,'2026-02-26 05:51:29',0),(108,NULL,NULL,'Domperidone 10mg (Motilium)','Domperidone','Motilium (J&J)','Tablet','10mg','adult','Anti-nausea, vomiting. Prokinetic agent.','medicine','Gastrointestinal',8,NULL,150.00,95.00,150.00,80,10,30,5.50,1,'medicine_images/Domperidone 10mg (Motilium)/000009.jpg',0,'2027-10-01','Shelf E4',1,'2026-02-13 05:49:33','2026-02-18 04:42:18','NORMAL',0,0,0,NULL,0,0,NULL,'2026-02-18 04:42:18',1),(109,NULL,NULL,'Metoclopramide 10mg','Metoclopramide','Generic','Tablet','10mg','adult','Anti-emetic. Nausea & vomiting.','medicine','Gastrointestinal',8,NULL,45.00,25.00,45.00,100,10,100,1.50,1,'medicine_images/Metoclopramide 10mg/000009.jpg',0,'2027-09-01','Shelf E4',1,'2026-02-13 05:49:33','2026-02-26 06:37:43','NORMAL',0,0,0,NULL,0,0,NULL,'2026-02-26 06:37:43',1),(110,NULL,NULL,'Daflon 500mg','Diosmin+Hesperidin','Daflon (Servier)','Tablet','450mg/50mg','adult','For hemorrhoids & venous insufficiency.','medicine','Gastrointestinal',8,NULL,780.00,510.00,780.00,20,10,30,27.00,0,'medicine_images/Daflon 500mg/000005.jpg',0,'2028-01-01','Shelf E5',1,'2026-02-13 05:49:33','2026-02-19 05:08:19','NORMAL',0,0,0,NULL,0,0,NULL,'2026-02-19 05:08:19',0),(111,NULL,NULL,'Hydrite ORS Sachet','Oral Rehydration Salts','Hydrite','Powder','Standard','all','Rehydration for diarrhea. Mix with water.','medicine','Gastrointestinal',8,NULL,12.00,6.00,12.00,500,10,0,0.00,0,'medicine_images/Hydrite ORS Sachet/000004.jpg',0,'2028-06-01','Shelf E5',1,'2026-02-13 05:49:33','2026-02-26 06:33:22','NORMAL',0,0,0,NULL,0,0,NULL,'2026-02-26 06:33:22',0),(112,NULL,NULL,'Zyrtec 10mg Tablet','Cetirizine','Zyrtec (J&J)','Tablet','10mg','adult','Non-drowsy allergy relief.','medicine','Allergy & Antihistamines',23,NULL,180.00,115.00,180.00,80,10,10,18.50,1,'medicine_images/Zyrtec 10mg Tablet/000011.jpg',0,'2027-12-01','Shelf F1',1,'2026-02-13 05:49:33','2026-02-26 06:29:01','NORMAL',0,0,0,NULL,0,0,NULL,'2026-02-26 06:29:01',0),(113,NULL,NULL,'Zyrtec Drops 10mL','Cetirizine','Zyrtec (J&J)','Drops','10mg/mL','pediatric','Allergy drops for children 1+ years.','medicine','Allergy & Antihistamines',23,NULL,220.00,145.00,220.00,35,10,0,0.00,0,'medicine_images/Zyrtec Drops 10mL/000001.jpg',0,'2027-10-01','Shelf F1',1,'2026-02-13 05:49:33','2026-02-26 06:29:06','NORMAL',0,0,0,NULL,0,0,NULL,'2026-02-26 06:29:06',0),(114,NULL,NULL,'Cetirizine 10mg (RiteMed)','Cetirizine','RiteMed','Tablet','10mg','adult','Generic cetirizine. Allergic rhinitis.','medicine','Allergy & Antihistamines',23,NULL,35.00,18.00,35.00,400,10,100,1.50,1,'medicine_images/Cetirizine 10mg (RiteMed)/000001.jpg',0,'2027-12-01','Shelf F1',1,'2026-02-13 05:49:33','2026-02-18 04:35:57','NORMAL',0,0,0,NULL,0,0,NULL,'2026-02-18 04:35:57',0),(115,NULL,NULL,'Claritin 10mg Tablet','Loratadine','Claritin (Bayer)','Tablet','10mg','adult','Non-drowsy 24-hour allergy relief.','medicine','Allergy & Antihistamines',23,NULL,220.00,145.00,220.00,0,10,10,23.00,1,'medicine_images/Claritin 10mg Tablet/000003.jpg',0,'2027-11-01','Shelf F1',1,'2026-02-13 05:49:33','2026-03-07 16:59:02','NORMAL',0,0,0,NULL,0,0,NULL,'2026-03-07 16:59:02',0),(116,NULL,NULL,'Claritin Syrup 60mL','Loratadine','Claritin (Bayer)','Syrup','5mg/5mL','pediatric','For kids 2+ years. Grape flavor.','medicine','Allergy & Antihistamines',23,NULL,250.00,165.00,250.00,30,10,0,0.00,0,'medicine_images/Claritin Syrup 60mL/000011.jpg',0,'2027-09-01','Shelf F1',1,'2026-02-13 05:49:33','2026-02-18 05:16:50','NORMAL',0,0,0,NULL,0,0,NULL,'2026-02-18 05:16:50',0),(117,NULL,NULL,'Loratadine 10mg (RiteMed)','Loratadine','RiteMed','Tablet','10mg','adult','Generic loratadine.','medicine','Allergy & Antihistamines',23,NULL,35.00,18.00,35.00,300,10,100,1.50,1,'medicine_images/Loratadine 10mg (RiteMed)/000002.jpg',0,'2027-12-01','Shelf F2',1,'2026-02-13 05:49:33','2026-02-26 06:53:54','NORMAL',0,0,0,NULL,0,0,NULL,'2026-02-26 06:53:54',0),(118,NULL,NULL,'Benadryl 25mg Capsule','Diphenhydramine','Benadryl (J&J)','Capsule','25mg','adult','Fast allergy relief. May cause drowsiness.','medicine','Allergy & Antihistamines',23,NULL,120.00,78.00,120.00,60,10,20,6.50,1,'medicine_images/Benadryl 25mg Capsule/000008.jpg',0,'2027-04-07','Shelf F2',1,'2026-02-13 05:49:33','2026-03-07 17:08:40','NORMAL',0,0,0,NULL,0,0,NULL,'2026-03-07 17:08:40',0),(119,NULL,NULL,'Allegra 120mg','Fexofenadine','Allegra (Sanofi)','Tablet','120mg','adult','Non-drowsy. Seasonal allergy relief.','medicine','Allergy & Antihistamines',23,NULL,280.00,185.00,280.00,28,10,10,29.00,1,'medicine_images/Allegra 120mg/000004.jpg',0,'2027-12-01','Shelf F2',1,'2026-02-13 05:49:33','2026-02-19 17:21:46','NORMAL',0,0,0,NULL,0,0,NULL,'2026-02-19 17:21:46',0),(120,NULL,NULL,'Chlorphenamine 4mg','Chlorphenamine Maleate','Generic','Tablet','4mg','adult','Classic antihistamine. May cause drowsiness.','medicine','Allergy & Antihistamines',23,NULL,25.00,12.00,25.00,300,10,100,0.75,1,'medicine_images/Chlorphenamine 4mg/000002.jpg',0,'2027-11-01','Shelf F2',1,'2026-02-13 05:49:33','2026-02-18 04:38:17','NORMAL',0,0,0,NULL,0,0,NULL,'2026-02-18 04:38:17',0),(121,NULL,NULL,'Betadine Solution 60mL','Povidone-Iodine','Betadine (Mundipharma)','Solution','10%','all','Antiseptic for wound care.','medicine','Skin Care & Dermatology',24,NULL,85.00,52.00,85.00,120,10,0,0.00,0,'medicine_images/Betadine Solution 60mL/000015.jpg',0,'2028-06-01','Shelf G1',1,'2026-02-13 05:49:33','2026-02-17 11:58:32','NORMAL',0,0,0,NULL,0,0,NULL,'2026-02-17 11:58:32',0),(122,NULL,NULL,'Betadine Solution 120mL','Povidone-Iodine','Betadine (Mundipharma)','Solution','10%','all','Antiseptic. Larger size.','medicine','Skin Care & Dermatology',24,NULL,150.00,95.00,150.00,80,10,0,0.00,0,'medicine_images/Betadine Solution 120mL/000010.jpg',0,'2028-06-01','Shelf G1',1,'2026-02-13 05:49:33','2026-02-17 11:56:55','NORMAL',0,0,0,NULL,0,0,NULL,'2026-02-17 11:56:55',0),(123,NULL,NULL,'Hydrocortisone 1% Cream 10g','Hydrocortisone','Generic','Cream','1%','all','Anti-itch, rash, eczema, insect bites.','medicine','Skin Care & Dermatology',24,NULL,45.00,25.00,45.00,80,10,0,0.00,0,'medicine_images/Hydrocortisone 1% Cream 10g/000010.jpg',0,'2027-12-01','Shelf G1',1,'2026-02-13 05:49:33','2026-02-26 06:33:57','NORMAL',0,0,0,NULL,0,0,NULL,'2026-02-26 06:33:57',0),(124,NULL,NULL,'Canesten 1% Cream 15g','Clotrimazole','Canesten (Bayer)','Cream','1%','adult','Antifungal. Athletes foot, ringworm, jock itch.','medicine','Skin Care & Dermatology',24,NULL,220.00,145.00,220.00,40,10,0,0.00,0,'medicine_images/Canesten 1% Cream 15g/000022.jpg',0,'2027-10-01','Shelf G2',1,'2026-02-13 05:49:33','2026-02-18 04:24:04','NORMAL',0,0,0,NULL,0,0,NULL,'2026-02-18 04:24:04',0),(125,NULL,NULL,'Lamisil 1% Cream 15g','Terbinafine','Lamisil (Novartis)','Cream','1%','adult','Antifungal cream for skin infections.','medicine','Skin Care & Dermatology',24,NULL,280.00,185.00,280.00,30,10,0,0.00,0,'medicine_images/Lamisil 1% Cream 15g/000002.jpg',0,'2027-10-01','Shelf G2',1,'2026-02-13 05:49:33','2026-02-26 05:51:50','NORMAL',0,0,0,NULL,0,0,NULL,'2026-02-26 05:51:50',0),(126,NULL,NULL,'Nizoral 2% Cream 15g','Ketoconazole','Nizoral (J&J)','Cream','2%','adult','Antifungal. Dandruff, tinea.','medicine','Skin Care & Dermatology',24,NULL,250.00,165.00,250.00,35,10,0,0.00,0,'medicine_images/Nizoral 2% Cream 15g/000002.jpg',0,'2027-11-01','Shelf G2',1,'2026-02-13 05:49:33','2026-02-26 06:46:19','NORMAL',0,0,0,NULL,0,0,NULL,'2026-02-26 06:46:19',0),(127,NULL,NULL,'Bactroban 2% Ointment 5g','Mupirocin','Bactroban (GSK)','Ointment','2%','all','Topical antibiotic for skin infections.','medicine','Skin Care & Dermatology',24,NULL,280.00,185.00,280.00,25,10,0,0.00,0,'medicine_images/Bactroban 2% Ointment 5g/000016.jpg',0,'2027-09-01','Shelf G2',1,'2026-02-13 05:49:33','2026-02-17 11:45:05','NORMAL',0,0,0,NULL,0,0,NULL,'2026-02-17 11:45:05',1),(128,NULL,NULL,'Benzoyl Peroxide 5% Gel 25g','Benzoyl Peroxide','Generic','Gel','5%','adult','Acne treatment gel.','medicine','Skin Care & Dermatology',24,NULL,85.00,50.00,85.00,50,10,0,0.00,0,'medicine_images/Benzoyl Peroxide 5% Gel 25g/000021.jpg',0,'2027-10-01','Shelf G3',1,'2026-02-13 05:49:34','2026-02-17 11:47:51','NORMAL',0,0,0,NULL,0,0,NULL,'2026-02-17 11:47:51',0),(129,NULL,NULL,'Tretinoin 0.025% Cream 20g','Tretinoin','Generic','Cream','0.025%','adult','Retinoid. Acne & skin renewal.','medicine','Skin Care & Dermatology',24,NULL,180.00,115.00,180.00,25,10,0,0.00,0,'medicine_images/Tretinoin 0.025% Cream 20g/000006.jpg',0,'2027-08-01','Shelf G3',1,'2026-02-13 05:49:34','2026-02-26 06:21:24','NORMAL',0,0,0,NULL,0,0,NULL,'2026-02-26 06:21:24',1),(130,NULL,NULL,'Tretinoin 0.05% Cream 20g','Tretinoin','Generic','Cream','0.05%','adult','Higher strength retinoid.','medicine','Skin Care & Dermatology',24,NULL,220.00,145.00,220.00,20,10,0,0.00,0,'medicine_images/Tretinoin 0.05% Cream 20g/000023.jpg',0,'2027-08-01','Shelf G3',1,'2026-02-13 05:49:34','2026-02-26 06:22:25','NORMAL',0,0,0,NULL,0,0,NULL,'2026-02-26 06:22:25',1),(131,NULL,NULL,'Clobetasol 0.05% Cream 15g','Clobetasol Propionate','Generic','Cream','0.05%','adult','Super-potent steroid. Psoriasis, eczema.','medicine','Skin Care & Dermatology',24,NULL,180.00,115.00,180.00,20,10,0,0.00,0,'medicine_images/Clobetasol 0.05% Cream 15g/000005.jpg',0,'2027-10-01','Shelf G3',1,'2026-02-13 05:49:34','2026-02-19 04:49:42','NORMAL',0,0,0,NULL,0,0,NULL,'2026-02-19 04:49:42',1),(132,NULL,NULL,'Nystatin Cream 15g','Nystatin','Generic','Cream','100,000 IU/g','all','Antifungal cream. Candidiasis.','medicine','Skin Care & Dermatology',24,NULL,95.00,58.00,95.00,40,10,0,0.00,0,'medicine_images/Nystatin Cream 15g/000001.jpg',0,'2027-09-01','Shelf G3',1,'2026-02-13 05:49:34','2026-02-26 06:47:08','NORMAL',0,0,0,NULL,0,0,NULL,'2026-02-26 06:47:08',1),(133,NULL,NULL,'Acyclovir 5% Cream 5g','Acyclovir','Generic','Cream','5%','adult','For cold sores / herpes simplex.','medicine','Skin Care & Dermatology',24,NULL,120.00,78.00,120.00,24,10,0,0.00,0,'uploads/products/product_133_1770813984.webp',0,'2027-10-01','Shelf G4',1,'2026-02-13 05:49:34','2026-02-26 14:31:47','NORMAL',0,0,0,NULL,0,0,NULL,'2026-02-26 14:31:47',0),(134,NULL,NULL,'Petroleum Jelly (Vaseline) 100g','White Petrolatum','Vaseline','Ointment','100g','all','Skin protectant & moisturizer.','medicine','Skin Care & Dermatology',24,NULL,65.00,40.00,65.00,80,10,0,0.00,0,'medicine_images/Petroleum Jelly (Vaseline) 100g/000002.jpg',0,'2029-01-01','Shelf G4',1,'2026-02-13 05:49:34','2026-02-26 06:56:58','NORMAL',0,0,0,NULL,0,0,NULL,'2026-02-26 06:56:58',0),(135,NULL,NULL,'Calamine Lotion 120mL','Calamine+Zinc Oxide','Generic','Lotion','Multi','all','Itch relief. Rash, chickenpox, insect bites.','medicine','Skin Care & Dermatology',24,NULL,75.00,45.00,75.00,50,10,0,0.00,0,'medicine_images/Calamine Lotion 120mL/000006.jpg',0,'2028-06-01','Shelf G4',1,'2026-02-13 05:49:34','2026-02-17 12:06:28','NORMAL',0,0,0,NULL,0,0,NULL,'2026-02-17 12:06:28',0),(136,NULL,NULL,'Silver Sulfadiazine 1% Cream 25g','Silver Sulfadiazine','Dermazin','Cream','1%','all','Burn wound treatment cream.','medicine','Skin Care & Dermatology',24,NULL,250.00,165.00,250.00,20,10,0,0.00,0,'medicine_images/Silver Sulfadiazine 1% Cream 25g/000003.jpg',0,'2027-09-01','Shelf G4',1,'2026-02-13 05:49:34','2026-02-26 06:17:10','NORMAL',0,0,0,NULL,0,0,NULL,'2026-02-26 06:17:10',1),(137,NULL,NULL,'Band-Aid Flexible Fabric 30s','Adhesive Bandage','Band-Aid (J&J)','Bandage','Assorted','all','Flexible fabric adhesive bandages.','medicine','First Aid & Wound Care',25,NULL,65.00,40.00,65.00,82,10,30,2.50,0,'medicine_images/Band-Aid Flexible Fabric 30s/000005.jpg',0,'2029-01-01','Shelf H1',1,'2026-02-13 05:49:34','2026-02-18 07:57:20','NORMAL',0,0,0,NULL,0,0,NULL,'2026-02-18 07:57:20',0),(138,NULL,NULL,'Katinko Ointment 10g','Methyl Salicylate+Menthol+Camphor','Katinko','Ointment','Multi','adult','Analgesic balm. Insect bites, pain, itch.','medicine','First Aid & Wound Care',25,NULL,35.00,20.00,35.00,150,10,0,0.00,0,'medicine_images/Katinko Ointment 10g/000008.jpg',0,'2028-06-01','Shelf H1',1,'2026-02-13 05:49:34','2026-02-26 06:37:25','NORMAL',0,0,0,NULL,0,0,NULL,'2026-02-26 06:37:25',0),(139,NULL,NULL,'White Flower Embrocation Oil','Menthol+Camphor+Eucalyptus','White Flower','Oil','Multi','adult','Headache, dizziness, motion sickness.','medicine','First Aid & Wound Care',25,NULL,50.00,30.00,50.00,80,10,0,0.00,0,'medicine_images/White Flower Embrocation Oil/000003.jpg',0,'2028-12-01','Shelf H1',1,'2026-02-13 05:49:34','2026-02-26 06:27:15','NORMAL',0,0,0,NULL,0,0,NULL,'2026-02-26 06:27:15',0),(140,NULL,NULL,'Efficascent Oil Extra 50mL','Methyl Salicylate+Menthol','Efficascent (Unilab)','Oil','Multi','adult','Liniment oil for muscle pain.','medicine','First Aid & Wound Care',25,NULL,85.00,52.00,85.00,60,10,0,0.00,0,'medicine_images/Efficascent Oil Extra 50mL/000007.jpg',0,'2028-09-01','Shelf H1',1,'2026-02-13 05:49:34','2026-02-19 06:17:00','NORMAL',0,0,0,NULL,0,0,NULL,'2026-02-19 06:17:00',0),(141,NULL,NULL,'Povidone-Iodine 10% Solution 60mL','Povidone-Iodine','Generic','Solution','10%','all','Wound antiseptic.','medicine','First Aid & Wound Care',25,NULL,45.00,25.00,45.00,100,10,0,0.00,0,'medicine_images/Povidone-Iodine 10% Solution 60mL/000011.jpg',0,'2028-06-01','Shelf H2',1,'2026-02-13 05:49:34','2026-02-26 06:59:07','NORMAL',0,0,0,NULL,0,0,NULL,'2026-02-26 06:59:07',0),(142,NULL,NULL,'Hydrogen Peroxide 3% 120mL','Hydrogen Peroxide','Generic','Solution','3%','all','Wound cleaning agent.','medicine','First Aid & Wound Care',25,NULL,35.00,18.00,35.00,80,10,0,0.00,0,'medicine_images/Hydrogen Peroxide 3% 120mL/000005.jpg',0,'2028-01-01','Shelf H2',1,'2026-02-13 05:49:34','2026-02-26 06:34:06','NORMAL',0,0,0,NULL,0,0,NULL,'2026-02-26 06:34:06',0),(143,NULL,NULL,'Green Cross 70% Isopropyl Alcohol 250mL','Isopropyl Alcohol','Green Cross','Solution','70%','all','Antiseptic rubbing alcohol.','medicine','First Aid & Wound Care',25,NULL,45.00,28.00,45.00,200,10,0,0.00,0,'medicine_images/Green Cross 70% Isopropyl Alcohol 250mL/000002.jpg',0,'2028-12-01','Shelf H2',1,'2026-02-13 05:49:34','2026-02-26 05:36:29','NORMAL',0,0,0,NULL,0,0,NULL,'2026-02-26 05:36:29',0),(144,NULL,NULL,'Green Cross 70% Isopropyl Alcohol 500mL','Isopropyl Alcohol','Green Cross','Solution','70%','all','Antiseptic rubbing alcohol. Family size.','medicine','First Aid & Wound Care',25,NULL,75.00,45.00,75.00,150,10,0,0.00,0,'medicine_images/Green Cross 70% Isopropyl Alcohol 500mL/000007.jpg',0,'2028-12-01','Shelf H2',1,'2026-02-13 05:49:34','2026-02-26 05:36:38','NORMAL',0,0,0,NULL,0,0,NULL,'2026-02-26 05:36:38',0),(145,NULL,NULL,'Cotton Balls 50g','Absorbent Cotton','Generic','Supplies','50g','all','Medical-grade cotton balls.','medicine','First Aid & Wound Care',25,NULL,25.00,12.00,25.00,88,10,0,0.00,0,'medicine_images/Cotton Balls 50g/000012.jpg',0,'2029-06-01','Shelf H3',1,'2026-02-13 05:49:34','2026-02-19 05:07:18','NORMAL',0,0,0,NULL,0,0,NULL,'2026-02-19 05:07:18',0),(146,NULL,NULL,'Gauze Pads 4x4 10s','Sterile Gauze','Generic','Supplies','4x4 inch','all','Sterile gauze pads for wound dressing.','medicine','First Aid & Wound Care',25,NULL,35.00,18.00,35.00,80,10,10,3.50,0,'medicine_images/Gauze Pads 4x4 10s/000014.jpg',0,'2029-06-01','Shelf H3',1,'2026-02-13 05:49:34','2026-02-26 05:31:25','NORMAL',0,0,0,NULL,0,0,NULL,'2026-02-26 05:31:25',0),(147,NULL,NULL,'Medical Tape 1 inch','Adhesive Tape','Generic','Supplies','1 inch','all','Hypoallergenic medical tape.','medicine','First Aid & Wound Care',25,NULL,45.00,25.00,45.00,60,10,0,0.00,0,'medicine_images/Medical Tape 1 inch/000001.jpg',0,'2029-06-01','Shelf H3',1,'2026-02-13 05:49:34','2026-02-26 06:55:01','NORMAL',0,0,0,NULL,0,0,NULL,'2026-02-26 06:55:01',0),(148,NULL,NULL,'Visine Original 15mL','Tetrahydrozoline','Visine (J&J)','Eye Drops','0.05%','adult','Redness relief eye drops.','medicine','Eye & Ear Care',26,NULL,180.00,115.00,180.00,40,10,0,0.00,0,'medicine_images/Visine Original 15mL/000003.jpg',0,'2027-09-01','Shelf I1',1,'2026-02-13 05:49:34','2026-02-26 06:26:31','NORMAL',0,0,0,NULL,0,0,NULL,'2026-02-26 06:26:31',0),(149,NULL,NULL,'Refresh Tears 15mL','Carboxymethylcellulose','Refresh (Allergan)','Eye Drops','0.5%','adult','Artificial tears for dry eyes.','medicine','Eye & Ear Care',26,NULL,280.00,185.00,280.00,30,10,0,0.00,0,'medicine_images/Refresh Tears 15mL/000006.jpg',0,'2027-10-01','Shelf I1',1,'2026-02-13 05:49:34','2026-02-26 06:14:30','NORMAL',0,0,0,NULL,0,0,NULL,'2026-02-26 06:14:30',0),(150,NULL,NULL,'Systane Ultra 10mL','Polyethylene Glycol+Propylene Glycol','Systane (Alcon)','Eye Drops','Multi','adult','Premium dry eye relief.','medicine','Eye & Ear Care',26,NULL,380.00,250.00,380.00,25,10,0,0.00,0,'medicine_images/Systane Ultra 10mL/000004.jpg',0,'2027-10-01','Shelf I1',1,'2026-02-13 05:49:34','2026-02-26 06:52:06','NORMAL',0,0,0,NULL,0,0,NULL,'2026-02-26 06:52:06',0),(151,NULL,NULL,'Tobramycin Eye Drops 5mL (Tobrex)','Tobramycin','Tobrex (Novartis)','Eye Drops','0.3%','all','Antibiotic eye drops for conjunctivitis.','medicine','Eye & Ear Care',26,NULL,280.00,185.00,280.00,20,10,0,0.00,0,'medicine_images/Tobramycin Eye Drops 5mL (Tobrex)/000001.jpg',0,'2027-08-01','Shelf I2',1,'2026-02-13 05:49:34','2026-02-26 06:21:00','NORMAL',0,0,0,NULL,0,0,NULL,'2026-02-26 06:21:00',1),(152,NULL,NULL,'Ciprofloxacin Eye Drops 5mL','Ciprofloxacin','Generic','Eye Drops','0.3%','adult','Antibiotic eye drops.','medicine','Eye & Ear Care',26,NULL,120.00,78.00,120.00,25,10,0,0.00,0,'medicine_images/Ciprofloxacin Eye Drops 5mL/000003.jpg',0,'2027-08-01','Shelf I2',1,'2026-02-13 05:49:34','2026-02-18 04:39:03','NORMAL',0,0,0,NULL,0,0,NULL,'2026-02-18 04:39:03',1),(153,NULL,NULL,'Sodium Chloride Eye Drops 15mL','Sodium Chloride','Generic','Eye Drops','0.9%','all','Eye wash / irrigation solution.','medicine','Eye & Ear Care',26,NULL,65.00,38.00,65.00,50,10,0,0.00,0,'medicine_images/Sodium Chloride Eye Drops 15mL/000024.jpg',0,'2027-12-01','Shelf I2',1,'2026-02-13 05:49:34','2026-02-26 06:19:49','NORMAL',0,0,0,NULL,0,0,NULL,'2026-02-26 06:19:49',0),(154,NULL,NULL,'Sofradex Ear Drops 8mL','Framycetin+Gramicidin+Dexamethasone','Sofradex (Sanofi)','Ear Drops','Multi','adult','Antibiotic+steroid ear drops.','medicine','Eye & Ear Care',26,NULL,320.00,210.00,320.00,15,10,0,0.00,0,'medicine_images/Sofradex Ear Drops 8mL/000005.jpg',0,'2027-09-01','Shelf I2',1,'2026-02-13 05:49:34','2026-02-26 06:20:03','NORMAL',0,0,0,NULL,0,0,NULL,'2026-02-26 06:20:03',1),(155,NULL,NULL,'Polymyxin B Eye/Ear Drops 10mL','Polymyxin B+Neomycin+Hydrocortisone','Generic','Eye/Ear Drops','Multi','adult','Combination antibiotic for eye/ear infections.','medicine','Eye & Ear Care',26,NULL,150.00,95.00,150.00,20,10,0,0.00,0,'medicine_images/Polymyxin B Eye_Ear Drops 10mL/000001.jpg',0,'2027-08-01','Shelf I2',1,'2026-02-13 05:49:34','2026-02-26 06:58:37','NORMAL',0,0,0,NULL,0,0,NULL,'2026-02-26 06:58:37',1),(156,NULL,NULL,'Ventolin Inhaler','Salbutamol','Ventolin (GSK)','Inhaler','100mcg/dose','all','Bronchodilator for asthma relief.','medicine','Respiratory',11,NULL,350.00,225.00,350.00,40,10,0,0.00,0,'medicine_images/Ventolin Inhaler/000002.jpg',0,'2027-10-01','Shelf J1',1,'2026-02-13 05:49:34','2026-02-26 06:26:08','NORMAL',0,0,0,NULL,0,0,NULL,'2026-02-26 06:26:08',1),(157,NULL,NULL,'Salbutamol Nebules 2.5mg/2.5mL 20s','Salbutamol','Generic','Nebule','2.5mg/2.5mL','all','For nebulization. Asthma, bronchospasm.','medicine','Respiratory',11,NULL,180.00,110.00,180.00,45,10,20,10.00,0,'medicine_images/Salbutamol Nebules 2.5mg_2.5mL 20s/000001.jpg',0,'2027-09-01','Shelf J1',1,'2026-02-13 05:49:34','2026-02-26 06:15:55','NORMAL',0,0,0,NULL,0,0,NULL,'2026-02-26 06:15:55',1),(158,NULL,NULL,'Pulmicort Nebules 0.5mg 20s','Budesonide','Pulmicort (AstraZeneca)','Nebule','0.5mg/2mL','all','Corticosteroid nebules for asthma control.','medicine','Respiratory',11,NULL,650.00,420.00,650.00,20,10,20,33.00,0,'medicine_images/Pulmicort Nebules 0.5mg 20s/000002.jpg',0,'2027-08-01','Shelf J1',1,'2026-02-13 05:49:34','2026-02-26 07:00:18','NORMAL',0,0,0,NULL,0,0,NULL,'2026-02-26 07:00:18',1),(159,NULL,NULL,'Seretide 250 Evohaler','Fluticasone+Salmeterol','Seretide (GSK)','Inhaler','250/25mcg','adult','Preventer+reliever combo inhaler.','medicine','Respiratory',11,NULL,1850.00,1220.00,1850.00,10,10,0,0.00,0,'medicine_images/Seretide 250 Evohaler/000008.jpg',0,'2027-10-01','Shelf J2',1,'2026-02-13 05:49:34','2026-02-26 06:16:59','NORMAL',0,0,0,NULL,0,0,NULL,'2026-02-26 06:16:59',1),(160,NULL,NULL,'Symbicort 160/4.5 Turbuhaler','Budesonide+Formoterol','Symbicort (AstraZeneca)','Inhaler','160/4.5mcg','adult','Maintenance & reliever inhaler.','medicine','Respiratory',11,NULL,1650.00,1080.00,1650.00,10,10,0,0.00,0,'medicine_images/Symbicort 160_4.5 Turbuhaler/000004.jpg',0,'2027-11-01','Shelf J2',1,'2026-02-13 05:49:34','2026-02-26 06:51:46','NORMAL',0,0,0,NULL,0,0,NULL,'2026-02-26 06:51:46',1),(161,NULL,NULL,'Montelukast 10mg (Singulair)','Montelukast','Singulair (MSD)','Tablet','10mg','adult','Leukotriene blocker. Asthma & allergy.','medicine','Respiratory',11,NULL,380.00,250.00,380.00,30,10,28,14.00,0,'medicine_images/Montelukast 10mg (Singulair)/000015.jpg',0,'2027-12-01','Shelf J2',1,'2026-02-13 05:49:34','2026-02-26 06:04:03','NORMAL',0,0,0,NULL,0,0,NULL,'2026-02-26 06:04:03',1),(162,NULL,NULL,'Montelukast 4mg Chewable','Montelukast','Singulair (MSD)','Chewable','4mg','pediatric','For children 2-5 years. Cherry flavor.','medicine','Respiratory',11,NULL,320.00,210.00,320.00,15,10,28,12.00,0,'medicine_images/Montelukast 4mg Chewable/000003.jpg',0,'2027-12-01','Shelf J2',1,'2026-02-13 05:49:34','2026-02-26 06:04:10','NORMAL',0,0,0,NULL,0,0,NULL,'2026-02-26 06:04:10',1),(163,NULL,NULL,'Salbutamol 2mg Tablet','Salbutamol','Generic','Tablet','2mg','adult','Oral bronchodilator.','medicine','Respiratory',11,NULL,35.00,18.00,35.00,200,10,100,1.00,1,'medicine_images/Salbutamol 2mg Tablet/000003.jpg',0,'2027-09-01','Shelf J3',1,'2026-02-13 05:49:34','2026-02-26 06:15:30','NORMAL',0,0,0,NULL,0,0,NULL,'2026-02-26 06:15:30',1),(164,NULL,NULL,'Theophylline 200mg','Theophylline','Generic','Tablet','200mg','adult','Bronchodilator for asthma & COPD.','medicine','Respiratory',11,NULL,65.00,38.00,65.00,60,10,100,2.00,1,'medicine_images/Theophylline 200mg/000002.jpg',0,'2027-08-01','Shelf J3',1,'2026-02-13 05:49:34','2026-02-26 06:20:44','NORMAL',0,0,0,NULL,0,0,NULL,'2026-02-26 06:20:44',1),(165,NULL,NULL,'Amlodipine 5mg (Norvasc)','Amlodipine','Norvasc (Pfizer)','Tablet','5mg','adult','Calcium channel blocker for hypertension.','medicine','Cardiovascular',10,NULL,180.00,115.00,180.00,80,10,30,6.50,0,'medicine_images/Amlodipine 5mg (Norvasc)/000002.jpg',0,'2026-04-07','Shelf K1',1,'2026-02-13 05:49:34','2026-03-07 17:08:25','NORMAL',0,0,0,NULL,0,0,NULL,'2026-03-07 17:08:25',1),(166,NULL,NULL,'Amlodipine 10mg','Amlodipine','Generic','Tablet','10mg','adult','Generic amlodipine 10mg.','medicine','Cardiovascular',10,NULL,85.00,50.00,85.00,100,10,100,2.50,1,'medicine_images/Amlodipine 10mg/000010.jpg',0,'2027-12-01','Shelf K1',1,'2026-02-13 05:49:34','2026-02-17 10:38:03','NORMAL',0,0,0,NULL,0,0,NULL,'2026-02-17 10:38:03',1),(167,NULL,NULL,'Amlodipine 5mg (RiteMed)','Amlodipine','RiteMed','Tablet','5mg','adult','Affordable generic amlodipine.','medicine','Cardiovascular',10,NULL,42.00,22.00,42.00,194,10,100,1.50,1,'medicine_images/Amlodipine 5mg (RiteMed)/000001.jpg',0,'2027-12-01','Shelf K1',1,'2026-02-13 05:49:34','2026-02-19 06:59:26','NORMAL',0,0,0,NULL,0,0,NULL,'2026-02-19 06:59:26',1),(168,NULL,NULL,'Losartan 50mg','Losartan','Generic','Tablet','50mg','adult','ARB for hypertension.','medicine','Cardiovascular',10,NULL,55.00,32.00,55.00,200,10,100,2.00,1,'medicine_images/Losartan 50mg/000003.jpg',0,'2027-11-01','Shelf K1',1,'2026-02-13 05:49:34','2026-02-26 06:54:35','NORMAL',0,0,0,NULL,0,0,NULL,'2026-02-26 06:54:35',1),(169,NULL,NULL,'Losartan 100mg','Losartan','Generic','Tablet','100mg','adult','Higher dose ARB.','medicine','Cardiovascular',10,NULL,85.00,50.00,85.00,100,10,100,3.00,1,'medicine_images/Losartan 100mg/000010.jpg',0,'2027-11-01','Shelf K2',1,'2026-02-13 05:49:34','2026-02-26 06:54:14','NORMAL',0,0,0,NULL,0,0,NULL,'2026-02-26 06:54:14',1),(170,NULL,NULL,'Metoprolol 50mg','Metoprolol Succinate','Generic','Tablet','50mg','adult','Beta-blocker for hypertension & heart rate.','medicine','Cardiovascular',10,NULL,65.00,38.00,65.00,80,10,100,2.50,1,'medicine_images/Metoprolol 50mg/000007.jpg',0,'2027-10-01','Shelf K2',1,'2026-02-13 05:49:34','2026-02-26 05:58:57','NORMAL',0,0,0,NULL,0,0,NULL,'2026-02-26 05:58:57',1),(171,NULL,NULL,'Atorvastatin 20mg (Lipitor)','Atorvastatin','Lipitor (Pfizer)','Tablet','20mg','adult','Statin for high cholesterol.','medicine','Cardiovascular',10,NULL,520.00,340.00,520.00,29,10,30,18.00,0,'medicine_images/Atorvastatin 20mg (Lipitor)/000028.jpg',0,'2027-12-01','Shelf K2',1,'2026-02-13 05:49:34','2026-02-19 06:04:54','NORMAL',0,0,0,NULL,0,0,NULL,'2026-02-19 06:04:54',1),(172,NULL,NULL,'Atorvastatin 40mg (RiteMed)','Atorvastatin','RiteMed','Tablet','40mg','adult','Generic statin.','medicine','Cardiovascular',10,NULL,180.00,110.00,180.00,0,10,30,6.50,0,'medicine_images/Atorvastatin 40mg (RiteMed)/000003.jpg',0,'2028-01-01','Shelf K2',1,'2026-02-13 05:49:34','2026-03-07 16:58:51','NORMAL',0,0,0,NULL,0,0,NULL,'2026-03-07 16:58:51',1),(173,NULL,NULL,'Simvastatin 20mg','Simvastatin','Generic','Tablet','20mg','adult','Statin for cholesterol control.','medicine','Cardiovascular',10,NULL,65.00,38.00,65.00,80,10,100,2.50,1,'medicine_images/Simvastatin 20mg/000008.jpg',0,'2027-11-01','Shelf K3',1,'2026-02-13 05:49:34','2026-02-26 06:17:21','NORMAL',0,0,0,NULL,0,0,NULL,'2026-02-26 06:17:21',1),(174,NULL,NULL,'Rosuvastatin 10mg (Crestor)','Rosuvastatin','Crestor (AstraZeneca)','Tablet','10mg','adult','Potent statin for cholesterol.','medicine','Cardiovascular',10,NULL,650.00,420.00,650.00,20,10,28,24.00,0,'medicine_images/Rosuvastatin 10mg (Crestor)/000001.jpg',0,'2027-12-01','Shelf K3',1,'2026-02-13 05:49:34','2026-02-26 06:15:23','NORMAL',0,0,0,NULL,0,0,NULL,'2026-02-26 06:15:23',1),(175,NULL,NULL,'Aspirin 80mg (Cardiac)','Aspirin','Generic','Tablet','80mg','adult','Low-dose aspirin for heart protection.','medicine','Cardiovascular',10,NULL,35.00,18.00,35.00,300,10,100,1.00,1,'medicine_images/Aspirin 80mg (Cardiac)/000015.jpg',0,'2028-06-01','Shelf K3',1,'2026-02-13 05:49:34','2026-02-17 11:30:49','NORMAL',0,0,0,NULL,0,0,NULL,'2026-02-17 11:30:49',1),(176,NULL,NULL,'Clopidogrel 75mg (Plavix)','Clopidogrel','Plavix (Sanofi)','Tablet','75mg','adult','Antiplatelet. Stroke & heart attack prevention.','medicine','Cardiovascular',10,NULL,380.00,250.00,380.00,30,10,28,14.00,0,'medicine_images/Clopidogrel 75mg (Plavix)/000001.jpg',0,'2027-12-01','Shelf K3',1,'2026-02-13 05:49:34','2026-02-19 04:50:03','NORMAL',0,0,0,NULL,0,0,NULL,'2026-02-19 04:50:03',1),(177,NULL,NULL,'Enalapril 10mg','Enalapril','Generic','Tablet','10mg','adult','ACE inhibitor for hypertension.','medicine','Cardiovascular',10,NULL,55.00,32.00,55.00,100,10,100,2.00,1,'medicine_images/Enalapril 10mg/000004.jpg',0,'2027-10-01','Shelf K4',1,'2026-02-13 05:49:34','2026-02-26 05:41:44','NORMAL',0,0,0,NULL,0,0,NULL,'2026-02-26 05:41:44',1),(178,NULL,NULL,'Valsartan 80mg','Valsartan','Generic','Tablet','80mg','adult','ARB for hypertension & heart failure.','medicine','Cardiovascular',10,NULL,85.00,50.00,85.00,80,10,100,3.00,1,'medicine_images/Valsartan 80mg/000001.jpg',0,'2027-11-01','Shelf K4',1,'2026-02-13 05:49:34','2026-02-26 06:25:47','NORMAL',0,0,0,NULL,0,0,NULL,'2026-02-26 06:25:47',1),(179,NULL,NULL,'Telmisartan 40mg (Micardis)','Telmisartan','Micardis (Boehringer)','Tablet','40mg','adult','Long-acting ARB.','medicine','Cardiovascular',10,NULL,480.00,310.00,480.00,20,10,28,18.00,0,'medicine_images/Telmisartan 40mg (Micardis)/000002.jpg',0,'2027-12-01','Shelf K4',1,'2026-02-13 05:49:34','2026-02-26 06:52:52','NORMAL',0,0,0,NULL,0,0,NULL,'2026-02-26 06:52:52',1),(180,NULL,NULL,'Nifedipine 30mg ER','Nifedipine','Generic','Tablet','30mg','adult','Extended-release CCB for hypertension.','medicine','Cardiovascular',10,NULL,85.00,50.00,85.00,60,10,100,3.00,1,'medicine_images/Nifedipine 30mg ER/000003.jpg',0,'2027-10-01','Shelf K4',1,'2026-02-13 05:49:34','2026-02-26 06:45:51','NORMAL',0,0,0,NULL,0,0,NULL,'2026-02-26 06:45:51',1),(181,NULL,NULL,'Metformin 500mg','Metformin','Generic','Tablet','500mg','adult','First-line diabetes medication.','medicine','Diabetes Care',29,NULL,55.00,30.00,55.00,200,10,100,2.00,1,'medicine_images/Metformin 500mg/000002.jpg',0,'2027-12-01','Shelf L1',1,'2026-02-13 05:49:34','2026-02-26 06:56:26','NORMAL',0,0,0,NULL,0,0,NULL,'2026-02-26 06:56:26',1),(182,NULL,NULL,'Metformin 850mg','Metformin','Generic','Tablet','850mg','adult','Higher dose metformin.','medicine','Diabetes Care',29,NULL,75.00,42.00,75.00,120,10,100,2.50,1,'medicine_images/Metformin 850mg/000003.jpg',0,'2027-12-01','Shelf L1',1,'2026-02-13 05:49:34','2026-02-26 06:56:38','NORMAL',0,0,0,NULL,0,0,NULL,'2026-02-26 06:56:38',1),(183,NULL,NULL,'Glucophage 500mg','Metformin','Glucophage (Merck)','Tablet','500mg','adult','Original branded metformin.','medicine','Diabetes Care',29,NULL,180.00,115.00,180.00,40,10,30,6.50,0,'medicine_images/Glucophage 500mg/000001.jpg',0,'2027-12-01','Shelf L1',1,'2026-02-13 05:49:34','2026-02-26 05:36:20','NORMAL',0,0,0,NULL,0,0,NULL,'2026-02-26 05:36:20',1),(184,NULL,NULL,'Glimepiride 2mg','Glimepiride','Generic','Tablet','2mg','adult','Sulfonylurea for type 2 diabetes.','medicine','Diabetes Care',29,NULL,65.00,38.00,65.00,80,10,100,2.00,1,'medicine_images/Glimepiride 2mg/000001.jpg',0,'2027-11-01','Shelf L1',1,'2026-02-13 05:49:34','2026-02-26 05:34:40','NORMAL',0,0,0,NULL,0,0,NULL,'2026-02-26 05:34:40',1),(185,NULL,NULL,'Gliclazide 60mg MR (Diamicron)','Gliclazide','Diamicron (Servier)','Tablet','60mg','adult','Modified-release sulfonylurea.','medicine','Diabetes Care',29,NULL,520.00,340.00,520.00,20,10,30,18.00,0,'medicine_images/Gliclazide 60mg MR (Diamicron)/000005.jpg',0,'2027-12-01','Shelf L2',1,'2026-02-13 05:49:34','2026-02-26 05:33:48','NORMAL',0,0,0,NULL,0,0,NULL,'2026-02-26 05:33:48',1),(186,NULL,NULL,'Sitagliptin 100mg (Januvia)','Sitagliptin','Januvia (MSD)','Tablet','100mg','adult','DPP-4 inhibitor for type 2 diabetes.','medicine','Diabetes Care',29,NULL,1850.00,1220.00,1850.00,10,10,28,68.00,0,'medicine_images/Sitagliptin 100mg (Januvia)/000002.jpg',0,'2027-12-01','Shelf L2',1,'2026-02-13 05:49:34','2026-02-26 06:17:37','NORMAL',0,0,0,NULL,0,0,NULL,'2026-02-26 06:17:37',1),(187,NULL,NULL,'Insulin Syringes 1mL 10s','Syringe','Generic','Supplies','1mL/100U','adult','Insulin syringes with needle.','medicine','Diabetes Care',29,NULL,120.00,72.00,120.00,40,10,10,12.00,0,'medicine_images/Insulin Syringes 1mL 10s/000001.jpg',0,'2029-01-01','Shelf L2',1,'2026-02-13 05:49:34','2026-02-26 06:35:52','NORMAL',0,0,0,NULL,0,0,NULL,'2026-02-26 06:35:52',0),(188,NULL,NULL,'Glucometer Test Strips 25s','Test Strips','One Touch','Supplies','Standard','adult','Blood glucose test strips.','medicine','Diabetes Care',29,NULL,650.00,420.00,650.00,15,10,25,26.00,0,'medicine_images/Glucometer Test Strips 25s/000001.jpg',0,'2028-06-01','Shelf L3',1,'2026-02-13 05:49:34','2026-02-26 05:36:12','NORMAL',0,0,0,NULL,0,0,NULL,'2026-02-26 05:36:12',0),(189,NULL,NULL,'Alcohol Swabs 100s','Isopropyl Alcohol Pad','Generic','Supplies','70%','all','Pre-injection skin swabs.','medicine','Diabetes Care',29,NULL,85.00,48.00,85.00,37,10,100,1.00,0,'uploads/products/product_189_1770815871.jpg',0,'2029-01-01','Shelf L3',1,'2026-02-13 05:49:34','2026-02-19 06:39:44','NORMAL',0,0,0,NULL,0,0,NULL,'2026-02-19 06:39:44',0),(190,NULL,NULL,'Durex Classic 3s','Condom','Durex','Condom','Classic','adult','Classic natural feeling condom.','medicine','Sexual Health',32,NULL,85.00,55.00,85.00,50,10,3,28.33,0,'medicine_images/Durex Classic 3s/000006.jpg',0,'2028-06-01','Shelf S1',1,'2026-02-13 05:49:34','2026-02-18 04:46:42','NORMAL',0,0,0,NULL,0,0,NULL,'2026-02-18 04:46:42',0),(191,NULL,NULL,'Durex Fetherlite 3s','Condom','Durex','Condom','Ultra Thin','adult','Ultra-thin for more sensitivity.','medicine','Sexual Health',32,NULL,95.00,60.00,95.00,40,10,3,31.67,0,'medicine_images/Durex Fetherlite 3s/000001.jpg',0,'2028-06-01','Shelf S1',1,'2026-02-13 05:49:34','2026-02-18 04:49:34','NORMAL',0,0,0,NULL,0,0,NULL,'2026-02-18 04:49:34',0),(192,NULL,NULL,'Durex Fetherlite 12s','Condom','Durex','Condom','Ultra Thin','adult','Ultra-thin, 12-pack value.','medicine','Sexual Health',32,NULL,340.00,220.00,340.00,23,10,12,28.33,0,'medicine_images/Durex Fetherlite 12s/000006.jpg',0,'2028-06-01','Shelf S1',1,'2026-02-13 05:49:34','2026-02-18 07:12:31','NORMAL',0,0,0,NULL,0,0,NULL,'2026-02-18 07:12:31',0),(193,NULL,NULL,'Durex Extra Safe 3s','Condom','Durex','Condom','Extra Safe','adult','Thicker with extra lube for safety.','medicine','Sexual Health',32,NULL,90.00,58.00,90.00,27,10,3,30.00,0,'medicine_images/Durex Extra Safe 3s/000014.jpg',0,'2028-06-01','Shelf S1',1,'2026-02-13 05:49:34','2026-02-19 04:18:18','NORMAL',0,0,0,NULL,0,0,NULL,'2026-02-19 04:18:18',0),(194,NULL,NULL,'Durex Pleasuremax 3s','Condom','Durex','Condom','Ribbed & Dotted','adult','Ribbed & dotted for extra stimulation.','medicine','Sexual Health',32,NULL,95.00,60.00,95.00,33,10,3,31.67,0,'medicine_images/Durex Pleasuremax 3s/000007.jpg',0,'2028-06-01','Shelf S1',1,'2026-02-13 05:49:34','2026-02-19 04:18:18','NORMAL',0,0,0,NULL,0,0,NULL,'2026-02-19 04:18:18',0),(195,NULL,NULL,'Trust Classic 3s','Condom','Trust','Condom','Classic','adult','Affordable classic condom.','medicine','Sexual Health',32,NULL,55.00,32.00,55.00,60,10,3,18.33,0,'medicine_images/Trust Classic 3s/000006.jpg',0,'2028-06-01','Shelf S1',1,'2026-02-13 05:49:34','2026-02-26 06:23:07','NORMAL',0,0,0,NULL,0,0,NULL,'2026-02-26 06:23:07',0),(196,NULL,NULL,'Trust Classic 12s','Condom','Trust','Condom','Classic','adult','Best value 12-pack.','medicine','Sexual Health',32,NULL,190.00,120.00,190.00,30,10,12,15.83,0,'medicine_images/Trust Classic 12s/000010.jpg',0,'2028-06-01','Shelf S1',1,'2026-02-13 05:49:34','2026-02-26 06:22:58','NORMAL',0,0,0,NULL,0,0,NULL,'2026-02-26 06:22:58',0),(197,NULL,NULL,'Trust Ultra Thin 3s','Condom','Trust','Condom','Ultra Thin','adult','Budget ultra-thin condom.','medicine','Sexual Health',32,NULL,65.00,38.00,65.00,45,10,3,21.67,0,'medicine_images/Trust Ultra Thin 3s/000002.jpg',0,'2028-06-01','Shelf S1',1,'2026-02-13 05:49:34','2026-02-26 06:24:47','NORMAL',0,0,0,NULL,0,0,NULL,'2026-02-26 06:24:47',0),(198,NULL,NULL,'Trust Ribbed 3s','Condom','Trust','Condom','Ribbed','adult','Ribbed for stimulation.','medicine','Sexual Health',32,NULL,60.00,35.00,60.00,45,10,3,20.00,0,'medicine_images/Trust Ribbed 3s/000002.jpg',0,'2028-06-01','Shelf S2',1,'2026-02-13 05:49:34','2026-02-26 06:24:32','NORMAL',0,0,0,NULL,0,0,NULL,'2026-02-26 06:24:32',0),(199,NULL,NULL,'Trust Studded 3s','Condom','Trust','Condom','Studded','adult','Studded texture for sensation.','medicine','Sexual Health',32,NULL,65.00,38.00,65.00,40,10,3,21.67,0,'medicine_images/Trust Studded 3s/000013.jpg',0,'2028-06-01','Shelf S2',1,'2026-02-13 05:49:34','2026-02-26 06:24:40','NORMAL',0,0,0,NULL,0,0,NULL,'2026-02-26 06:24:40',0),(200,NULL,NULL,'Premier Classic 3s','Condom','Premier','Condom','Classic','adult','Reliable basic condom.','medicine','Sexual Health',32,NULL,50.00,28.00,50.00,60,10,3,16.67,0,NULL,0,'2028-06-01','Shelf S2',1,'2026-02-13 05:49:34','2026-02-13 05:49:34','NORMAL',0,0,0,NULL,0,0,NULL,'2026-02-13 05:49:34',0),(201,NULL,NULL,'Premier Classic 12s','Condom','Premier','Condom','Classic','adult','12-pack value.','medicine','Sexual Health',32,NULL,170.00,105.00,170.00,30,10,12,14.17,0,NULL,0,'2028-06-01','Shelf S2',1,'2026-02-13 05:49:34','2026-02-13 05:49:34','NORMAL',0,0,0,NULL,0,0,NULL,'2026-02-13 05:49:34',0),(202,NULL,NULL,'Premier Ultra Thin 3s','Condom','Premier','Condom','Ultra Thin','adult','Thin & sensitive.','medicine','Sexual Health',32,NULL,60.00,35.00,60.00,40,10,3,20.00,0,'medicine_images/Premier Ultra Thin 3s/000015.jpg',0,'2028-06-01','Shelf S2',1,'2026-02-13 05:49:34','2026-02-26 07:00:08','NORMAL',0,0,0,NULL,0,0,NULL,'2026-02-26 07:00:08',0),(203,NULL,NULL,'Premier Ribbed 3s','Condom','Premier','Condom','Ribbed','adult','Ribbed texture.','medicine','Sexual Health',32,NULL,55.00,32.00,55.00,40,10,3,18.33,0,NULL,0,'2028-06-01','Shelf S2',1,'2026-02-13 05:49:34','2026-02-13 05:49:34','NORMAL',0,0,0,NULL,0,0,NULL,'2026-02-13 05:49:34',0),(204,NULL,NULL,'Premier Flavored 3s','Condom','Premier','Condom','Flavored','adult','Assorted flavored condoms.','medicine','Sexual Health',32,NULL,60.00,35.00,60.00,35,10,3,20.00,0,NULL,0,'2028-06-01','Shelf S2',1,'2026-02-13 05:49:34','2026-02-13 05:49:34','NORMAL',0,0,0,NULL,0,0,NULL,'2026-02-13 05:49:34',0),(205,NULL,NULL,'Fiesta Classic 3s','Condom','Fiesta','Condom','Classic','adult','Fiesta classic condom.','medicine','Sexual Health',32,NULL,55.00,32.00,55.00,50,10,3,18.33,0,'medicine_images/Fiesta Classic 3s/000003.jpg',0,'2028-06-01','Shelf S3',1,'2026-02-13 05:49:34','2026-02-26 05:46:49','NORMAL',0,0,0,NULL,0,0,NULL,'2026-02-26 05:46:49',0),(206,NULL,NULL,'Fiesta Ultra Thin 3s','Condom','Fiesta','Condom','Ultra Thin','adult','Fiesta ultra-thin.','medicine','Sexual Health',32,NULL,65.00,38.00,65.00,40,10,3,21.67,0,'medicine_images/Fiesta Ultra Thin 3s/000015.jpg',0,'2028-06-01','Shelf S3',1,'2026-02-13 05:49:34','2026-02-26 05:47:44','NORMAL',0,0,0,NULL,0,0,NULL,'2026-02-26 05:47:44',0),(207,NULL,NULL,'Fiesta Ribbed 3s','Condom','Fiesta','Condom','Ribbed','adult','Fiesta ribbed for her pleasure.','medicine','Sexual Health',32,NULL,60.00,35.00,60.00,40,10,3,20.00,0,'medicine_images/Fiesta Ribbed 3s/000002.jpg',0,'2028-06-01','Shelf S3',1,'2026-02-13 05:49:34','2026-02-26 05:47:10','NORMAL',0,0,0,NULL,0,0,NULL,'2026-02-26 05:47:10',0),(208,NULL,NULL,'Fiesta Studded 3s','Condom','Fiesta','Condom','Studded','adult','Studded texture condom.','medicine','Sexual Health',32,NULL,65.00,38.00,65.00,35,10,3,21.67,0,'medicine_images/Fiesta Studded 3s/000024.jpg',0,'2028-06-01','Shelf S3',1,'2026-02-13 05:49:34','2026-02-26 05:47:31','NORMAL',0,0,0,NULL,0,0,NULL,'2026-02-26 05:47:31',0),(209,NULL,NULL,'Okamoto 003 3s','Condom','Okamoto','Condom','Ultra Thin 0.03mm','adult','Japanese quality. Ultra-thin 0.03mm.','medicine','Sexual Health',32,NULL,120.00,78.00,120.00,25,10,3,40.00,0,'medicine_images/Okamoto 003 3s/000001.jpg',0,'2028-06-01','Shelf S3',1,'2026-02-13 05:49:34','2026-02-26 06:47:26','NORMAL',0,0,0,NULL,0,0,NULL,'2026-02-26 06:47:26',0),(210,NULL,NULL,'Okamoto Crown 3s','Condom','Okamoto','Condom','Skinless Skin','adult','Super-thin natural feeling.','medicine','Sexual Health',32,NULL,95.00,60.00,95.00,25,10,3,31.67,0,'medicine_images/Okamoto Crown 3s/000008.jpg',0,'2028-06-01','Shelf S3',1,'2026-02-13 05:49:34','2026-02-26 06:56:51','NORMAL',0,0,0,NULL,0,0,NULL,'2026-02-26 06:56:51',0),(211,NULL,NULL,'Playboy Ultra Thin 3s','Condom','Playboy','Condom','Ultra Thin','adult','Playboy ultra-thin condom.','medicine','Sexual Health',32,NULL,80.00,50.00,80.00,30,10,3,26.67,0,'medicine_images/Playboy Ultra Thin 3s/000011.jpg',0,'2028-06-01','Shelf S3',1,'2026-02-13 05:49:34','2026-02-26 06:58:22','NORMAL',0,0,0,NULL,0,0,NULL,'2026-02-26 06:58:22',0),(212,NULL,NULL,'Playboy Ribbed 3s','Condom','Playboy','Condom','Ribbed','adult','Playboy ribbed condom.','medicine','Sexual Health',32,NULL,85.00,52.00,85.00,30,10,3,28.33,0,'medicine_images/Playboy Ribbed 3s/000009.jpg',0,'2028-06-01','Shelf S3',1,'2026-02-13 05:49:34','2026-02-26 06:58:06','NORMAL',0,0,0,NULL,0,0,NULL,'2026-02-26 06:58:06',0),(213,NULL,NULL,'K-Y Jelly 50g','Personal Lubricant','K-Y (J&J)','Gel','50g','adult','Water-based lubricant.','medicine','Sexual Health',32,NULL,220.00,150.00,220.00,30,10,0,0.00,0,'medicine_images/K-Y Jelly 50g/000004.jpg',0,'2028-06-01','Shelf S4',1,'2026-02-13 05:49:34','2026-02-26 06:36:33','NORMAL',0,0,0,NULL,0,0,NULL,'2026-02-26 06:36:33',0),(214,NULL,NULL,'K-Y Jelly 100g','Personal Lubricant','K-Y (J&J)','Gel','100g','adult','Water-based lubricant. Large size.','medicine','Sexual Health',32,NULL,380.00,260.00,380.00,20,10,0,0.00,0,'medicine_images/K-Y Jelly 100g/000011.jpg',0,'2028-06-01','Shelf S4',1,'2026-02-13 05:49:34','2026-02-26 06:36:25','NORMAL',0,0,0,NULL,0,0,NULL,'2026-02-26 06:36:25',0),(215,NULL,NULL,'Durex Play Feel 50mL','Personal Lubricant','Durex Play','Gel','50mL','adult','Smooth water-based lube.','medicine','Sexual Health',32,NULL,420.00,280.00,420.00,18,10,0,0.00,0,'medicine_images/Durex Play Feel 50mL/000001.jpg',0,'2028-06-01','Shelf S4',1,'2026-02-13 05:49:34','2026-02-18 04:49:58','NORMAL',0,0,0,NULL,0,0,NULL,'2026-02-18 04:49:58',0),(216,NULL,NULL,'Durex Play Tingling 50mL','Personal Lubricant','Durex Play','Gel','50mL','adult','Tingling sensation lubricant.','medicine','Sexual Health',32,NULL,450.00,300.00,450.00,15,10,0,0.00,0,'medicine_images/Durex Play Tingling 50mL/000009.jpg',0,'2028-06-01','Shelf S4',1,'2026-02-13 05:49:34','2026-02-18 04:50:37','NORMAL',0,0,0,NULL,0,0,NULL,'2026-02-18 04:50:37',0),(217,NULL,NULL,'Trust Lubricant 50mL','Personal Lubricant','Trust','Gel','50mL','adult','Affordable water-based lube.','medicine','Sexual Health',32,NULL,280.00,185.00,280.00,22,10,0,0.00,0,NULL,0,'2028-06-01','Shelf S4',1,'2026-02-13 05:49:34','2026-02-13 05:49:34','NORMAL',0,0,0,NULL,0,0,NULL,'2026-02-13 05:49:34',0),(218,NULL,NULL,'Clearblue Rapid Detection','Pregnancy Test','Clearblue','Test Kit','1 Test','adult','Results in 1-3 minutes.','medicine','Sexual Health',32,NULL,280.00,190.00,280.00,35,10,0,0.00,0,'medicine_images/Clearblue Rapid Detection/000001.jpg',0,'2029-06-01','Shelf S5',1,'2026-02-13 05:49:34','2026-02-19 04:36:23','NORMAL',0,0,0,NULL,0,0,NULL,'2026-02-19 04:36:23',0),(219,NULL,NULL,'Clearblue Digital','Pregnancy Test','Clearblue','Test Kit','1 Test','adult','Digital display: Pregnant / Not Pregnant.','medicine','Sexual Health',32,NULL,450.00,300.00,450.00,18,10,0,0.00,0,'medicine_images/Clearblue Digital/000017.jpg',0,'2029-06-01','Shelf S5',1,'2026-02-13 05:49:34','2026-02-19 04:34:54','NORMAL',0,0,0,NULL,0,0,NULL,'2026-02-19 04:34:54',0),(220,NULL,NULL,'First Response Early Result','Pregnancy Test','First Response','Test Kit','1 Test','adult','Detects 6 days before missed period.','medicine','Sexual Health',32,NULL,320.00,215.00,320.00,25,10,0,0.00,0,'medicine_images/First Response Early Result/000001.jpg',0,'2029-06-01','Shelf S5',1,'2026-02-13 05:49:34','2026-02-26 05:47:55','NORMAL',0,0,0,NULL,0,0,NULL,'2026-02-26 05:47:55',0),(221,NULL,NULL,'Sure Check Pregnancy Test','Pregnancy Test','Sure Check','Test Kit','1 Test','adult','Midrange pregnancy test kit.','medicine','Sexual Health',32,NULL,120.00,75.00,120.00,40,10,0,0.00,0,'medicine_images/Sure Check Pregnancy Test/000002.jpg',0,'2029-06-01','Shelf S5',1,'2026-02-13 05:49:34','2026-02-26 06:51:29','NORMAL',0,0,0,NULL,0,0,NULL,'2026-02-26 06:51:29',0),(222,NULL,NULL,'Pregtest Pregnancy Strip','Pregnancy Test','Generic','Test Strip','1 Test','adult','Economy test strip.','medicine','Sexual Health',32,NULL,45.00,25.00,45.00,80,10,0,0.00,0,'medicine_images/Pregtest Pregnancy Strip/000001.jpg',0,'2029-06-01','Shelf S5',1,'2026-02-13 05:49:34','2026-02-26 06:59:24','NORMAL',0,0,0,NULL,0,0,NULL,'2026-02-26 06:59:24',0),(223,NULL,NULL,'Lady Pills 28s','Ethinylestradiol+Levonorgestrel','Lady','Tablet','0.03mg/0.15mg','adult','Combined oral contraceptive. 28 tablets.','medicine','Sexual Health',32,NULL,155.00,95.00,155.00,60,10,28,5.54,0,'medicine_images/Lady Pills 28s/000012.jpg',0,'2028-01-01','Shelf S6',1,'2026-02-13 05:49:34','2026-02-26 05:51:39','NORMAL',0,0,0,NULL,0,0,NULL,'2026-02-26 05:51:39',1),(224,NULL,NULL,'Trust Pills 21s','Ethinylestradiol+Levonorgestrel','Trust','Tablet','0.03mg/0.15mg','adult','Affordable OC. 21 tablets + 7 day break.','medicine','Sexual Health',32,NULL,120.00,75.00,120.00,50,10,21,5.71,0,'medicine_images/Trust Pills 21s/000011.jpg',0,'2028-01-01','Shelf S6',1,'2026-02-13 05:49:34','2026-02-26 06:24:26','NORMAL',0,0,0,NULL,0,0,NULL,'2026-02-26 06:24:26',1),(225,NULL,NULL,'Nordette 28s','Ethinylestradiol+Levonorgestrel','Nordette (Pfizer)','Tablet','0.03mg/0.15mg','adult','Combined OC. 21 active + 7 placebo tablets.','medicine','Sexual Health',32,NULL,180.00,115.00,180.00,40,10,28,6.43,0,'medicine_images/Nordette 28s/000017.jpg',0,'2028-01-01','Shelf S6',1,'2026-02-13 05:49:34','2026-02-26 06:46:34','NORMAL',0,0,0,NULL,0,0,NULL,'2026-02-26 06:46:34',1),(226,NULL,NULL,'Althea 21s','Ethinylestradiol+Cyproterone','Althea','Tablet','0.035mg/2mg','adult','OC with anti-androgen. Also for acne.','medicine','Sexual Health',32,NULL,650.00,420.00,650.00,13,10,21,30.95,0,'uploads/products/product_226_1770815306.webp',0,'2028-01-01','Shelf S6',1,'2026-02-13 05:49:34','2026-03-02 01:10:53','NORMAL',0,0,0,NULL,0,0,NULL,'2026-03-02 01:10:53',1),(227,NULL,NULL,'Diane-35 21s','Ethinylestradiol+Cyproterone','Diane-35 (Bayer)','Tablet','0.035mg/2mg','adult','Anti-androgen OC for acne & hirsutism.','medicine','Sexual Health',32,NULL,780.00,520.00,780.00,18,10,21,37.14,0,'medicine_images/Diane-35 21s/000027.jpg',0,'2028-01-01','Shelf S7',1,'2026-02-13 05:49:34','2026-02-19 05:26:46','NORMAL',0,0,0,NULL,0,0,NULL,'2026-02-19 05:26:46',1),(228,NULL,NULL,'Yaz 28s','Ethinylestradiol+Drospirenone','Yaz (Bayer)','Tablet','0.02mg/3mg','adult','Low-dose OC. 24 active + 4 placebo.','medicine','Sexual Health',32,NULL,920.00,620.00,920.00,16,10,28,32.86,0,'medicine_images/Yaz 28s/000003.jpg',0,'2028-01-01','Shelf S7',1,'2026-02-13 05:49:34','2026-02-26 06:28:25','NORMAL',0,0,0,NULL,0,0,NULL,'2026-02-26 06:28:25',1),(229,NULL,NULL,'Yasmin 21s','Ethinylestradiol+Drospirenone','Yasmin (Bayer)','Tablet','0.03mg/3mg','adult','OC with anti-mineralocorticoid activity.','medicine','Sexual Health',32,NULL,980.00,660.00,980.00,14,10,21,46.67,0,'medicine_images/Yasmin 21s/000002.jpg',0,'2028-01-01','Shelf S7',1,'2026-02-13 05:49:34','2026-02-26 06:27:27','NORMAL',0,0,0,NULL,0,0,NULL,'2026-02-26 06:27:27',1),(230,NULL,NULL,'Marvelon 21s','Ethinylestradiol+Desogestrel','Marvelon (MSD)','Tablet','0.03mg/0.15mg','adult','Third-gen combined OC.','medicine','Sexual Health',32,NULL,850.00,560.00,850.00,16,10,21,40.48,0,'medicine_images/Marvelon 21s/000001.jpg',0,'2028-01-01','Shelf S7',1,'2026-02-13 05:49:34','2026-02-26 06:54:58','NORMAL',0,0,0,NULL,0,0,NULL,'2026-02-26 06:54:58',1),(231,NULL,NULL,'Nordiol (EC)','Levonorgestrel','Generic','Tablet','1.5mg','adult','Emergency contraceptive. Single dose within 72 hrs.','medicine','Sexual Health',32,NULL,350.00,220.00,350.00,25,10,1,350.00,0,'medicine_images/Nordiol (EC)/000003.jpg',0,'2028-01-01','Shelf S7',1,'2026-02-13 05:49:34','2026-02-26 06:46:58','NORMAL',0,0,0,NULL,0,0,NULL,'2026-02-26 06:46:58',1),(232,NULL,NULL,'Levonorgestrel 0.75mg x2','Levonorgestrel','Generic','Tablet','0.75mg','adult','Two-dose emergency contraceptive.','medicine','Sexual Health',32,NULL,320.00,200.00,320.00,22,10,2,160.00,0,'medicine_images/Levonorgestrel 0.75mg x2/000018.jpg',0,'2028-01-01','Shelf S7',1,'2026-02-13 05:49:34','2026-02-26 05:56:14','NORMAL',0,0,0,NULL,0,0,NULL,'2026-02-26 05:56:14',1),(233,NULL,NULL,'Azithromycin 1g Single Dose','Azithromycin','Generic','Tablet','1g','adult','Single-dose treatment for chlamydia.','medicine','Sexual Health',32,NULL,120.00,72.00,120.00,28,10,1,120.00,0,'medicine_images/Azithromycin 1g Single Dose/000005.jpg',0,'2027-10-01','Shelf S8',1,'2026-02-13 05:49:34','2026-02-18 07:12:31','NORMAL',0,0,0,NULL,0,0,NULL,'2026-02-18 07:12:31',1),(234,NULL,NULL,'Doxycycline 100mg (STI Course 14s)','Doxycycline','Generic','Capsule','100mg','adult','14-day course for chlamydia/syphilis.','medicine','Sexual Health',32,NULL,280.00,175.00,280.00,13,10,14,20.00,0,'medicine_images/Doxycycline 100mg (STI Course 14s)/000001.jpg',0,'2027-09-01','Shelf S8',1,'2026-02-13 05:49:34','2026-02-19 18:58:58','NORMAL',0,0,0,NULL,0,0,NULL,'2026-02-19 18:58:58',1),(235,NULL,NULL,'Fluconazole 150mg (Yeast)','Fluconazole','Generic','Capsule','150mg','adult','Single-dose for vaginal yeast infection.','medicine','Sexual Health',32,NULL,45.00,25.00,45.00,60,10,1,45.00,0,'medicine_images/Fluconazole 150mg (Yeast)/000002.jpg',0,'2027-10-01','Shelf S8',1,'2026-02-13 05:49:34','2026-02-26 05:27:12','NORMAL',0,0,0,NULL,0,0,NULL,'2026-02-26 05:27:12',1),(236,NULL,NULL,'Metronidazole 500mg (Trichomoniasis)','Metronidazole','Generic','Tablet','500mg','adult','7-day course for trichomoniasis.','medicine','Sexual Health',32,NULL,65.00,38.00,65.00,40,10,14,4.64,0,'medicine_images/Metronidazole 500mg (Trichomoniasis)/000007.jpg',0,'2027-09-01','Shelf S8',1,'2026-02-13 05:49:34','2026-02-26 05:59:54','NORMAL',0,0,0,NULL,0,0,NULL,'2026-02-26 05:59:54',1),(237,NULL,NULL,'Acyclovir 400mg (Herpes)','Acyclovir','Generic','Tablet','400mg','adult','Antiviral for genital herpes.','medicine','Sexual Health',32,NULL,180.00,110.00,180.00,1,10,30,6.50,0,'uploads/products/product_237_1770813966.webp',0,'2027-10-01','Shelf S8',1,'2026-02-13 05:49:34','2026-03-08 00:42:02','NORMAL',0,0,0,NULL,0,0,NULL,'2026-03-08 00:42:02',1),(238,NULL,NULL,'Acyclovir 200mg','Acyclovir','Generic','Tablet','200mg','adult','Lower dose antiviral for herpes.','medicine','Sexual Health',32,NULL,95.00,58.00,95.00,20,10,25,4.00,0,'uploads/products/ACICLOVIR-200MG-25CPR-NOVS.jpg',0,'2026-02-19','Shelf S8',1,'2026-02-13 05:49:34','2026-02-27 18:38:52','NORMAL',0,0,0,NULL,0,0,NULL,'2026-02-27 18:38:52',1),(239,NULL,NULL,'pH Care Feminine Wash 150mL','Feminine Wash','pH Care','Wash','150mL','adult','pH-balanced feminine wash.','medicine','Feminine Care',33,NULL,120.00,78.00,120.00,50,10,0,0.00,0,'medicine_images/pH Care Feminine Wash 150mL/000024.jpg',0,'2028-06-01','Shelf T1',1,'2026-02-13 05:49:34','2026-02-26 06:57:24','NORMAL',0,0,0,NULL,0,0,NULL,'2026-02-26 06:57:24',0),(240,NULL,NULL,'Betadine Feminine Wash 150mL','Povidone-Iodine Feminine Wash','Betadine (Mundipharma)','Wash','150mL','adult','Antiseptic feminine wash.','medicine','Feminine Care',33,NULL,180.00,115.00,180.00,40,10,0,0.00,0,'medicine_images/Betadine Feminine Wash 150mL/000001.jpg',0,'2028-06-01','Shelf T1',1,'2026-02-13 05:49:34','2026-02-17 11:54:28','NORMAL',0,0,0,NULL,0,0,NULL,'2026-02-17 11:54:28',0),(241,NULL,NULL,'Lactacyd Feminine Wash 150mL','Lactic Acid Feminine Wash','Lactacyd','Wash','150mL','adult','Daily feminine hygiene wash.','medicine','Feminine Care',33,NULL,165.00,105.00,165.00,45,10,0,0.00,0,'medicine_images/Lactacyd Feminine Wash 150mL/000015.jpg',0,'2028-06-01','Shelf T1',1,'2026-02-13 05:49:34','2026-02-26 05:50:43','NORMAL',0,0,0,NULL,0,0,NULL,'2026-02-26 05:50:43',0),(242,NULL,NULL,'Whisper All Day Normal 8s','Sanitary Pad','Whisper (P&G)','Pad','Normal','adult','Daytime normal flow pads.','medicine','Feminine Care',33,NULL,65.00,40.00,65.00,80,10,8,8.13,0,'medicine_images/Whisper All Day Normal 8s/000002.jpg',0,'2029-01-01','Shelf T2',1,'2026-02-13 05:49:34','2026-02-26 06:26:41','NORMAL',0,0,0,NULL,0,0,NULL,'2026-02-26 06:26:41',0),(243,NULL,NULL,'Whisper All Night Long 6s','Sanitary Pad','Whisper (P&G)','Pad','Overnight','adult','Overnight heavy flow protection.','medicine','Feminine Care',33,NULL,85.00,52.00,85.00,60,10,6,14.17,0,'medicine_images/Whisper All Night Long 6s/000012.jpg',0,'2029-01-01','Shelf T2',1,'2026-02-13 05:49:34','2026-02-26 06:27:04','NORMAL',0,0,0,NULL,0,0,NULL,'2026-02-26 06:27:04',0),(244,NULL,NULL,'Modess All Night 8s','Sanitary Pad','Modess (J&J)','Pad','Overnight','adult','Overnight pads with wings.','medicine','Feminine Care',33,NULL,75.00,48.00,75.00,60,10,8,9.38,0,'medicine_images/Modess All Night 8s/000003.jpg',0,'2029-01-01','Shelf T2',1,'2026-02-13 05:49:34','2026-02-26 06:02:06','NORMAL',0,0,0,NULL,0,0,NULL,'2026-02-26 06:02:06',0),(245,NULL,NULL,'Kotex Overnight 8s','Sanitary Pad','Kotex (Kimberly-Clark)','Pad','Overnight','adult','Ultra-thin overnight pads.','medicine','Feminine Care',33,NULL,85.00,52.00,85.00,50,10,8,10.63,0,'medicine_images/Kotex Overnight 8s/000007.jpg',0,'2029-01-01','Shelf T2',1,'2026-02-13 05:49:34','2026-02-26 05:49:19','NORMAL',0,0,0,NULL,0,0,NULL,'2026-02-26 05:49:19',0),(246,NULL,NULL,'Carefree Panty Liners 20s','Panty Liner','Carefree (J&J)','Liner','Regular','adult','Daily freshness panty liners.','medicine','Feminine Care',33,NULL,65.00,40.00,65.00,70,10,20,3.25,0,'medicine_images/Carefree Panty Liners 20s/000003.jpg',0,'2029-01-01','Shelf T3',1,'2026-02-13 05:49:34','2026-02-18 04:24:26','NORMAL',0,0,0,NULL,0,0,NULL,'2026-02-18 04:24:26',0),(247,NULL,NULL,'Tampax Regular 8s','Tampon','Tampax (P&G)','Tampon','Regular','adult','Regular absorbency tampons.','medicine','Feminine Care',33,NULL,180.00,115.00,180.00,20,10,8,22.50,0,'medicine_images/Tampax Regular 8s/000007.jpg',0,'2029-01-01','Shelf T3',1,'2026-02-13 05:49:34','2026-02-26 06:52:19','NORMAL',0,0,0,NULL,0,0,NULL,'2026-02-26 06:52:19',0),(248,NULL,NULL,'Listerine Cool Mint 250mL','Antiseptic Mouthwash','Listerine (J&J)','Mouthwash','250mL','adult','Kills 99.9% of germs.','medicine','Oral Care',34,NULL,120.00,78.00,120.00,60,10,0,0.00,0,'medicine_images/Listerine Cool Mint 250mL/000003.jpg',0,'2028-12-01','Shelf U1',1,'2026-02-13 05:49:34','2026-02-26 05:57:58','NORMAL',0,0,0,NULL,0,0,NULL,'2026-02-26 05:57:58',0),(249,NULL,NULL,'Listerine Total Care 500mL','Antiseptic Mouthwash','Listerine (J&J)','Mouthwash','500mL','adult','6-benefit mouthwash.','medicine','Oral Care',34,NULL,250.00,165.00,250.00,40,10,0,0.00,0,'medicine_images/Listerine Total Care 500mL/000006.jpg',0,'2028-12-01','Shelf U1',1,'2026-02-13 05:49:34','2026-02-26 06:53:47','NORMAL',0,0,0,NULL,0,0,NULL,'2026-02-26 06:53:47',0),(250,NULL,NULL,'Betadine Gargle 120mL','Povidone-Iodine','Betadine (Mundipharma)','Gargle','1%','adult','Throat & mouth antiseptic gargle.','medicine','Oral Care',34,NULL,185.00,120.00,185.00,35,10,0,0.00,0,'medicine_images/Betadine Gargle 120mL/000017.jpg',0,'2028-06-01','Shelf U1',1,'2026-02-13 05:49:34','2026-02-17 11:56:37','NORMAL',0,0,0,NULL,0,0,NULL,'2026-02-17 11:56:37',0),(251,NULL,NULL,'Sensodyne Repair & Protect 100g','Stannous Fluoride Toothpaste','Sensodyne (GSK)','Toothpaste','100g','adult','For sensitive teeth.','medicine','Oral Care',34,NULL,220.00,145.00,220.00,39,10,0,0.00,0,'medicine_images/Sensodyne Repair & Protect 100g/000002.jpg',0,'2028-12-01','Shelf U2',1,'2026-02-13 05:49:34','2026-02-26 06:16:43','NORMAL',0,0,0,NULL,0,0,NULL,'2026-02-26 06:16:43',0),(252,NULL,NULL,'Orajel Gel 9.5g','Benzocaine','Orajel','Gel','20%','adult','Instant toothache pain relief gel.','medicine','Oral Care',34,NULL,320.00,210.00,320.00,20,10,0,0.00,0,'medicine_images/Orajel Gel 9.5g/000002.jpg',0,'2028-06-01','Shelf U2',1,'2026-02-13 05:49:34','2026-02-26 06:08:43','NORMAL',0,0,0,NULL,0,0,NULL,'2026-02-26 06:08:43',0),(253,NULL,NULL,'Daktarin Oral Gel 20g','Miconazole','Daktarin (J&J)','Gel','20mg/g','all','Antifungal for oral thrush.','medicine','Oral Care',34,NULL,350.00,225.00,350.00,15,10,0,0.00,0,'medicine_images/Daktarin Oral Gel 20g/000004.jpg',0,'2027-12-01','Shelf U2',1,'2026-02-13 05:49:34','2026-02-19 05:10:00','NORMAL',0,0,0,NULL,0,0,NULL,'2026-02-19 05:10:00',1),(254,NULL,NULL,'Face Mask Surgical 50s','Disposable Face Mask','Generic','Supplies','3-Ply','all','3-ply surgical face masks.','medicine','Personal Care',30,NULL,120.00,65.00,120.00,100,10,50,2.50,0,'medicine_images/Face Mask Surgical 50s/000015.jpg',0,'2029-01-01','Shelf V1',1,'2026-02-13 05:49:34','2026-02-26 05:42:59','NORMAL',0,0,0,NULL,0,0,NULL,'2026-02-26 05:42:59',0),(255,NULL,NULL,'N95 Mask (3M) 1pc','Respirator Mask','3M','Supplies','N95','adult','N95 respiratory protection.','medicine','Personal Care',30,NULL,85.00,52.00,85.00,50,10,0,0.00,0,'medicine_images/N95 Mask (3M) 1pc/000026.jpg',0,'2029-01-01','Shelf V1',1,'2026-02-13 05:49:34','2026-02-26 06:06:30','NORMAL',0,0,0,NULL,0,0,NULL,'2026-02-26 06:06:30',0),(256,NULL,NULL,'Digital Thermometer','Thermometer','Generic','Device','Digital','all','Digital oral/axillary thermometer.','medicine','Personal Care',30,NULL,150.00,85.00,150.00,30,10,0,0.00,0,'medicine_images/Digital Thermometer/000001.jpg',0,'2029-06-01','Shelf V1',1,'2026-02-13 05:49:34','2026-02-19 06:05:53','NORMAL',0,0,0,NULL,0,0,NULL,'2026-02-19 06:05:53',0),(257,NULL,NULL,'Mercury-Free Thermometer','Thermometer','Generic','Device','Galinstan','all','Mercury-free glass thermometer.','medicine','Personal Care',30,NULL,120.00,72.00,120.00,20,10,0,0.00,0,'medicine_images/Mercury-Free Thermometer/000002.jpg',0,'2029-06-01','Shelf V1',1,'2026-02-13 05:49:34','2026-02-26 06:55:56','NORMAL',0,0,0,NULL,0,0,NULL,'2026-02-26 06:55:56',0),(258,NULL,NULL,'Blood Pressure Monitor (Omron)','BP Monitor','Omron','Device','Automatic','adult','Automatic upper-arm BP monitor.','medicine','Personal Care',30,NULL,2500.00,1650.00,2500.00,8,10,0,0.00,0,'medicine_images/Blood Pressure Monitor (Omron)/000014.jpg',0,'2029-06-01','Shelf V2',1,'2026-02-13 05:49:34','2026-02-17 12:01:36','NORMAL',0,0,0,NULL,0,0,NULL,'2026-02-17 12:01:36',0),(259,NULL,NULL,'Pulse Oximeter','Pulse Oximeter','Generic','Device','Fingertip','adult','Measures SpO2 and pulse rate.','medicine','Personal Care',30,NULL,650.00,420.00,650.00,15,10,0,0.00,0,'medicine_images/Pulse Oximeter/000001.jpg',0,'2029-06-01','Shelf V2',1,'2026-02-13 05:49:34','2026-02-26 07:00:30','NORMAL',0,0,0,NULL,0,0,NULL,'2026-02-26 07:00:30',0),(260,NULL,NULL,'Nebulizer Machine (Omron)','Nebulizer','Omron','Device','Compressor','all','Compressor nebulizer for respiratory meds.','medicine','Personal Care',30,NULL,3500.00,2300.00,3500.00,5,10,0,0.00,0,'medicine_images/Nebulizer Machine (Omron)/000005.jpg',0,'2029-06-01','Shelf V2',1,'2026-02-13 05:49:34','2026-02-26 06:40:10','NORMAL',0,0,0,NULL,0,0,NULL,'2026-02-26 06:40:10',0),(261,NULL,NULL,'Hot Water Bag','Hot Water Bottle','Generic','Supplies','2L','all','Rubber hot water bottle for pain relief.','medicine','Personal Care',30,NULL,180.00,105.00,180.00,15,10,0,0.00,0,'medicine_images/Hot Water Bag/000004.jpg',0,'2029-06-01','Shelf V3',1,'2026-02-13 05:49:34','2026-02-26 06:33:03','NORMAL',0,0,0,NULL,0,0,NULL,'2026-02-26 06:33:03',0),(262,NULL,NULL,'Zinc Drops 10mg/mL (RiteMed)','Zinc Sulfate','RiteMed','Drops','10mg/mL','pediatric','WHO-recommended zinc for diarrhea.','medicine','Baby & Pediatric',31,NULL,65.00,40.00,65.00,50,10,0,0.00,0,'medicine_images/Zinc Drops 10mg_mL (RiteMed)/000006.jpg',0,'2027-10-01','Shelf W1',1,'2026-02-13 05:49:34','2026-02-26 06:28:45','NORMAL',0,0,0,NULL,0,0,NULL,'2026-02-26 06:28:45',0),(263,NULL,NULL,'ORS Powder (Oresol)','Oral Rehydration Salts','Oresol','Powder','Standard','all','Rehydration salts. Mix with 1L water.','medicine','Baby & Pediatric',31,NULL,8.00,4.00,8.00,500,10,0,0.00,0,'medicine_images/ORS Powder (Oresol)/000002.jpg',0,'2028-06-01','Shelf W1',1,'2026-02-13 05:49:34','2026-02-26 06:11:43','NORMAL',0,0,0,NULL,0,0,NULL,'2026-02-26 06:11:43',0),(264,NULL,NULL,'Ceelin Plus Syrup 120mL','Ascorbic Acid + Zinc','Ceelin (Unilab)','Syrup','Multi','pediatric','Vitamin C + Zinc for kids\' immunity.','medicine','Baby & Pediatric',31,NULL,185.00,120.00,185.00,40,10,0,0.00,0,'medicine_images/Ceelin Plus Syrup 120mL/000011.jpg',0,'2027-12-01','Shelf W1',1,'2026-02-13 05:49:34','2026-02-18 04:24:49','NORMAL',0,0,0,NULL,0,0,NULL,'2026-02-18 04:24:49',0),(265,NULL,NULL,'Cherifer PGM 10-22 Syrup','Chlorella Growth Factor+Taurine+Zinc','Cherifer (Unilab)','Syrup','Multi','pediatric','Growth supplement for children.','medicine','Baby & Pediatric',31,NULL,280.00,185.00,280.00,30,10,0,0.00,0,'medicine_images/Cherifer PGM 10-22 Syrup/000018.jpg',0,'2028-01-01','Shelf W1',1,'2026-02-13 05:49:34','2026-02-18 04:37:51','NORMAL',0,0,0,NULL,0,0,NULL,'2026-02-18 04:37:51',0),(266,NULL,NULL,'Bonnisan Drops 30mL','Herbal (Gripe Water)','Bonnisan (Himalaya)','Drops','Multi','pediatric','For infant colic, gas, and indigestion.','medicine','Baby & Pediatric',31,NULL,120.00,78.00,120.00,25,10,0,0.00,0,'medicine_images/Bonnisan Drops 30mL/000028.jpg',0,'2028-06-01','Shelf W2',1,'2026-02-13 05:49:34','2026-02-17 12:04:20','NORMAL',0,0,0,NULL,0,0,NULL,'2026-02-17 12:04:20',0),(267,NULL,NULL,'Bepanthen Nappy Rash Cream 30g','Dexpanthenol','Bepanthen (Bayer)','Cream','5%','pediatric','Diaper rash treatment & prevention.','medicine','Baby & Pediatric',31,NULL,280.00,185.00,280.00,25,10,0,0.00,0,'medicine_images/Bepanthen Nappy Rash Cream 30g/000017.jpg',0,'2028-06-01','Shelf W2',1,'2026-02-13 05:49:34','2026-02-17 11:49:23','NORMAL',0,0,0,NULL,0,0,NULL,'2026-02-17 11:49:23',0),(268,NULL,NULL,'Calpol Infant Drops 15mL','Paracetamol','Calpol (GSK)','Drops','100mg/mL','pediatric','Fever drops for infants 0-2 years.','medicine','Baby & Pediatric',31,NULL,75.00,48.00,75.00,35,10,0,0.00,0,'medicine_images/Calpol Infant Drops 15mL/000002.jpg',0,'2027-08-01','Shelf W2',1,'2026-02-13 05:49:34','2026-02-18 04:19:36','NORMAL',0,0,0,NULL,0,0,NULL,'2026-02-18 04:19:36',0),(269,NULL,NULL,'Pedialyte Oral Rehydration 500mL','Oral Electrolyte Solution','Pedialyte (Abbott)','Solution','Standard','pediatric','Ready-to-drink rehydration for kids.','medicine','Baby & Pediatric',31,NULL,85.00,52.00,85.00,40,10,0,0.00,0,'medicine_images/Pedialyte Oral Rehydration 500mL/000002.jpg',0,'2028-03-01','Shelf W2',1,'2026-02-13 05:49:34','2026-02-26 06:12:51','NORMAL',0,0,0,NULL,0,0,NULL,'2026-02-26 06:12:51',0),(270,NULL,NULL,'Pracetamol','Pracetamol','','','','all','','medicine',NULL,29,NULL,0.00,1212.00,12312.00,12121,10,0,0.00,0,NULL,0,'2026-02-28','Shelf A1',0,'2026-02-17 13:04:52','2026-02-26 14:35:30','NORMAL',0,0,0,NULL,0,0,NULL,'2026-02-26 14:35:30',0),(271,NULL,NULL,'12312312','123123','','','','all','','medicine',NULL,3,NULL,0.00,0.00,123123.00,123131,10,0,0.00,0,NULL,0,'2026-02-19','',0,'2026-02-17 13:06:20','2026-02-17 13:06:29','NORMAL',0,0,0,NULL,0,0,NULL,'2026-02-17 13:06:29',0),(272,NULL,NULL,'Loratadine 10mg Tablet',NULL,NULL,NULL,NULL,'all','PH market top-up medicine item','medicine','Allergy & Antihistamines',23,NULL,120.00,75.00,120.00,40,10,0,0.00,0,'medicine_images/Loratadine 10mg Tablet/000001.jpg',0,'2028-12-31','Top-up Rack',1,'2026-02-19 04:09:38','2026-02-26 06:54:00','NORMAL',0,0,0,NULL,0,0,NULL,'2026-02-26 06:54:00',0),(273,NULL,NULL,'Cetirizine 10mg Tablet',NULL,NULL,NULL,NULL,'all','PH market top-up medicine item','medicine','Allergy & Antihistamines',23,NULL,120.00,75.00,120.00,40,10,0,0.00,0,'medicine_images/Cetirizine 10mg Tablet/000002.jpg',0,'2028-12-31','Top-up Rack',1,'2026-02-19 04:09:38','2026-02-19 04:30:54','NORMAL',0,0,0,NULL,0,0,NULL,'2026-02-19 04:30:54',0),(274,NULL,NULL,'Levocetirizine 5mg Tablet',NULL,NULL,NULL,NULL,'all','PH market top-up medicine item','medicine','Allergy & Antihistamines',23,NULL,120.00,75.00,120.00,40,10,0,0.00,0,'medicine_images/Levocetirizine 5mg Tablet/000002.jpg',0,'2028-12-31','Top-up Rack',1,'2026-02-19 04:09:38','2026-02-26 05:52:26','NORMAL',0,0,0,NULL,0,0,NULL,'2026-02-26 05:52:26',0),(275,NULL,NULL,'Fexofenadine 120mg Tablet',NULL,NULL,NULL,NULL,'all','PH market top-up medicine item','medicine','Allergy & Antihistamines',23,NULL,120.00,75.00,120.00,40,10,0,0.00,0,'medicine_images/Fexofenadine 120mg Tablet/000007.jpg',0,'2028-12-31','Top-up Rack',1,'2026-02-19 04:09:38','2026-02-26 05:45:19','NORMAL',0,0,0,NULL,0,0,NULL,'2026-02-26 05:45:19',0),(276,NULL,NULL,'Fexofenadine 180mg Tablet',NULL,NULL,NULL,NULL,'all','PH market top-up medicine item','medicine','Allergy & Antihistamines',23,NULL,120.00,75.00,120.00,40,10,0,0.00,0,'medicine_images/Fexofenadine 180mg Tablet/000005.jpg',0,'2028-12-31','Top-up Rack',1,'2026-02-19 04:09:38','2026-02-26 05:46:22','NORMAL',0,0,0,NULL,0,0,NULL,'2026-02-26 05:46:22',0),(277,NULL,NULL,'Desloratadine 5mg Tablet',NULL,NULL,NULL,NULL,'all','PH market top-up medicine item','medicine','Allergy & Antihistamines',23,NULL,120.00,75.00,120.00,40,10,0,0.00,0,'medicine_images/Desloratadine 5mg Tablet/000001.jpg',0,'2028-12-31','Top-up Rack',1,'2026-02-19 04:09:38','2026-02-19 05:24:25','NORMAL',0,0,0,NULL,0,0,NULL,'2026-02-19 05:24:25',0),(278,NULL,NULL,'Chlorphenamine 4mg Tablet',NULL,NULL,NULL,NULL,'all','PH market top-up medicine item','medicine','Allergy & Antihistamines',23,NULL,120.00,75.00,120.00,40,10,0,0.00,0,'medicine_images/Chlorphenamine 4mg Tablet/000008.jpg',0,'2028-12-31','Top-up Rack',1,'2026-02-19 04:09:38','2026-02-19 04:33:05','NORMAL',0,0,0,NULL,0,0,NULL,'2026-02-19 04:33:05',0),(279,NULL,NULL,'Diphenhydramine 25mg Capsule',NULL,NULL,NULL,NULL,'all','PH market top-up medicine item','medicine','Allergy & Antihistamines',23,NULL,120.00,75.00,120.00,40,10,0,0.00,0,'medicine_images/Diphenhydramine 25mg Capsule/000008.jpg',0,'2028-12-31','Top-up Rack',1,'2026-02-19 04:09:38','2026-02-19 06:09:35','NORMAL',0,0,0,NULL,0,0,NULL,'2026-02-19 06:09:35',0),(280,NULL,NULL,'Ketotifen 1mg Tablet',NULL,NULL,NULL,NULL,'all','PH market top-up medicine item','medicine','Allergy & Antihistamines',23,NULL,120.00,75.00,120.00,40,10,0,0.00,0,'medicine_images/Ketotifen 1mg Tablet/000013.jpg',0,'2028-12-31','Top-up Rack',1,'2026-02-19 04:09:38','2026-02-26 05:48:29','NORMAL',0,0,0,NULL,0,0,NULL,'2026-02-26 05:48:29',0),(281,NULL,NULL,'Mometasone Nasal Spray 120 Doses',NULL,NULL,NULL,NULL,'all','PH market top-up medicine item','medicine','Allergy & Antihistamines',23,NULL,120.00,75.00,120.00,40,10,0,0.00,0,'medicine_images/Mometasone Nasal Spray 120 Doses/000015.jpg',0,'2028-12-31','Top-up Rack',1,'2026-02-19 04:09:38','2026-02-26 06:03:31','NORMAL',0,0,0,NULL,0,0,NULL,'2026-02-26 06:03:31',0),(282,NULL,NULL,'Fluticasone Propionate Nasal Spray 120 Doses',NULL,NULL,NULL,NULL,'all','PH market top-up medicine item','medicine','Allergy & Antihistamines',23,NULL,120.00,75.00,120.00,40,10,0,0.00,0,'medicine_images/Fluticasone Propionate Nasal Spray 120 Doses/000004.jpg',0,'2028-12-31','Top-up Rack',1,'2026-02-19 04:09:38','2026-02-26 05:30:08','NORMAL',0,0,0,NULL,0,0,NULL,'2026-02-26 05:30:08',0),(283,NULL,NULL,'Cetirizine Syrup 5mg/5mL',NULL,NULL,NULL,NULL,'all','PH market top-up medicine item','medicine','Allergy & Antihistamines',23,NULL,120.00,75.00,120.00,40,10,0,0.00,0,'medicine_images/Cetirizine Syrup 5mg_5mL/000017.jpg',0,'2028-12-31','Top-up Rack',1,'2026-02-19 04:09:38','2026-02-19 04:31:37','NORMAL',0,0,0,NULL,0,0,NULL,'2026-02-19 04:31:37',0),(284,NULL,NULL,'Co-Trimoxazole 800mg/160mg Tablet',NULL,NULL,NULL,NULL,'all','PH market top-up medicine item','medicine','Antibiotics',2,NULL,120.00,75.00,120.00,40,10,0,0.00,0,'medicine_images/Co-Trimoxazole 800mg_160mg Tablet/000007.jpg',0,'2028-12-31','Top-up Rack',1,'2026-02-19 04:09:38','2026-02-19 04:56:08','NORMAL',0,0,0,NULL,0,0,NULL,'2026-02-19 04:56:08',1),(285,NULL,NULL,'Pediatrin Drops 30mL',NULL,NULL,NULL,NULL,'all','PH market top-up medicine item','medicine','Baby & Pediatric',31,NULL,120.00,75.00,120.00,40,10,0,0.00,0,'medicine_images/Pediatrin Drops 30mL/000001.jpg',0,'2028-12-31','Top-up Rack',1,'2026-02-19 04:09:38','2026-02-26 06:14:06','NORMAL',0,0,0,NULL,0,0,NULL,'2026-02-26 06:14:06',0),(286,NULL,NULL,'Pediatrin Syrup 120mL',NULL,NULL,NULL,NULL,'all','PH market top-up medicine item','medicine','Baby & Pediatric',31,NULL,120.00,75.00,120.00,40,10,0,0.00,0,'medicine_images/Pediatrin Syrup 120mL/000001.jpg',0,'2028-12-31','Top-up Rack',1,'2026-02-19 04:09:38','2026-02-26 06:14:21','NORMAL',0,0,0,NULL,0,0,NULL,'2026-02-26 06:14:21',0),(287,NULL,NULL,'Infant Zinc Syrup 60mL',NULL,NULL,NULL,NULL,'all','PH market top-up medicine item','medicine','Baby & Pediatric',31,NULL,120.00,75.00,120.00,40,10,0,0.00,0,'medicine_images/Infant Zinc Syrup 60mL/000002.jpg',0,'2028-12-31','Top-up Rack',1,'2026-02-19 04:09:38','2026-02-26 06:35:16','NORMAL',0,0,0,NULL,0,0,NULL,'2026-02-26 06:35:16',0),(288,NULL,NULL,'Pediatric Multivitamin Drops 30mL',NULL,NULL,NULL,NULL,'all','PH market top-up medicine item','medicine','Baby & Pediatric',31,NULL,120.00,75.00,120.00,40,10,0,0.00,0,'medicine_images/Pediatric Multivitamin Drops 30mL/000001.jpg',0,'2028-12-31','Top-up Rack',1,'2026-02-19 04:09:38','2026-02-26 06:13:14','NORMAL',0,0,0,NULL,0,0,NULL,'2026-02-26 06:13:14',0),(289,NULL,NULL,'Pediatric Multivitamin Syrup 120mL',NULL,NULL,NULL,NULL,'all','PH market top-up medicine item','medicine','Baby & Pediatric',31,NULL,120.00,75.00,120.00,40,10,0,0.00,0,'medicine_images/Pediatric Multivitamin Syrup 120mL/000003.jpg',0,'2028-12-31','Top-up Rack',1,'2026-02-19 04:09:38','2026-02-26 06:13:21','NORMAL',0,0,0,NULL,0,0,NULL,'2026-02-26 06:13:21',0),(290,NULL,NULL,'Oral Rehydration Salts Sachet',NULL,NULL,NULL,NULL,'all','PH market top-up medicine item','medicine','Baby & Pediatric',31,NULL,120.00,75.00,120.00,40,10,0,0.00,0,'medicine_images/Oral Rehydration Salts Sachet/000006.jpg',0,'2028-12-31','Top-up Rack',1,'2026-02-19 04:09:38','2026-02-26 06:10:56','NORMAL',0,0,0,NULL,0,0,NULL,'2026-02-26 06:10:56',0),(291,NULL,NULL,'Pediatric Paracetamol 120mg/5mL Syrup',NULL,NULL,NULL,NULL,'all','PH market top-up medicine item','medicine','Baby & Pediatric',31,NULL,120.00,75.00,120.00,40,10,0,0.00,0,'medicine_images/Pediatric Paracetamol 120mg_5mL Syrup/000009.jpg',0,'2028-12-31','Top-up Rack',1,'2026-02-19 04:09:38','2026-02-26 06:13:52','NORMAL',0,0,0,NULL,0,0,NULL,'2026-02-26 06:13:52',0),(292,NULL,NULL,'Pediatric Ibuprofen 100mg/5mL Syrup',NULL,NULL,NULL,NULL,'all','PH market top-up medicine item','medicine','Baby & Pediatric',31,NULL,120.00,75.00,120.00,40,10,0,0.00,0,'medicine_images/Pediatric Ibuprofen 100mg_5mL Syrup/000007.jpg',0,'2028-12-31','Top-up Rack',1,'2026-02-19 04:09:38','2026-02-26 06:13:04','NORMAL',0,0,0,NULL,0,0,NULL,'2026-02-26 06:13:04',0),(293,NULL,NULL,'Nasal Aspirator Infant',NULL,NULL,NULL,NULL,'all','PH market top-up medicine item','medicine','Baby & Pediatric',31,NULL,120.00,75.00,120.00,40,10,0,0.00,0,'medicine_images/Nasal Aspirator Infant/000003.jpg',0,'2028-12-31','Top-up Rack',1,'2026-02-19 04:09:38','2026-02-26 06:39:52','NORMAL',0,0,0,NULL,0,0,NULL,'2026-02-26 06:39:52',0),(294,NULL,NULL,'Digital Thermometer Flexible Tip',NULL,NULL,NULL,NULL,'all','PH market top-up medicine item','medicine','Baby & Pediatric',31,NULL,120.00,75.00,120.00,40,10,0,0.00,0,'medicine_images/Digital Thermometer Flexible Tip/000011.jpg',0,'2028-12-31','Top-up Rack',1,'2026-02-19 04:09:38','2026-02-19 06:07:41','NORMAL',0,0,0,NULL,0,0,NULL,'2026-02-19 06:07:41',0),(295,NULL,NULL,'Baby Saline Drops 15mL',NULL,NULL,NULL,NULL,'all','PH market top-up medicine item','medicine','Baby & Pediatric',31,NULL,120.00,75.00,120.00,40,10,0,0.00,0,'medicine_images/Baby Saline Drops 15mL/000003.jpg',0,'2028-12-31','Top-up Rack',1,'2026-02-19 04:09:38','2026-02-19 04:29:28','NORMAL',0,0,0,NULL,0,0,NULL,'2026-02-19 04:29:28',0),(296,NULL,NULL,'Diaper Rash Cream 30g',NULL,NULL,NULL,NULL,'all','PH market top-up medicine item','medicine','Baby & Pediatric',31,NULL,120.00,75.00,120.00,40,10,0,0.00,0,'medicine_images/Diaper Rash Cream 30g/000001.jpg',0,'2028-12-31','Top-up Rack',1,'2026-02-19 04:09:38','2026-02-19 05:31:59','NORMAL',0,0,0,NULL,0,0,NULL,'2026-02-19 05:31:59',0),(297,NULL,NULL,'Baby Probiotic Drops 10mL',NULL,NULL,NULL,NULL,'all','PH market top-up medicine item','medicine','Baby & Pediatric',31,NULL,120.00,75.00,120.00,40,10,0,0.00,0,'medicine_images/Baby Probiotic Drops 10mL/000001.jpg',0,'2028-12-31','Top-up Rack',1,'2026-02-19 04:09:38','2026-02-19 04:28:52','NORMAL',0,0,0,NULL,0,0,NULL,'2026-02-19 04:28:52',0),(298,NULL,NULL,'Amlodipine 10mg Tablet',NULL,NULL,NULL,NULL,'all','PH market top-up medicine item','medicine','Cardiovascular',10,NULL,120.00,75.00,120.00,40,10,0,0.00,0,'medicine_images/Amlodipine 10mg Tablet/000008.jpg',0,'2028-12-31','Top-up Rack',1,'2026-02-19 04:09:38','2026-02-19 04:26:39','NORMAL',0,0,0,NULL,0,0,NULL,'2026-02-19 04:26:39',1),(299,NULL,NULL,'Losartan 100mg Tablet',NULL,NULL,NULL,NULL,'all','PH market top-up medicine item','medicine','Cardiovascular',10,NULL,120.00,75.00,120.00,40,10,0,0.00,0,'medicine_images/Losartan 100mg Tablet/000005.jpg',0,'2028-12-31','Top-up Rack',1,'2026-02-19 04:09:38','2026-02-26 06:54:23','NORMAL',0,0,0,NULL,0,0,NULL,'2026-02-26 06:54:23',1),(300,NULL,NULL,'Valsartan 80mg Tablet',NULL,NULL,NULL,NULL,'all','PH market top-up medicine item','medicine','Cardiovascular',10,NULL,120.00,75.00,120.00,40,10,0,0.00,0,'medicine_images/Valsartan 80mg Tablet/000001.jpg',0,'2028-12-31','Top-up Rack',1,'2026-02-19 04:09:38','2026-02-26 06:25:55','NORMAL',0,0,0,NULL,0,0,NULL,'2026-02-26 06:25:55',1),(301,NULL,NULL,'Telmisartan 40mg Tablet',NULL,NULL,NULL,NULL,'all','PH market top-up medicine item','medicine','Cardiovascular',10,NULL,120.00,75.00,120.00,40,10,0,0.00,0,'medicine_images/Telmisartan 40mg Tablet/000004.jpg',0,'2028-12-31','Top-up Rack',1,'2026-02-19 04:09:38','2026-02-26 06:53:13','NORMAL',0,0,0,NULL,0,0,NULL,'2026-02-26 06:53:13',1),(302,NULL,NULL,'Metoprolol 50mg Tablet',NULL,NULL,NULL,NULL,'all','PH market top-up medicine item','medicine','Cardiovascular',10,NULL,120.00,75.00,120.00,40,10,0,0.00,0,'medicine_images/Metoprolol 50mg Tablet/000002.jpg',0,'2028-12-31','Top-up Rack',1,'2026-02-19 04:09:38','2026-02-26 05:59:13','NORMAL',0,0,0,NULL,0,0,NULL,'2026-02-26 05:59:13',1),(303,NULL,NULL,'Metformin 1000mg Tablet',NULL,NULL,NULL,NULL,'all','PH market top-up medicine item','medicine','Diabetes Care',29,NULL,120.00,75.00,120.00,40,10,0,0.00,0,'medicine_images/Metformin 1000mg Tablet/000004.jpg',0,'2028-12-31','Top-up Rack',1,'2026-02-19 04:09:38','2026-02-26 06:56:21','NORMAL',0,0,0,NULL,0,0,NULL,'2026-02-26 06:56:21',1),(304,NULL,NULL,'Gliclazide MR 30mg Tablet',NULL,NULL,NULL,NULL,'all','PH market top-up medicine item','medicine','Diabetes Care',29,NULL,120.00,75.00,120.00,40,10,0,0.00,0,'medicine_images/Gliclazide MR 30mg Tablet/000007.jpg',0,'2028-12-31','Top-up Rack',1,'2026-02-19 04:09:38','2026-02-26 05:34:29','NORMAL',0,0,0,NULL,0,0,NULL,'2026-02-26 05:34:29',1),(305,NULL,NULL,'Gliclazide 80mg Tablet',NULL,NULL,NULL,NULL,'all','PH market top-up medicine item','medicine','Diabetes Care',29,NULL,120.00,75.00,120.00,40,10,0,0.00,0,'medicine_images/Gliclazide 80mg Tablet/000002.jpg',0,'2028-12-31','Top-up Rack',1,'2026-02-19 04:09:38','2026-02-26 05:33:57','NORMAL',0,0,0,NULL,0,0,NULL,'2026-02-26 05:33:57',1),(306,NULL,NULL,'Vildagliptin 50mg Tablet',NULL,NULL,NULL,NULL,'all','PH market top-up medicine item','medicine','Diabetes Care',29,NULL,120.00,75.00,120.00,40,10,0,0.00,0,'medicine_images/Vildagliptin 50mg Tablet/000001.jpg',0,'2028-12-31','Top-up Rack',1,'2026-02-19 04:09:38','2026-02-26 06:26:25','NORMAL',0,0,0,NULL,0,0,NULL,'2026-02-26 06:26:25',1),(307,NULL,NULL,'Sitagliptin 100mg Tablet',NULL,NULL,NULL,NULL,'all','PH market top-up medicine item','medicine','Diabetes Care',29,NULL,120.00,75.00,120.00,40,10,0,0.00,0,'medicine_images/Sitagliptin 100mg Tablet/000002.jpg',0,'2028-12-31','Top-up Rack',1,'2026-02-19 04:09:38','2026-02-26 06:17:45','NORMAL',0,0,0,NULL,0,0,NULL,'2026-02-26 06:17:45',1),(308,NULL,NULL,'Linagliptin 5mg Tablet',NULL,NULL,NULL,NULL,'all','PH market top-up medicine item','medicine','Diabetes Care',29,NULL,120.00,75.00,120.00,40,10,0,0.00,0,'medicine_images/Linagliptin 5mg Tablet/000012.jpg',0,'2028-12-31','Top-up Rack',1,'2026-02-19 04:09:38','2026-02-26 05:57:27','NORMAL',0,0,0,NULL,0,0,NULL,'2026-02-26 05:57:27',1),(309,NULL,NULL,'Empagliflozin 10mg Tablet',NULL,NULL,NULL,NULL,'all','PH market top-up medicine item','medicine','Diabetes Care',29,NULL,120.00,75.00,120.00,40,10,0,0.00,0,'medicine_images/Empagliflozin 10mg Tablet/000009.jpg',0,'2028-12-31','Top-up Rack',1,'2026-02-19 04:09:38','2026-02-19 06:17:45','NORMAL',0,0,0,NULL,0,0,NULL,'2026-02-19 06:17:45',1),(310,NULL,NULL,'Dapagliflozin 10mg Tablet',NULL,NULL,NULL,NULL,'all','PH market top-up medicine item','medicine','Diabetes Care',29,NULL,120.00,75.00,120.00,40,10,0,0.00,0,'medicine_images/Dapagliflozin 10mg Tablet/000001.jpg',0,'2028-12-31','Top-up Rack',1,'2026-02-19 04:09:38','2026-02-19 05:19:09','NORMAL',0,0,0,NULL,0,0,NULL,'2026-02-19 05:19:09',1),(311,NULL,NULL,'Pioglitazone 15mg Tablet',NULL,NULL,NULL,NULL,'all','PH market top-up medicine item','medicine','Diabetes Care',29,NULL,120.00,75.00,120.00,40,10,0,0.00,0,'medicine_images/Pioglitazone 15mg Tablet/000004.jpg',0,'2028-12-31','Top-up Rack',1,'2026-02-19 04:09:38','2026-02-26 06:57:53','NORMAL',0,0,0,NULL,0,0,NULL,'2026-02-26 06:57:53',1),(312,NULL,NULL,'Acarbose 50mg Tablet','','','','500mg','all','PH market top-up medicine item','medicine','Diabetes Care',29,NULL,120.00,75.00,120.00,45,10,0,0.00,0,'medicine_images/Acarbose 50mg Tablet/000002.jpg',0,'2026-03-19','Top-up Rack',1,'2026-02-19 04:09:38','2026-03-07 17:08:10','NORMAL',0,0,0,NULL,0,0,NULL,'2026-03-07 17:08:10',1),(313,NULL,NULL,'Blood Glucose Test Strips 50s',NULL,NULL,NULL,NULL,'all','PH market top-up medicine item','medicine','Diabetes Care',29,NULL,120.00,75.00,120.00,40,10,0,0.00,0,'medicine_images/Blood Glucose Test Strips 50s/000003.jpg',0,'2028-12-31','Top-up Rack',1,'2026-02-19 04:09:38','2026-02-26 05:22:23','NORMAL',0,0,0,NULL,0,0,NULL,'2026-02-26 05:22:23',1),(314,NULL,NULL,'Tears Naturale Eye Drops 15mL',NULL,NULL,NULL,NULL,'all','PH market top-up medicine item','medicine','Eye & Ear Care',26,NULL,120.00,75.00,120.00,40,10,0,0.00,0,'medicine_images/Tears Naturale Eye Drops 15mL/000001.jpg',0,'2028-12-31','Top-up Rack',1,'2026-02-19 04:09:38','2026-02-26 06:52:45','NORMAL',0,0,0,NULL,0,0,NULL,'2026-02-26 06:52:45',0),(315,NULL,NULL,'Systane Ultra Eye Drops 10mL',NULL,NULL,NULL,NULL,'all','PH market top-up medicine item','medicine','Eye & Ear Care',26,NULL,120.00,75.00,120.00,40,10,0,0.00,0,'medicine_images/Systane Ultra Eye Drops 10mL/000002.jpg',0,'2028-12-31','Top-up Rack',1,'2026-02-19 04:09:38','2026-02-26 06:52:11','NORMAL',0,0,0,NULL,0,0,NULL,'2026-02-26 06:52:11',0),(316,NULL,NULL,'Optive Lubricant Eye Drops 10mL',NULL,NULL,NULL,NULL,'all','PH market top-up medicine item','medicine','Eye & Ear Care',26,NULL,120.00,75.00,120.00,40,10,0,0.00,0,'medicine_images/Optive Lubricant Eye Drops 10mL/000004.jpg',0,'2028-12-31','Top-up Rack',1,'2026-02-19 04:09:38','2026-02-26 06:07:40','NORMAL',0,0,0,NULL,0,0,NULL,'2026-02-26 06:07:40',0),(317,NULL,NULL,'Artificial Tears Eye Drops 15mL',NULL,NULL,NULL,NULL,'all','PH market top-up medicine item','medicine','Eye & Ear Care',26,NULL,120.00,75.00,120.00,0,10,0,0.00,0,'medicine_images/Artificial Tears Eye Drops 15mL/000001.jpg',0,'2028-12-31','Top-up Rack',1,'2026-02-19 04:09:38','2026-03-07 16:58:46','NORMAL',0,0,0,NULL,0,0,NULL,'2026-03-07 16:58:46',0),(318,NULL,NULL,'Naphazoline Eye Drops 15mL',NULL,NULL,NULL,NULL,'all','PH market top-up medicine item','medicine','Eye & Ear Care',26,NULL,120.00,75.00,120.00,40,10,0,0.00,0,'medicine_images/Naphazoline Eye Drops 15mL/000004.jpg',0,'2028-12-31','Top-up Rack',1,'2026-02-19 04:09:38','2026-02-26 06:38:19','NORMAL',0,0,0,NULL,0,0,NULL,'2026-02-26 06:38:19',0),(319,NULL,NULL,'Olopatadine Eye Drops 5mL',NULL,NULL,NULL,NULL,'all','PH market top-up medicine item','medicine','Eye & Ear Care',26,NULL,120.00,75.00,120.00,40,10,0,0.00,0,'medicine_images/Olopatadine Eye Drops 5mL/000004.jpg',0,'2028-12-31','Top-up Rack',1,'2026-02-19 04:09:38','2026-02-26 06:06:55','NORMAL',0,0,0,NULL,0,0,NULL,'2026-02-26 06:06:55',0),(320,NULL,NULL,'Moxifloxacin Eye Drops 5mL',NULL,NULL,NULL,NULL,'all','PH market top-up medicine item','medicine','Eye & Ear Care',26,NULL,120.00,75.00,120.00,40,10,0,0.00,0,'medicine_images/Moxifloxacin Eye Drops 5mL/000002.jpg',0,'2028-12-31','Top-up Rack',1,'2026-02-19 04:09:38','2026-02-26 06:04:46','NORMAL',0,0,0,NULL,0,0,NULL,'2026-02-26 06:04:46',0),(321,NULL,NULL,'Tobramycin Eye Drops 5mL',NULL,NULL,NULL,NULL,'all','PH market top-up medicine item','medicine','Eye & Ear Care',26,NULL,120.00,75.00,120.00,40,10,0,0.00,0,'medicine_images/Tobramycin Eye Drops 5mL/000007.jpg',0,'2028-12-31','Top-up Rack',1,'2026-02-19 04:09:38','2026-02-26 06:20:53','NORMAL',0,0,0,NULL,0,0,NULL,'2026-02-26 06:20:53',0),(322,NULL,NULL,'Earwax Softener Drops 10mL',NULL,NULL,NULL,NULL,'all','PH market top-up medicine item','medicine','Eye & Ear Care',26,NULL,120.00,75.00,120.00,40,10,0,0.00,0,'medicine_images/Earwax Softener Drops 10mL/000012.jpg',0,'2028-12-31','Top-up Rack',1,'2026-02-19 04:09:38','2026-02-19 06:15:58','NORMAL',0,0,0,NULL,0,0,NULL,'2026-02-19 06:15:58',0),(323,NULL,NULL,'Ciprofloxacin Ear Drops 10mL',NULL,NULL,NULL,NULL,'all','PH market top-up medicine item','medicine','Eye & Ear Care',26,NULL,120.00,75.00,120.00,40,10,0,0.00,0,'medicine_images/Ciprofloxacin Ear Drops 10mL/000003.jpg',0,'2028-12-31','Top-up Rack',1,'2026-02-19 04:09:38','2026-02-26 05:24:58','NORMAL',0,0,0,NULL,0,0,NULL,'2026-02-26 05:24:58',0),(324,NULL,NULL,'Ofloxacin Ear Drops 10mL',NULL,NULL,NULL,NULL,'all','PH market top-up medicine item','medicine','Eye & Ear Care',26,NULL,120.00,75.00,120.00,40,10,0,0.00,0,'medicine_images/Ofloxacin Ear Drops 10mL/000001.jpg',0,'2028-12-31','Top-up Rack',1,'2026-02-19 04:09:38','2026-02-26 06:47:15','NORMAL',0,0,0,NULL,0,0,NULL,'2026-02-26 06:47:15',0),(325,NULL,NULL,'Acetic Acid Ear Drops 10mL',NULL,NULL,NULL,NULL,'all','PH market top-up medicine item','medicine','Eye & Ear Care',26,NULL,120.00,75.00,120.00,37,10,0,0.00,0,'medicine_images/Acetic Acid Ear Drops 10mL/000015.jpg',0,'2028-12-31','Top-up Rack',1,'2026-02-19 04:09:38','2026-02-27 18:08:19','NORMAL',0,0,0,NULL,0,0,NULL,'2026-02-27 18:08:19',0),(326,NULL,NULL,'Sterile Eye Wash 100mL',NULL,NULL,NULL,NULL,'all','PH market top-up medicine item','medicine','Eye & Ear Care',26,NULL,120.00,75.00,120.00,40,10,0,0.00,0,'medicine_images/Sterile Eye Wash 100mL/000001.jpg',0,'2028-12-31','Top-up Rack',1,'2026-02-19 04:09:38','2026-02-26 06:50:11','NORMAL',0,0,0,NULL,0,0,NULL,'2026-02-26 06:50:11',0),(327,NULL,NULL,'GynePro Feminine Wash 100mL',NULL,NULL,NULL,NULL,'all','PH market top-up medicine item','medicine','Feminine Care',33,NULL,120.00,75.00,120.00,40,10,0,0.00,0,'medicine_images/GynePro Feminine Wash 100mL/000003.jpg',0,'2028-12-31','Top-up Rack',1,'2026-02-19 04:09:38','2026-02-26 05:37:44','NORMAL',0,0,0,NULL,0,0,NULL,'2026-02-26 05:37:44',0),(328,NULL,NULL,'Lactacyd Pro Sensitive 100mL',NULL,NULL,NULL,NULL,'all','PH market top-up medicine item','medicine','Feminine Care',33,NULL,120.00,75.00,120.00,40,10,0,0.00,0,'medicine_images/Lactacyd Pro Sensitive 100mL/000009.jpg',0,'2028-12-31','Top-up Rack',1,'2026-02-19 04:09:38','2026-02-26 05:50:54','NORMAL',0,0,0,NULL,0,0,NULL,'2026-02-26 05:50:54',0),(329,NULL,NULL,'Betadine Feminine Wash 100mL',NULL,NULL,NULL,NULL,'all','PH market top-up medicine item','medicine','Feminine Care',33,NULL,120.00,75.00,120.00,40,10,0,0.00,0,'medicine_images/Betadine Feminine Wash 100mL/000001.jpg',0,'2028-12-31','Top-up Rack',1,'2026-02-19 04:09:38','2026-02-26 05:21:06','NORMAL',0,0,0,NULL,0,0,NULL,'2026-02-26 05:21:06',0),(330,NULL,NULL,'Canesten 500mg Vaginal Tablet',NULL,NULL,NULL,NULL,'all','PH market top-up medicine item','medicine','Feminine Care',33,NULL,120.00,75.00,120.00,40,10,0,0.00,0,'medicine_images/Canesten 500mg Vaginal Tablet/000018.jpg',0,'2028-12-31','Top-up Rack',1,'2026-02-19 04:09:38','2026-02-26 05:24:29','NORMAL',0,0,0,NULL,0,0,NULL,'2026-02-26 05:24:29',0),(331,NULL,NULL,'Clotrimazole Vaginal Cream 20g',NULL,NULL,NULL,NULL,'all','PH market top-up medicine item','medicine','Feminine Care',33,NULL,120.00,75.00,120.00,40,10,0,0.00,0,'medicine_images/Clotrimazole Vaginal Cream 20g/000001.jpg',0,'2028-12-31','Top-up Rack',1,'2026-02-19 04:09:38','2026-02-19 05:13:39','NORMAL',0,0,0,NULL,0,0,NULL,'2026-02-19 05:13:39',0),(332,NULL,NULL,'Miconazole Vaginal Suppository 1200mg',NULL,NULL,NULL,NULL,'all','PH market top-up medicine item','medicine','Feminine Care',33,NULL,120.00,75.00,120.00,40,10,0,0.00,0,'medicine_images/Miconazole Vaginal Suppository 1200mg/000011.jpg',0,'2028-12-31','Top-up Rack',1,'2026-02-19 04:09:38','2026-02-26 06:01:35','NORMAL',0,0,0,NULL,0,0,NULL,'2026-02-26 06:01:35',0),(333,NULL,NULL,'Fluconazole 150mg Capsule',NULL,NULL,NULL,NULL,'all','PH market top-up medicine item','medicine','Feminine Care',33,NULL,120.00,75.00,120.00,40,10,0,0.00,0,'medicine_images/Fluconazole 150mg Capsule/000008.jpg',0,'2028-12-31','Top-up Rack',1,'2026-02-19 04:09:38','2026-02-26 05:27:29','NORMAL',0,0,0,NULL,0,0,NULL,'2026-02-26 05:27:29',0),(334,NULL,NULL,'Napkin Pads Regular 8s',NULL,NULL,NULL,NULL,'all','PH market top-up medicine item','medicine','Feminine Care',33,NULL,120.00,75.00,120.00,40,10,0,0.00,0,'medicine_images/Napkin Pads Regular 8s/000015.jpg',0,'2028-12-31','Top-up Rack',1,'2026-02-19 04:09:38','2026-02-26 06:39:34','NORMAL',0,0,0,NULL,0,0,NULL,'2026-02-26 06:39:34',0),(335,NULL,NULL,'Napkin Pads Overnight 8s',NULL,NULL,NULL,NULL,'all','PH market top-up medicine item','medicine','Feminine Care',33,NULL,120.00,75.00,120.00,40,10,0,0.00,0,'medicine_images/Napkin Pads Overnight 8s/000006.jpg',0,'2028-12-31','Top-up Rack',1,'2026-02-19 04:09:38','2026-02-26 06:39:05','NORMAL',0,0,0,NULL,0,0,NULL,'2026-02-26 06:39:05',0),(336,NULL,NULL,'Pantyliner 20s',NULL,NULL,NULL,NULL,'all','PH market top-up medicine item','medicine','Feminine Care',33,NULL,120.00,75.00,120.00,40,10,0,0.00,0,'medicine_images/Pantyliner 20s/000011.jpg',0,'2028-12-31','Top-up Rack',1,'2026-02-19 04:09:38','2026-02-26 06:12:31','NORMAL',0,0,0,NULL,0,0,NULL,'2026-02-26 06:12:31',0),(337,NULL,NULL,'Tampons Regular 8s',NULL,NULL,NULL,NULL,'all','PH market top-up medicine item','medicine','Feminine Care',33,NULL,120.00,75.00,120.00,40,10,0,0.00,0,'medicine_images/Tampons Regular 8s/000012.jpg',0,'2028-12-31','Top-up Rack',1,'2026-02-19 04:09:38','2026-02-26 06:52:37','NORMAL',0,0,0,NULL,0,0,NULL,'2026-02-26 06:52:37',0),(338,NULL,NULL,'Menstrual Cup Medium',NULL,NULL,NULL,NULL,'all','PH market top-up medicine item','medicine','Feminine Care',33,NULL,120.00,75.00,120.00,40,10,0,0.00,0,'medicine_images/Menstrual Cup Medium/000002.jpg',0,'2028-12-31','Top-up Rack',1,'2026-02-19 04:09:38','2026-02-26 06:55:50','NORMAL',0,0,0,NULL,0,0,NULL,'2026-02-26 06:55:50',0),(339,NULL,NULL,'Povidone-Iodine 10% Solution 120mL',NULL,NULL,NULL,NULL,'all','PH market top-up medicine item','medicine','First Aid & Wound Care',25,NULL,120.00,75.00,120.00,40,10,0,0.00,0,'medicine_images/Povidone-Iodine 10% Solution 120mL/000002.jpg',0,'2028-12-31','Top-up Rack',1,'2026-02-19 04:09:38','2026-02-26 06:58:48','NORMAL',0,0,0,NULL,0,0,NULL,'2026-02-26 06:58:48',0),(340,NULL,NULL,'Ethyl Alcohol 70% 500mL',NULL,NULL,NULL,NULL,'all','PH market top-up medicine item','medicine','First Aid & Wound Care',25,NULL,120.00,75.00,120.00,40,10,0,0.00,0,'medicine_images/Ethyl Alcohol 70% 500mL/000013.jpg',0,'2028-12-31','Top-up Rack',1,'2026-02-19 04:09:38','2026-02-26 05:42:51','NORMAL',0,0,0,NULL,0,0,NULL,'2026-02-26 05:42:51',0),(341,NULL,NULL,'Sterile Gauze Pads 4x4 10s',NULL,NULL,NULL,NULL,'all','PH market top-up medicine item','medicine','First Aid & Wound Care',25,NULL,120.00,75.00,120.00,40,10,0,0.00,0,'medicine_images/Sterile Gauze Pads 4x4 10s/000006.jpg',0,'2028-12-31','Top-up Rack',1,'2026-02-19 04:09:38','2026-02-26 06:50:22','NORMAL',0,0,0,NULL,0,0,NULL,'2026-02-26 06:50:22',0),(342,NULL,NULL,'Micropore Surgical Tape 1in',NULL,NULL,NULL,NULL,'all','PH market top-up medicine item','medicine','First Aid & Wound Care',25,NULL,120.00,75.00,120.00,40,10,0,0.00,0,'medicine_images/Micropore Surgical Tape 1in/000002.jpg',0,'2028-12-31','Top-up Rack',1,'2026-02-19 04:09:38','2026-02-26 06:01:44','NORMAL',0,0,0,NULL,0,0,NULL,'2026-02-26 06:01:44',0),(343,NULL,NULL,'Elastic Bandage 2in',NULL,NULL,NULL,NULL,'all','PH market top-up medicine item','medicine','First Aid & Wound Care',25,NULL,120.00,75.00,120.00,40,10,0,0.00,0,'medicine_images/Elastic Bandage 2in/000003.jpg',0,'2028-12-31','Top-up Rack',1,'2026-02-19 04:09:38','2026-02-19 06:17:25','NORMAL',0,0,0,NULL,0,0,NULL,'2026-02-19 06:17:25',0),(344,NULL,NULL,'Triangular Bandage 1pc',NULL,NULL,NULL,NULL,'all','PH market top-up medicine item','medicine','First Aid & Wound Care',25,NULL,120.00,75.00,120.00,40,10,0,0.00,0,'medicine_images/Triangular Bandage 1pc/000002.jpg',0,'2028-12-31','Top-up Rack',1,'2026-02-19 04:09:38','2026-02-26 06:22:42','NORMAL',0,0,0,NULL,0,0,NULL,'2026-02-26 06:22:42',0),(345,NULL,NULL,'Digital Thermometer',NULL,NULL,NULL,NULL,'all','PH market top-up medicine item','medicine','First Aid & Wound Care',25,NULL,120.00,75.00,120.00,40,10,0,0.00,0,'medicine_images/Digital Thermometer/000001.jpg',0,'2028-12-31','Top-up Rack',1,'2026-02-19 04:09:38','2026-02-26 05:40:46','NORMAL',0,0,0,NULL,0,0,NULL,'2026-02-26 05:40:46',0),(346,NULL,NULL,'Instant Cold Compress Pack',NULL,NULL,NULL,NULL,'all','PH market top-up medicine item','medicine','First Aid & Wound Care',25,NULL,120.00,75.00,120.00,40,10,0,0.00,0,'medicine_images/Instant Cold Compress Pack/000002.jpg',0,'2028-12-31','Top-up Rack',1,'2026-02-19 04:09:38','2026-02-26 06:35:25','NORMAL',0,0,0,NULL,0,0,NULL,'2026-02-26 06:35:25',0),(347,NULL,NULL,'Wound Dressing Set',NULL,NULL,NULL,NULL,'all','PH market top-up medicine item','medicine','First Aid & Wound Care',25,NULL,120.00,75.00,120.00,40,10,0,0.00,0,'medicine_images/Wound Dressing Set/000002.jpg',0,'2028-12-31','Top-up Rack',1,'2026-02-19 04:09:38','2026-02-26 06:27:21','NORMAL',0,0,0,NULL,0,0,NULL,'2026-02-26 06:27:21',0),(348,NULL,NULL,'Cotton Balls 100s',NULL,NULL,NULL,NULL,'all','PH market top-up medicine item','medicine','First Aid & Wound Care',25,NULL,120.00,75.00,120.00,40,10,0,0.00,0,'medicine_images/Cotton Balls 100s/000009.jpg',0,'2028-12-31','Top-up Rack',1,'2026-02-19 04:09:38','2026-02-19 05:18:44','NORMAL',0,0,0,NULL,0,0,NULL,'2026-02-19 05:18:44',0),(349,NULL,NULL,'Pantoprazole 40mg Tablet',NULL,NULL,NULL,NULL,'all','PH market top-up medicine item','medicine','Gastrointestinal',8,NULL,120.00,75.00,120.00,40,10,0,0.00,0,'medicine_images/Pantoprazole 40mg Tablet/000003.jpg',0,'2028-12-31','Top-up Rack',1,'2026-02-19 04:09:38','2026-02-26 06:12:19','NORMAL',0,0,0,NULL,0,0,NULL,'2026-02-26 06:12:19',0),(350,NULL,NULL,'Esomeprazole 40mg Capsule',NULL,NULL,NULL,NULL,'all','PH market top-up medicine item','medicine','Gastrointestinal',8,NULL,120.00,75.00,120.00,40,10,0,0.00,0,'medicine_images/Esomeprazole 40mg Capsule/000001.jpg',0,'2028-12-31','Top-up Rack',1,'2026-02-19 04:09:38','2026-02-19 06:20:25','NORMAL',0,0,0,NULL,0,0,NULL,'2026-02-19 06:20:25',0),(351,NULL,NULL,'Rabeprazole 20mg Tablet',NULL,NULL,NULL,NULL,'all','PH market top-up medicine item','medicine','Gastrointestinal',8,NULL,120.00,75.00,120.00,40,10,0,0.00,0,'medicine_images/Rabeprazole 20mg Tablet/000002.jpg',0,'2028-12-31','Top-up Rack',1,'2026-02-19 04:09:38','2026-02-26 06:47:43','NORMAL',0,0,0,NULL,0,0,NULL,'2026-02-26 06:47:43',0),(352,NULL,NULL,'Colgate Total Toothpaste 150g',NULL,NULL,NULL,NULL,'all','PH market top-up medicine item','medicine','Oral Care',34,NULL,120.00,75.00,120.00,40,10,0,0.00,0,'medicine_images/Colgate Total Toothpaste 150g/000013.jpg',0,'2028-12-31','Top-up Rack',1,'2026-02-19 04:09:38','2026-02-19 05:16:22','NORMAL',0,0,0,NULL,0,0,NULL,'2026-02-19 05:16:22',0),(353,NULL,NULL,'Colgate Sensitive Pro-Relief 110g',NULL,NULL,NULL,NULL,'all','PH market top-up medicine item','medicine','Oral Care',34,NULL,120.00,75.00,120.00,40,10,0,0.00,0,'medicine_images/Colgate Sensitive Pro-Relief 110g/000013.jpg',0,'2028-12-31','Top-up Rack',1,'2026-02-19 04:09:38','2026-02-19 05:13:58','NORMAL',0,0,0,NULL,0,0,NULL,'2026-02-19 05:13:58',0),(354,NULL,NULL,'Sensodyne Fresh Mint 100g',NULL,NULL,NULL,NULL,'all','PH market top-up medicine item','medicine','Oral Care',34,NULL,120.00,75.00,120.00,40,10,0,0.00,0,'medicine_images/Sensodyne Fresh Mint 100g/000012.jpg',0,'2028-12-31','Top-up Rack',1,'2026-02-19 04:09:38','2026-02-26 06:16:31','NORMAL',0,0,0,NULL,0,0,NULL,'2026-02-26 06:16:31',0),(355,NULL,NULL,'Hapee Toothpaste 150g',NULL,NULL,NULL,NULL,'all','PH market top-up medicine item','medicine','Oral Care',34,NULL,120.00,75.00,120.00,40,10,0,0.00,0,'medicine_images/Hapee Toothpaste 150g/000003.jpg',0,'2028-12-31','Top-up Rack',1,'2026-02-19 04:09:38','2026-02-26 06:29:56','NORMAL',0,0,0,NULL,0,0,NULL,'2026-02-26 06:29:56',0),(356,NULL,NULL,'Closeup Toothpaste 150g',NULL,NULL,NULL,NULL,'all','PH market top-up medicine item','medicine','Oral Care',34,NULL,120.00,75.00,120.00,40,10,0,0.00,0,'medicine_images/Closeup Toothpaste 150g/000006.jpg',0,'2028-12-31','Top-up Rack',1,'2026-02-19 04:09:38','2026-02-26 05:25:34','NORMAL',0,0,0,NULL,0,0,NULL,'2026-02-26 05:25:34',0),(357,NULL,NULL,'Listerine Total Care 250mL',NULL,NULL,NULL,NULL,'all','PH market top-up medicine item','medicine','Oral Care',34,NULL,120.00,75.00,120.00,40,10,0,0.00,0,'medicine_images/Listerine Total Care 250mL/000013.jpg',0,'2028-12-31','Top-up Rack',1,'2026-02-19 04:09:38','2026-02-26 05:58:42','NORMAL',0,0,0,NULL,0,0,NULL,'2026-02-26 05:58:42',0),(358,NULL,NULL,'Oracare Mouthwash 120mL',NULL,NULL,NULL,NULL,'all','PH market top-up medicine item','medicine','Oral Care',34,NULL,120.00,75.00,120.00,40,10,0,0.00,0,'medicine_images/Oracare Mouthwash 120mL/000015.jpg',0,'2028-12-31','Top-up Rack',1,'2026-02-19 04:09:38','2026-02-26 06:08:32','NORMAL',0,0,0,NULL,0,0,NULL,'2026-02-26 06:08:32',0),(359,NULL,NULL,'Hexetidine Mouthwash 120mL',NULL,NULL,NULL,NULL,'all','PH market top-up medicine item','medicine','Oral Care',34,NULL,120.00,75.00,120.00,40,10,0,0.00,0,'medicine_images/Hexetidine Mouthwash 120mL/000016.jpg',0,'2028-12-31','Top-up Rack',1,'2026-02-19 04:09:38','2026-02-26 06:30:18','NORMAL',0,0,0,NULL,0,0,NULL,'2026-02-26 06:30:18',0),(360,NULL,NULL,'Dental Floss 50m',NULL,NULL,NULL,NULL,'all','PH market top-up medicine item','medicine','Oral Care',34,NULL,120.00,75.00,120.00,40,10,0,0.00,0,'medicine_images/Dental Floss 50m/000015.jpg',0,'2028-12-31','Top-up Rack',1,'2026-02-19 04:09:38','2026-02-19 05:23:24','NORMAL',0,0,0,NULL,0,0,NULL,'2026-02-19 05:23:24',0),(361,NULL,NULL,'Interdental Brush Set',NULL,NULL,NULL,NULL,'all','PH market top-up medicine item','medicine','Oral Care',34,NULL,120.00,75.00,120.00,40,10,0,0.00,0,'medicine_images/Interdental Brush Set/000001.jpg',0,'2028-12-31','Top-up Rack',1,'2026-02-19 04:09:38','2026-02-26 06:36:00','NORMAL',0,0,0,NULL,0,0,NULL,'2026-02-26 06:36:00',0),(362,NULL,NULL,'Soft Bristle Toothbrush Adult',NULL,NULL,NULL,NULL,'all','PH market top-up medicine item','medicine','Oral Care',34,NULL,120.00,75.00,120.00,40,10,0,0.00,0,'medicine_images/Soft Bristle Toothbrush Adult/000013.jpg',0,'2028-12-31','Top-up Rack',1,'2026-02-19 04:09:38','2026-02-26 06:47:53','NORMAL',0,0,0,NULL,0,0,NULL,'2026-02-26 06:47:53',0),(363,NULL,NULL,'Soft Bristle Toothbrush Kids',NULL,NULL,NULL,NULL,'all','PH market top-up medicine item','medicine','Oral Care',34,NULL,120.00,75.00,120.00,40,10,0,0.00,0,'medicine_images/Soft Bristle Toothbrush Kids/000008.jpg',0,'2028-12-31','Top-up Rack',1,'2026-02-19 04:09:38','2026-02-26 06:48:04','NORMAL',0,0,0,NULL,0,0,NULL,'2026-02-26 06:48:04',0),(364,NULL,NULL,'Oral B Toothbrush Medium',NULL,NULL,NULL,NULL,'all','PH market top-up medicine item','medicine','Oral Care',34,NULL,120.00,75.00,120.00,40,10,0,0.00,0,'medicine_images/Oral B Toothbrush Medium/000007.jpg',0,'2028-12-31','Top-up Rack',1,'2026-02-19 04:09:38','2026-02-26 06:10:07','NORMAL',0,0,0,NULL,0,0,NULL,'2026-02-26 06:10:07',0),(365,NULL,NULL,'Biotene Oral Rinse 237mL',NULL,NULL,NULL,NULL,'all','PH market top-up medicine item','medicine','Oral Care',34,NULL,120.00,75.00,120.00,40,10,0,0.00,0,'medicine_images/Biotene Oral Rinse 237mL/000003.jpg',0,'2028-12-31','Top-up Rack',1,'2026-02-19 04:09:38','2026-02-26 05:22:08','NORMAL',0,0,0,NULL,0,0,NULL,'2026-02-26 05:22:08',0),(366,NULL,NULL,'Benzocaine Oral Gel 10g',NULL,NULL,NULL,NULL,'all','PH market top-up medicine item','medicine','Oral Care',34,NULL,120.00,75.00,120.00,29,10,0,0.00,0,'medicine_images/Benzocaine Oral Gel 10g/000001.jpg',0,'2028-12-31','Top-up Rack',1,'2026-02-19 04:09:38','2026-02-27 18:52:54','NORMAL',0,0,0,NULL,0,0,NULL,'2026-02-27 18:52:54',0),(367,NULL,NULL,'Ethyl Alcohol 70% 250mL',NULL,NULL,NULL,NULL,'all','PH market top-up medicine item','medicine','Personal Care',30,NULL,120.00,75.00,120.00,40,10,0,0.00,0,'medicine_images/Ethyl Alcohol 70% 250mL/000004.jpg',0,'2028-12-31','Top-up Rack',1,'2026-02-19 04:09:38','2026-02-26 05:42:42','NORMAL',0,0,0,NULL,0,0,NULL,'2026-02-26 05:42:42',0),(368,NULL,NULL,'Hand Sanitizer 70% 100mL',NULL,NULL,NULL,NULL,'all','PH market top-up medicine item','medicine','Personal Care',30,NULL,120.00,75.00,120.00,40,10,0,0.00,0,'medicine_images/Hand Sanitizer 70% 100mL/000001.jpg',0,'2028-12-31','Top-up Rack',1,'2026-02-19 04:09:38','2026-02-26 05:38:01','NORMAL',0,0,0,NULL,0,0,NULL,'2026-02-26 05:38:01',0),(369,NULL,NULL,'Hand Sanitizer 70% 500mL',NULL,NULL,NULL,NULL,'all','PH market top-up medicine item','medicine','Personal Care',30,NULL,120.00,75.00,120.00,40,10,0,0.00,0,'medicine_images/Hand Sanitizer 70% 500mL/000001.jpg',0,'2028-12-31','Top-up Rack',1,'2026-02-19 04:09:38','2026-02-26 06:29:30','NORMAL',0,0,0,NULL,0,0,NULL,'2026-02-26 06:29:30',0),(370,NULL,NULL,'Antibacterial Hand Soap 250mL',NULL,NULL,NULL,NULL,'all','PH market top-up medicine item','medicine','Personal Care',30,NULL,120.00,75.00,120.00,40,10,0,0.00,0,'medicine_images/Antibacterial Hand Soap 250mL/000012.jpg',0,'2028-12-31','Top-up Rack',1,'2026-02-19 04:09:38','2026-02-26 05:16:55','NORMAL',0,0,0,NULL,0,0,NULL,'2026-02-26 05:16:55',0),(371,NULL,NULL,'Body Wash Sensitive Skin 250mL',NULL,NULL,NULL,NULL,'all','PH market top-up medicine item','medicine','Personal Care',30,NULL,120.00,75.00,120.00,0,10,0,0.00,0,'medicine_images/Body Wash Sensitive Skin 250mL/000002.jpg',0,'2028-12-31','Top-up Rack',1,'2026-02-19 04:09:38','2026-03-07 16:58:58','NORMAL',0,0,0,NULL,0,0,NULL,'2026-03-07 16:58:58',0),(372,NULL,NULL,'Moisturizing Lotion 200mL',NULL,NULL,NULL,NULL,'all','PH market top-up medicine item','medicine','Personal Care',30,NULL,120.00,75.00,120.00,40,10,0,0.00,0,'medicine_images/Moisturizing Lotion 200mL/000003.jpg',0,'2028-12-31','Top-up Rack',1,'2026-02-19 04:09:38','2026-02-26 06:02:27','NORMAL',0,0,0,NULL,0,0,NULL,'2026-02-26 06:02:27',0),(373,NULL,NULL,'Petroleum Jelly 50g',NULL,NULL,NULL,NULL,'all','PH market top-up medicine item','medicine','Personal Care',30,NULL,120.00,75.00,120.00,40,10,0,0.00,0,'medicine_images/Petroleum Jelly 50g/000003.jpg',0,'2028-12-31','Top-up Rack',1,'2026-02-19 04:09:38','2026-02-26 06:57:10','NORMAL',0,0,0,NULL,0,0,NULL,'2026-02-26 06:57:10',0),(374,NULL,NULL,'Lip Balm SPF 15',NULL,NULL,NULL,NULL,'all','PH market top-up medicine item','medicine','Personal Care',30,NULL,120.00,75.00,120.00,40,10,0,0.00,0,'medicine_images/Lip Balm SPF 15/000017.jpg',0,'2028-12-31','Top-up Rack',1,'2026-02-19 04:09:38','2026-02-26 05:57:51','NORMAL',0,0,0,NULL,0,0,NULL,'2026-02-26 05:57:51',0),(375,NULL,NULL,'Anti-Dandruff Shampoo 170mL',NULL,NULL,NULL,NULL,'all','PH market top-up medicine item','medicine','Personal Care',30,NULL,120.00,75.00,120.00,40,10,0,0.00,0,'medicine_images/Anti-Dandruff Shampoo 170mL/000006.jpg',0,'2028-12-31','Top-up Rack',1,'2026-02-19 04:09:38','2026-02-26 05:16:16','NORMAL',0,0,0,NULL,0,0,NULL,'2026-02-26 05:16:16',0),(376,NULL,NULL,'Mouth Gargle Antiseptic 250mL',NULL,NULL,NULL,NULL,'all','PH market top-up medicine item','medicine','Personal Care',30,NULL,120.00,75.00,120.00,40,10,0,0.00,0,'medicine_images/Mouth Gargle Antiseptic 250mL/000002.jpg',0,'2028-12-31','Top-up Rack',1,'2026-02-19 04:09:38','2026-02-26 06:04:40','NORMAL',0,0,0,NULL,0,0,NULL,'2026-02-26 06:04:40',0),(377,NULL,NULL,'Deodorant Roll-On 50mL',NULL,NULL,NULL,NULL,'all','PH market top-up medicine item','medicine','Personal Care',30,NULL,120.00,75.00,120.00,40,10,0,0.00,0,'medicine_images/Deodorant Roll-On 50mL/000001.jpg',0,'2028-12-31','Top-up Rack',1,'2026-02-19 04:09:38','2026-02-19 05:23:47','NORMAL',0,0,0,NULL,0,0,NULL,'2026-02-19 05:23:47',0),(378,NULL,NULL,'Facial Cleanser Gentle 100mL',NULL,NULL,NULL,NULL,'all','PH market top-up medicine item','medicine','Personal Care',30,NULL,120.00,75.00,120.00,40,10,0,0.00,0,'medicine_images/Facial Cleanser Gentle 100mL/000004.jpg',0,'2028-12-31','Top-up Rack',1,'2026-02-19 04:09:38','2026-02-26 05:44:00','NORMAL',0,0,0,NULL,0,0,NULL,'2026-02-26 05:44:00',0),(379,NULL,NULL,'Sunscreen SPF50 50mL',NULL,NULL,NULL,NULL,'all','PH market top-up medicine item','medicine','Personal Care',30,NULL,120.00,75.00,120.00,40,10,0,0.00,0,'medicine_images/Sunscreen SPF50 50mL/000020.jpg',0,'2028-12-31','Top-up Rack',1,'2026-02-19 04:09:38','2026-02-26 06:51:21','NORMAL',0,0,0,NULL,0,0,NULL,'2026-02-26 06:51:21',0),(380,NULL,NULL,'Salbutamol Inhaler 100mcg 200 Doses',NULL,NULL,NULL,NULL,'all','PH market top-up medicine item','medicine','Respiratory',11,NULL,120.00,75.00,120.00,40,10,0,0.00,0,'medicine_images/Salbutamol Inhaler 100mcg 200 Doses/000004.jpg',0,'2028-12-31','Top-up Rack',1,'2026-02-19 04:09:38','2026-02-26 06:15:42','NORMAL',0,0,0,NULL,0,0,NULL,'2026-02-26 06:15:42',1),(381,NULL,NULL,'Budesonide Inhaler 200mcg 120 Doses',NULL,NULL,NULL,NULL,'all','PH market top-up medicine item','medicine','Respiratory',11,NULL,120.00,75.00,120.00,40,10,0,0.00,0,'medicine_images/Budesonide Inhaler 200mcg 120 Doses/000010.jpg',0,'2028-12-31','Top-up Rack',1,'2026-02-19 04:09:38','2026-02-26 05:23:51','NORMAL',0,0,0,NULL,0,0,NULL,'2026-02-26 05:23:51',1),(382,NULL,NULL,'Ipratropium Bromide Nebules 0.5mg',NULL,NULL,NULL,NULL,'all','PH market top-up medicine item','medicine','Respiratory',11,NULL,120.00,75.00,120.00,40,10,0,0.00,0,'medicine_images/Ipratropium Bromide Nebules 0.5mg/000002.jpg',0,'2028-12-31','Top-up Rack',1,'2026-02-19 04:09:38','2026-02-26 06:36:10','NORMAL',0,0,0,NULL,0,0,NULL,'2026-02-26 06:36:10',1),(383,NULL,NULL,'Ambroxol 30mg Tablet',NULL,NULL,NULL,NULL,'all','PH market top-up medicine item','medicine','Respiratory',11,NULL,120.00,75.00,120.00,40,10,0,0.00,0,'medicine_images/Ambroxol 30mg Tablet/000006.jpg',0,'2028-12-31','Top-up Rack',1,'2026-02-19 04:09:38','2026-02-26 05:15:52','NORMAL',0,0,0,NULL,0,0,NULL,'2026-02-26 05:15:52',1),(384,NULL,NULL,'Ambroxol 15mg/5mL Syrup',NULL,NULL,NULL,NULL,'all','PH market top-up medicine item','medicine','Respiratory',11,NULL,120.00,75.00,120.00,37,10,0,0.00,0,'medicine_images/Ambroxol 15mg_5mL Syrup/000014.jpg',0,'2028-12-31','Top-up Rack',1,'2026-02-19 04:09:38','2026-02-26 15:28:10','NORMAL',0,0,0,NULL,0,0,NULL,'2026-02-26 15:28:10',1),(385,NULL,NULL,'Acetylcysteine 600mg Effervescent Tablet',NULL,NULL,NULL,NULL,'all','PH market top-up medicine item','medicine','Respiratory',11,NULL,120.00,75.00,120.00,38,10,0,0.00,0,'medicine_images/Acetylcysteine 600mg Effervescent Tablet/000015.jpg',0,'2028-12-31','Top-up Rack',1,'2026-02-19 04:09:38','2026-03-03 17:20:02','NORMAL',0,0,0,NULL,0,0,NULL,'2026-03-03 17:20:02',1),(386,NULL,NULL,'Carbocisteine 375mg Capsule',NULL,NULL,NULL,NULL,'all','PH market top-up medicine item','medicine','Respiratory',11,NULL,120.00,75.00,120.00,40,10,0,0.00,0,'medicine_images/Carbocisteine 375mg Capsule/000007.jpg',0,'2028-12-31','Top-up Rack',1,'2026-02-19 04:09:38','2026-02-26 05:24:40','NORMAL',0,0,0,NULL,0,0,NULL,'2026-02-26 05:24:40',1),(387,NULL,NULL,'Guaifenesin 100mg/5mL Syrup',NULL,NULL,NULL,NULL,'all','PH market top-up medicine item','medicine','Respiratory',11,NULL,120.00,75.00,120.00,40,10,0,0.00,0,'medicine_images/Guaifenesin 100mg_5mL Syrup/000005.jpg',0,'2028-12-31','Top-up Rack',1,'2026-02-19 04:09:38','2026-02-26 05:37:02','NORMAL',0,0,0,NULL,0,0,NULL,'2026-02-26 05:37:02',1),(388,NULL,NULL,'Levocetirizine 5mg Tablet',NULL,NULL,NULL,NULL,'all','PH market top-up medicine item','medicine','Respiratory',11,NULL,120.00,75.00,120.00,40,10,0,0.00,0,'medicine_images/Levocetirizine 5mg Tablet/000007.jpg',0,'2028-12-31','Top-up Rack',1,'2026-02-19 04:09:38','2026-02-26 05:54:05','NORMAL',0,0,0,NULL,0,0,NULL,'2026-02-26 05:54:05',1),(389,NULL,NULL,'Desloratadine 5mg Tablet',NULL,NULL,NULL,NULL,'all','PH market top-up medicine item','medicine','Respiratory',11,NULL,120.00,75.00,120.00,40,10,0,0.00,0,'medicine_images/Desloratadine 5mg Tablet/000001.jpg',0,'2028-12-31','Top-up Rack',1,'2026-02-19 04:09:38','2026-02-19 05:26:23','NORMAL',0,0,0,NULL,0,0,NULL,'2026-02-19 05:26:23',1),(390,NULL,NULL,'Fluticasone Nasal Spray 120 Doses',NULL,NULL,NULL,NULL,'all','PH market top-up medicine item','medicine','Respiratory',11,NULL,120.00,75.00,120.00,40,10,0,0.00,0,'medicine_images/Fluticasone Nasal Spray 120 Doses/000010.jpg',0,'2028-12-31','Top-up Rack',1,'2026-02-19 04:09:38','2026-02-26 05:28:26','NORMAL',0,0,0,NULL,0,0,NULL,'2026-02-26 05:28:26',1),(391,NULL,NULL,'Oxymetazoline Nasal Spray 0.05%',NULL,NULL,NULL,NULL,'all','PH market top-up medicine item','medicine','Respiratory',11,NULL,120.00,75.00,120.00,40,10,0,0.00,0,'medicine_images/Oxymetazoline Nasal Spray 0.05%/000002.jpg',0,'2028-12-31','Top-up Rack',1,'2026-02-19 04:09:38','2026-02-26 06:12:12','NORMAL',0,0,0,NULL,0,0,NULL,'2026-02-26 06:12:12',1),(392,NULL,NULL,'Ketoconazole 2% Cream 15g',NULL,NULL,NULL,NULL,'all','PH market top-up medicine item','medicine','Skin Care & Dermatology',24,NULL,120.00,75.00,120.00,40,10,0,0.00,0,'medicine_images/Ketoconazole 2% Cream 15g/000002.jpg',0,'2028-12-31','Top-up Rack',1,'2026-02-19 04:09:38','2026-02-26 05:48:17','NORMAL',0,0,0,NULL,0,0,NULL,'2026-02-26 05:48:17',0),(393,NULL,NULL,'Miconazole 2% Cream 15g',NULL,NULL,NULL,NULL,'all','PH market top-up medicine item','medicine','Skin Care & Dermatology',24,NULL,120.00,75.00,120.00,40,10,0,0.00,0,'medicine_images/Miconazole 2% Cream 15g/000010.jpg',0,'2028-12-31','Top-up Rack',1,'2026-02-19 04:09:38','2026-02-26 06:01:12','NORMAL',0,0,0,NULL,0,0,NULL,'2026-02-26 06:01:12',0),(394,NULL,NULL,'Terbinafine 1% Cream 10g',NULL,NULL,NULL,NULL,'all','PH market top-up medicine item','medicine','Skin Care & Dermatology',24,NULL,120.00,75.00,120.00,40,10,0,0.00,0,'medicine_images/Terbinafine 1% Cream 10g/000001.jpg',0,'2028-12-31','Top-up Rack',1,'2026-02-19 04:09:38','2026-02-26 06:20:30','NORMAL',0,0,0,NULL,0,0,NULL,'2026-02-26 06:20:30',0),(395,NULL,NULL,'Mupirocin 2% Ointment 5g',NULL,NULL,NULL,NULL,'all','PH market top-up medicine item','medicine','Skin Care & Dermatology',24,NULL,120.00,75.00,120.00,40,10,0,0.00,0,'medicine_images/Mupirocin 2% Ointment 5g/000008.jpg',0,'2028-12-31','Top-up Rack',1,'2026-02-19 04:09:38','2026-02-26 06:05:49','NORMAL',0,0,0,NULL,0,0,NULL,'2026-02-26 06:05:49',0),(396,NULL,NULL,'Clobetasol Propionate 0.05% Cream 15g',NULL,NULL,NULL,NULL,'all','PH market top-up medicine item','medicine','Skin Care & Dermatology',24,NULL,120.00,75.00,120.00,40,10,0,0.00,0,'medicine_images/Clobetasol Propionate 0.05% Cream 15g/000017.jpg',0,'2028-12-31','Top-up Rack',1,'2026-02-19 04:09:38','2026-02-26 05:25:26','NORMAL',0,0,0,NULL,0,0,NULL,'2026-02-26 05:25:26',0);
/*!40000 ALTER TABLE `products` ENABLE KEYS */;
UNLOCK TABLES;

--
-- Table structure for table `purchase_order_items`
--

DROP TABLE IF EXISTS `purchase_order_items`;
/*!40101 SET @saved_cs_client     = @@character_set_client */;
/*!40101 SET character_set_client = utf8 */;
CREATE TABLE `purchase_order_items` (
  `po_item_id` int(11) NOT NULL AUTO_INCREMENT,
  `po_id` int(11) NOT NULL,
  `product_id` int(11) NOT NULL,
  `quantity` int(11) NOT NULL,
  `unit_cost` decimal(10,2) NOT NULL,
  `line_total` decimal(10,2) NOT NULL,
  `received_quantity` int(11) DEFAULT 0,
  `created_at` timestamp NOT NULL DEFAULT CURRENT_TIMESTAMP,
  PRIMARY KEY (`po_item_id`),
  KEY `po_id` (`po_id`),
  KEY `product_id` (`product_id`),
  CONSTRAINT `purchase_order_items_ibfk_1` FOREIGN KEY (`po_id`) REFERENCES `purchase_orders` (`po_id`) ON DELETE CASCADE,
  CONSTRAINT `purchase_order_items_ibfk_2` FOREIGN KEY (`product_id`) REFERENCES `products` (`product_id`)
) ENGINE=InnoDB DEFAULT CHARSET=utf8mb4 COLLATE=utf8mb4_general_ci;
/*!40101 SET character_set_client = @saved_cs_client */;

--
-- Dumping data for table `purchase_order_items`
--

LOCK TABLES `purchase_order_items` WRITE;
/*!40000 ALTER TABLE `purchase_order_items` DISABLE KEYS */;
/*!40000 ALTER TABLE `purchase_order_items` ENABLE KEYS */;
UNLOCK TABLES;

--
-- Table structure for table `purchase_orders`
--

DROP TABLE IF EXISTS `purchase_orders`;
/*!40101 SET @saved_cs_client     = @@character_set_client */;
/*!40101 SET character_set_client = utf8 */;
CREATE TABLE `purchase_orders` (
  `po_id` int(11) NOT NULL AUTO_INCREMENT,
  `po_number` varchar(50) NOT NULL,
  `supplier_id` int(11) NOT NULL,
  `status` enum('Pending','Ordered','Received','Cancelled') DEFAULT 'Pending',
  `total_amount` decimal(10,2) NOT NULL DEFAULT 0.00,
  `notes` text DEFAULT NULL,
  `ordered_by` int(11) DEFAULT NULL,
  `ordered_date` datetime DEFAULT NULL,
  `received_date` datetime DEFAULT NULL,
  `created_at` timestamp NOT NULL DEFAULT CURRENT_TIMESTAMP,
  `updated_at` timestamp NOT NULL DEFAULT CURRENT_TIMESTAMP ON UPDATE current_timestamp(),
  PRIMARY KEY (`po_id`),
  UNIQUE KEY `po_number` (`po_number`),
  KEY `supplier_id` (`supplier_id`),
  KEY `ordered_by` (`ordered_by`),
  CONSTRAINT `purchase_orders_ibfk_1` FOREIGN KEY (`supplier_id`) REFERENCES `suppliers` (`supplier_id`),
  CONSTRAINT `purchase_orders_ibfk_2` FOREIGN KEY (`ordered_by`) REFERENCES `users` (`user_id`)
) ENGINE=InnoDB DEFAULT CHARSET=utf8mb4 COLLATE=utf8mb4_general_ci;
/*!40101 SET character_set_client = @saved_cs_client */;

--
-- Dumping data for table `purchase_orders`
--

LOCK TABLES `purchase_orders` WRITE;
/*!40000 ALTER TABLE `purchase_orders` DISABLE KEYS */;
/*!40000 ALTER TABLE `purchase_orders` ENABLE KEYS */;
UNLOCK TABLES;

--
-- Table structure for table `return_items`
--

DROP TABLE IF EXISTS `return_items`;
/*!40101 SET @saved_cs_client     = @@character_set_client */;
/*!40101 SET character_set_client = utf8 */;
CREATE TABLE `return_items` (
  `return_item_id` int(11) NOT NULL AUTO_INCREMENT,
  `return_id` int(11) NOT NULL,
  `product_id` int(11) NOT NULL,
  `quantity` int(11) NOT NULL,
  `price` decimal(10,2) NOT NULL,
  `condition_note` text DEFAULT NULL,
  `restocked` tinyint(1) DEFAULT 0,
  `restocked_at` datetime DEFAULT NULL,
  `restocked_by` int(11) DEFAULT NULL,
  PRIMARY KEY (`return_item_id`),
  KEY `return_id` (`return_id`),
  KEY `product_id` (`product_id`),
  KEY `restocked_by` (`restocked_by`),
  CONSTRAINT `return_items_ibfk_1` FOREIGN KEY (`return_id`) REFERENCES `returns` (`return_id`) ON DELETE CASCADE,
  CONSTRAINT `return_items_ibfk_2` FOREIGN KEY (`product_id`) REFERENCES `products` (`product_id`),
  CONSTRAINT `return_items_ibfk_3` FOREIGN KEY (`restocked_by`) REFERENCES `users` (`user_id`)
) ENGINE=InnoDB DEFAULT CHARSET=utf8mb4 COLLATE=utf8mb4_general_ci;
/*!40101 SET character_set_client = @saved_cs_client */;

--
-- Dumping data for table `return_items`
--

LOCK TABLES `return_items` WRITE;
/*!40000 ALTER TABLE `return_items` DISABLE KEYS */;
/*!40000 ALTER TABLE `return_items` ENABLE KEYS */;
UNLOCK TABLES;

--
-- Table structure for table `returns`
--

DROP TABLE IF EXISTS `returns`;
/*!40101 SET @saved_cs_client     = @@character_set_client */;
/*!40101 SET character_set_client = utf8 */;
CREATE TABLE `returns` (
  `return_id` int(11) NOT NULL AUTO_INCREMENT,
  `order_id` int(11) NOT NULL,
  `return_number` varchar(50) NOT NULL,
  `reason` text NOT NULL,
  `status` enum('Requested','Approved','Rejected','Refunded') DEFAULT 'Requested',
  `requested_by` varchar(100) NOT NULL,
  `requested_at` datetime NOT NULL DEFAULT CURRENT_TIMESTAMP,
  `approved_by` int(11) DEFAULT NULL,
  `approved_at` datetime DEFAULT NULL,
  `refund_amount` decimal(10,2) DEFAULT 0.00,
  `refund_method` varchar(50) DEFAULT NULL,
  `notes` text DEFAULT NULL,
  `created_at` timestamp NOT NULL DEFAULT CURRENT_TIMESTAMP,
  `updated_at` timestamp NOT NULL DEFAULT CURRENT_TIMESTAMP ON UPDATE current_timestamp(),
  PRIMARY KEY (`return_id`),
  UNIQUE KEY `return_number` (`return_number`),
  KEY `approved_by` (`approved_by`),
  KEY `idx_status` (`status`),
  KEY `idx_order` (`order_id`),
  KEY `idx_requested_at` (`requested_at`),
  CONSTRAINT `returns_ibfk_1` FOREIGN KEY (`order_id`) REFERENCES `online_orders` (`order_id`) ON DELETE CASCADE,
  CONSTRAINT `returns_ibfk_2` FOREIGN KEY (`approved_by`) REFERENCES `users` (`user_id`)
) ENGINE=InnoDB DEFAULT CHARSET=utf8mb4 COLLATE=utf8mb4_general_ci;
/*!40101 SET character_set_client = @saved_cs_client */;

--
-- Dumping data for table `returns`
--

LOCK TABLES `returns` WRITE;
/*!40000 ALTER TABLE `returns` DISABLE KEYS */;
/*!40000 ALTER TABLE `returns` ENABLE KEYS */;
UNLOCK TABLES;

--
-- Table structure for table `reward_qr_codes`
--

DROP TABLE IF EXISTS `reward_qr_codes`;
/*!40101 SET @saved_cs_client     = @@character_set_client */;
/*!40101 SET character_set_client = utf8 */;
CREATE TABLE `reward_qr_codes` (
  `qr_id` int(11) NOT NULL AUTO_INCREMENT,
  `qr_code` varchar(100) NOT NULL,
  `source_type` enum('pos','online') NOT NULL DEFAULT 'pos',
  `source_order_id` int(11) DEFAULT NULL,
  `sale_reference` varchar(50) DEFAULT NULL,
  `generated_for_user` int(11) DEFAULT NULL,
  `generated_for_name` varchar(100) DEFAULT NULL,
  `redeemed_by_user` int(11) DEFAULT NULL,
  `redeemed_by_name` varchar(100) DEFAULT NULL,
  `points_value` decimal(12,2) NOT NULL DEFAULT 0.00,
  `is_redeemed` tinyint(1) NOT NULL DEFAULT 0,
  `redeemed_at` datetime DEFAULT NULL,
  `created_at` timestamp NOT NULL DEFAULT CURRENT_TIMESTAMP,
  `expires_at` datetime DEFAULT NULL,
  PRIMARY KEY (`qr_id`),
  UNIQUE KEY `qr_code` (`qr_code`),
  KEY `idx_qr_code` (`qr_code`),
  KEY `idx_redeemed` (`is_redeemed`),
  KEY `idx_generated_for` (`generated_for_user`)
) ENGINE=InnoDB AUTO_INCREMENT=103 DEFAULT CHARSET=utf8mb4 COLLATE=utf8mb4_general_ci;
/*!40101 SET character_set_client = @saved_cs_client */;

--
-- Dumping data for table `reward_qr_codes`
--

LOCK TABLES `reward_qr_codes` WRITE;
/*!40000 ALTER TABLE `reward_qr_codes` DISABLE KEYS */;
INSERT INTO `reward_qr_codes` VALUES (1,'RWD-8E2FBA98771F-1770964813','pos',2,'TX-64812103',12,'Hendry',NULL,NULL,1.00,0,NULL,'2026-02-13 06:40:13','2026-03-15 14:40:13'),(2,'RWD-ABE1251F37D2-1770965339','online',2,'ONL-000002',13,'cess',13,'cess',1.00,1,'2026-02-18 14:58:57','2026-02-13 06:48:59','2026-03-15 14:48:59'),(3,'RWD-5742327C8568-1770965407','pos',3,'TX-65406361',12,'Hendry',NULL,NULL,1.00,0,NULL,'2026-02-13 06:50:07','2026-03-15 14:50:07'),(4,'RWD-454286778FAA-1770971782','pos',6,'TX-71781011',12,'Hendry',NULL,NULL,1.00,0,NULL,'2026-02-13 08:36:22','2026-03-15 16:36:22'),(5,'RWD-8E536FC15536-1770988853','pos',7,'TX-88853521',1,'System Administrator',NULL,NULL,1.00,0,NULL,'2026-02-13 13:20:53','2026-03-15 21:20:53'),(6,'RWD-06C738E4E672-1770988897','online',3,'ONL-000003',1,'System Administrator',NULL,NULL,1.00,0,NULL,'2026-02-13 13:21:37','2026-03-15 21:21:37'),(7,'RWD-B9BE535237EA-1771137941','online',4,'ONL-000004',14,'Alex Andrei Pamplona',14,'Alex Andrei Pamplona',1.00,1,'2026-02-18 17:26:53','2026-02-15 06:45:41','2026-03-17 14:45:41'),(8,'RWD-142FCE20C339-1771137966','online',5,'ONL-000005',14,'Alex Andrei Pamplona',14,'Alex Andrei Pamplona',1.00,1,'2026-02-18 17:26:56','2026-02-15 06:46:06','2026-03-17 14:46:06'),(9,'RWD-8C6212EE6E75-1771138087','online',6,'ONL-000006',14,'Alex Andrei Pamplona',14,'Alex Andrei Pamplona',1.00,1,'2026-02-18 17:26:59','2026-02-15 06:48:07','2026-03-17 14:48:07'),(10,'RWD-ACB3F4DB4E76-1771138474','online',7,'ONL-000007',14,'Alex Andrei Pamplona',14,'Alex Andrei Pamplona',1.00,1,'2026-02-18 17:26:50','2026-02-15 06:54:34','2026-03-17 14:54:34'),(11,'RWD-0D22031F6946-1771138491','pos',11,'TX-38491786',14,'Alex Andrei Pamplona',14,'Alex Andrei Pamplona',1.00,1,'2026-02-18 17:26:48','2026-02-15 06:54:51','2026-03-17 14:54:51'),(12,'RWD-F2CE44FC9A4E-1771138514','pos',12,'TX-38514615',14,'Alex Andrei Pamplona',14,'Alex Andrei Pamplona',1.00,1,'2026-02-18 17:26:45','2026-02-15 06:55:14','2026-03-17 14:55:14'),(13,'RWD-425CBCF55EB0-1771163672','online',8,'ONL-000008',0,'Guest',NULL,NULL,1.00,0,NULL,'2026-02-15 13:54:32','2026-03-17 21:54:32'),(14,'RWD-E1782D6706E4-1771323318','pos',13,'TX-23317333',15,'hendry mojares',NULL,'cess (via hendry mojares)',1.00,1,'2026-02-19 11:55:34','2026-02-17 10:15:18','2026-03-19 18:15:18'),(15,'RWD-1C019A07DC60-1771324956','pos',14,'TX-71324956-200',NULL,'Walk-in Customer',NULL,NULL,1.00,0,NULL,'2026-02-17 10:42:36','2026-03-19 18:42:36'),(16,'RWD-A96F325A16F1-1771325875','pos',15,'TX-71325875-731',NULL,'Walk-in Customer',NULL,NULL,1.00,0,NULL,'2026-02-17 10:57:55','2026-03-19 18:57:55'),(17,'RWD-D74329CBF79E-1771325890','pos',16,'TX-71325890-418',NULL,'Walk-in Customer',NULL,NULL,1.00,0,NULL,'2026-02-17 10:58:10','2026-03-19 18:58:10'),(18,'RWD-289CECF8D093-1771325897','pos',17,'TX-71325897-591',NULL,'Walk-in Customer',NULL,NULL,1.00,0,NULL,'2026-02-17 10:58:17','2026-03-19 18:58:17'),(19,'RWD-8250536499D5-1771328910','online',9,'ONL-000009',14,'Alex Andrei Pamplona',14,'Alex Andrei Pamplona',1.00,1,'2026-02-18 17:26:43','2026-02-17 11:48:30','2026-03-19 19:48:30'),(20,'RWD-064E11DC2C45-1771328946','online',10,'ONL-000010',14,'Alex Andrei Pamplona',14,'Alex Andrei Pamplona',1.00,1,'2026-02-18 17:26:40','2026-02-17 11:49:06','2026-03-19 19:49:06'),(21,'RWD-A33DF6CD0324-1771328993','pos',18,'TX-71328992-635',NULL,'Walk-in Customer',NULL,NULL,1.00,0,NULL,'2026-02-17 11:49:53','2026-03-19 19:49:53'),(22,'RWD-65C0D3787982-1771329013','pos',19,'TX-71329013-273',NULL,'Walk-in Customer',NULL,NULL,1.00,0,NULL,'2026-02-17 11:50:13','2026-03-19 19:50:13'),(23,'RWD-82A0E808B221-1771329339','pos',20,'TX-71329339-820',NULL,'Walk-in Customer',NULL,NULL,1.00,0,NULL,'2026-02-17 11:55:39','2026-03-19 19:55:39'),(24,'RWD-EC80005CB647-1771329779','pos',21,'TX-71329779-946',NULL,'Walk-in Customer',NULL,NULL,1.00,0,NULL,'2026-02-17 12:02:59','2026-03-19 20:02:59'),(25,'RWD-9400162D7C80-1771330018','online',11,'ONL-000011',17,'akosiandrei123',NULL,NULL,1.00,0,NULL,'2026-02-17 12:06:58','2026-03-19 20:06:58'),(26,'RWD-DFE744C65D99-1771330046','pos',22,'TX-71330046-508',NULL,'Walk-in Customer',NULL,NULL,1.00,0,NULL,'2026-02-17 12:07:26','2026-03-19 20:07:26'),(27,'RWD-4582DEFBAACE-1771332035','online',12,'ONL-000012',14,'Alex Andrei Pamplona',14,'Alex Andrei Pamplona',1.00,1,'2026-02-18 17:26:38','2026-02-17 12:40:35','2026-03-19 20:40:35'),(28,'RWD-FEBDF38B2BEF-1771332341','online',13,'ONL-000013',19,'Aexandrei',NULL,NULL,1.00,0,NULL,'2026-02-17 12:45:41','2026-03-19 20:45:41'),(29,'RWD-30FA35A5AA26-1771332967','pos',23,'TX-71332967-824',NULL,'Walk-in Customer',NULL,NULL,1.00,0,NULL,'2026-02-17 12:56:07','2026-03-19 20:56:07'),(30,'RWD-A43E2B62238D-1771332994','pos',24,'TX-71332994-337',NULL,'Walk-in Customer',NULL,NULL,1.00,0,NULL,'2026-02-17 12:56:34','2026-03-19 20:56:34'),(31,'RWD-806DA3405BF1-1771333049','pos',25,'TX-71333049-452',NULL,'Walk-in Customer',NULL,NULL,1.00,0,NULL,'2026-02-17 12:57:29','2026-03-19 20:57:29'),(32,'RWD-03BA69B4955B-1771392754','pos',26,'TX-71392754-438',NULL,'Walk-in Customer',NULL,NULL,1.00,0,NULL,'2026-02-18 05:32:34','2026-03-20 13:32:34'),(33,'RWD-92D28B5D9003-1771392778','pos',27,'TX-71392778-375',NULL,'Walk-in Customer',NULL,NULL,1.00,0,NULL,'2026-02-18 05:32:58','2026-03-20 13:32:58'),(34,'RWD-F7AAE0311CBC-1771393425','pos',28,'TX-71393425-657',NULL,'Walk-in Customer',NULL,NULL,1.00,0,NULL,'2026-02-18 05:43:45','2026-03-20 13:43:45'),(35,'RWD-E2ACDA241B2E-1771393500','pos',29,'TX-71393500-960',NULL,'Walk-in Customer',NULL,NULL,1.00,0,NULL,'2026-02-18 05:45:00','2026-03-20 13:45:00'),(36,'RWD-34C3B67C9174-1771393515','pos',30,'TX-71393515-186',NULL,'Walk-in Customer',NULL,NULL,1.00,0,NULL,'2026-02-18 05:45:15','2026-03-20 13:45:15'),(37,'RWD-E57013F9B41C-1771393526','pos',31,'TX-71393526-223',NULL,'Walk-in Customer',NULL,NULL,1.00,0,NULL,'2026-02-18 05:45:26','2026-03-20 13:45:26'),(38,'RWD-58D8065CD823-1771393531','pos',32,'TX-71393531-762',NULL,'Walk-in Customer',NULL,NULL,1.00,0,NULL,'2026-02-18 05:45:31','2026-03-20 13:45:31'),(39,'RWD-B08AB337F38C-1771393542','pos',33,'TX-71393542-258',NULL,'Walk-in Customer',NULL,NULL,1.00,0,NULL,'2026-02-18 05:45:42','2026-03-20 13:45:42'),(40,'RWD-24EEAE12E27D-1771393548','pos',34,'TX-71393548-659',NULL,'Walk-in Customer',NULL,NULL,1.00,0,NULL,'2026-02-18 05:45:48','2026-03-20 13:45:48'),(41,'RWD-E9E479E5FCB0-1771393562','pos',35,'TX-71393562-509',NULL,'Walk-in Customer',NULL,NULL,1.00,0,NULL,'2026-02-18 05:46:02','2026-03-20 13:46:02'),(42,'RWD-08D9FBEF9DDD-1771393640','online',14,'ONL-000014',14,'Alex Andrei Pamplona',14,'Alex Andrei Pamplona',1.00,1,'2026-02-18 17:26:36','2026-02-18 05:47:20','2026-03-20 13:47:20'),(43,'RWD-E31AC5C0626A-1771395297','online',15,'ONL-000015',19,'Aexandrei',NULL,NULL,1.00,0,NULL,'2026-02-18 06:14:57','2026-03-20 14:14:57'),(44,'RWD-922AB0D7D46A-1771397756','online',16,'ONL-000016',26,'anreipamplona',26,'anreipamplona',1.00,1,'2026-02-18 14:56:31','2026-02-18 06:55:56','2026-03-20 14:55:56'),(45,'RWD-EE3A42BB40B5-1771397774','pos',36,'TX-71397774-785',NULL,'Walk-in Customer',NULL,NULL,1.00,0,NULL,'2026-02-18 06:56:14','2026-03-20 14:56:14'),(46,'RWD-BEB835174C2A-1771397827','online',17,'ONL-000017',26,'anreipamplona',26,'anreipamplona',1.00,1,'2026-02-18 14:57:19','2026-02-18 06:57:07','2026-03-20 14:57:07'),(47,'RWD-734DACE2A258-1771398751','pos',37,'TX-71398751-275',NULL,'Walk-in Customer',NULL,NULL,75.00,0,NULL,'2026-02-18 07:12:31','2026-03-20 15:12:31'),(48,'RWD-25F80D69E21B-1771398778','pos',38,'TX-71398778-832',NULL,'Walk-in Customer',NULL,NULL,25.00,0,NULL,'2026-02-18 07:12:58','2026-03-20 15:12:58'),(49,'RWD-5B4B4077A3AF-1771398977','online',18,'ONL-000018',26,'anreipamplona',26,'anreipamplona',25.00,1,'2026-02-18 15:16:33','2026-02-18 07:16:17','2026-03-20 15:16:17'),(50,'RWD-9CF6EB742F27-1771399456','pos',39,'TX-71399456-430',NULL,'Walk-in Customer',NULL,NULL,75.00,0,NULL,'2026-02-18 07:24:16','2026-03-20 15:24:16'),(51,'RWD-526ADC14F13A-1771399762','pos',40,'TX-71399762-744',NULL,'Walk-in Customer',NULL,NULL,0.00,0,NULL,'2026-02-18 07:29:22','2026-03-20 15:29:22'),(52,'RWD-A514F6B61186-1771400084','pos',41,'TX-71400084-791',NULL,'Walk-in Customer',NULL,NULL,25.00,0,NULL,'2026-02-18 07:34:44','2026-03-20 15:34:44'),(53,'RWD-E9EA96BEA57D-1771400994','pos',42,'TX-71400994-870',NULL,'Walk-in Customer',NULL,NULL,25.00,0,NULL,'2026-02-18 07:49:54','2026-03-20 15:49:54'),(54,'RWD-C8019E2FDD3C-1771401294','pos',43,'TX-71401294-745',NULL,'Walk-in Customer',NULL,NULL,25.00,0,NULL,'2026-02-18 07:54:54','2026-03-20 15:54:54'),(55,'RWD-FC64D63F2BFB-1771401440','pos',44,'TX-71401440-301',NULL,'Walk-in Customer',NULL,NULL,25.00,0,NULL,'2026-02-18 07:57:20','2026-03-20 15:57:20'),(56,'RWD-54C6B4FFE68D-1771401478','pos',45,'TX-71401478-762',NULL,'Walk-in Customer',NULL,NULL,25.00,0,NULL,'2026-02-18 07:57:58','2026-03-20 15:57:58'),(57,'RWD-2A54F5F49BE9-1771401576','pos',46,'TX-71401576-282',NULL,'Walk-in Customer',NULL,NULL,25.00,0,NULL,'2026-02-18 07:59:36','2026-03-20 15:59:36'),(58,'RWD-29BFB194BD80-1771401632','pos',47,'TX-71401632-286',NULL,'Walk-in Customer',NULL,NULL,175.00,0,NULL,'2026-02-18 08:00:32','2026-03-20 16:00:32'),(59,'RWD-40C861329C70-1771402553','pos',48,'TX-71402553-749',NULL,'Walk-in Customer',NULL,NULL,1.00,0,NULL,'2026-02-18 08:15:53','2026-03-20 16:15:53'),(60,'RWD-9A19C1869669-1771410492','pos',49,'TX-71410492-440',NULL,'Walk-in Customer',NULL,NULL,0.00,0,NULL,'2026-02-18 10:28:12','2026-03-20 18:28:12'),(61,'RWD-9E3E4F3FB9E2-1771413252','pos',50,'TX-71413252-417',NULL,'Walk-in Customer',14,'Alex Andrei Pamplona',0.00,1,'2026-02-18 19:14:40','2026-02-18 11:14:12','2026-03-20 19:14:12'),(62,'RWD-197F1CC7E3AB-1771472544','pos',51,'TX-71472544-176',NULL,'Walk-in Customer',NULL,NULL,0.00,0,NULL,'2026-02-19 03:42:24','2026-03-21 11:42:24'),(63,'RWD-260CBFC1C19A-1771474698','pos',52,'TX-71474698-817',NULL,'Walk-in Customer',NULL,NULL,25.00,0,NULL,'2026-02-19 04:18:18','2026-03-21 12:18:18'),(64,'RWD-B576E0867A82-1771475289','pos',53,'TX-71475289-496',NULL,'Walk-in Customer',NULL,NULL,0.00,0,NULL,'2026-02-19 04:28:09','2026-03-21 12:28:09'),(65,'RWD-3D34467C73CF-1771475393','pos',54,'TX-71475393-175',NULL,'Walk-in Customer',NULL,NULL,0.00,0,NULL,'2026-02-19 04:29:53','2026-03-21 12:29:53'),(66,'RWD-6F63B200AA0A-1771478232','pos',55,'TX-71478232-299',NULL,'Walk-in Customer',NULL,NULL,0.00,0,NULL,'2026-02-19 05:17:12','2026-03-21 13:17:12'),(67,'RWD-8D785DC41C4D-1771478249','pos',56,'TX-71478249-611',NULL,'Walk-in Customer',NULL,NULL,0.00,0,NULL,'2026-02-19 05:17:29','2026-03-21 13:17:29'),(68,'RWD-0EA95E5E0FAF-1771478732','pos',57,'TX-71478732-319',NULL,'Walk-in Customer',NULL,NULL,0.00,0,NULL,'2026-02-19 05:25:32','2026-03-21 13:25:32'),(69,'RWD-E8CDD5117A3C-1771478836','pos',58,'TX-71478836-893',NULL,'Walk-in Customer',NULL,NULL,0.00,0,NULL,'2026-02-19 05:27:16','2026-03-21 13:27:16'),(70,'RWD-B315B782631C-1771478998','pos',59,'TX-71478998-187',NULL,'Walk-in Customer',NULL,NULL,0.00,0,NULL,'2026-02-19 05:29:58','2026-03-21 13:29:58'),(71,'RWD-698626F6BFCF-1771479233','pos',60,'TX-71479233-984',NULL,'Walk-in Customer',NULL,NULL,0.00,0,NULL,'2026-02-19 05:33:53','2026-03-21 13:33:53'),(72,'RWD-A1FA6BF5BB9F-1771479641','pos',61,'TX-71479641-455',NULL,'Walk-in Customer',NULL,NULL,0.00,0,NULL,'2026-02-19 05:40:41','2026-03-21 13:40:41'),(73,'RWD-AF0379E1E232-1771480050','pos',62,'TX-71480050-671',NULL,'Walk-in Customer',NULL,NULL,0.00,0,NULL,'2026-02-19 05:47:30','2026-03-21 13:47:30'),(74,'RWD-C80B110CBB01-1771480260','pos',63,'TX-71480260-475',NULL,'Walk-in Customer',NULL,NULL,0.00,0,NULL,'2026-02-19 05:51:00','2026-03-21 13:51:00'),(75,'RWD-EC7641D11ABA-1771480339','pos',64,'TX-71480339-348',NULL,'Walk-in Customer',NULL,NULL,0.00,0,NULL,'2026-02-19 05:52:19','2026-03-21 13:52:19'),(76,'RWD-464BB16CC6D2-1771480360','pos',65,'TX-71480360-467',NULL,'Walk-in Customer',NULL,NULL,0.00,0,NULL,'2026-02-19 05:52:40','2026-03-21 13:52:40'),(77,'RWD-597DF1E6FC99-1771480416','pos',66,'TX-71480416-707',NULL,'Walk-in Customer',NULL,NULL,0.00,0,NULL,'2026-02-19 05:53:36','2026-03-21 13:53:36'),(78,'RWD-FF0F2CDB0D52-1771481094','pos',67,'TX-71481094-930',NULL,'Walk-in Customer',NULL,NULL,25.00,0,NULL,'2026-02-19 06:04:54','2026-03-21 14:04:54'),(79,'RWD-731DD025DD95-1771481309','pos',68,'TX-71481308-269',NULL,'Walk-in Customer',NULL,NULL,0.00,0,NULL,'2026-02-19 06:08:29','2026-03-21 14:08:29'),(80,'RWD-F503043955FB-1771481432','pos',69,'TX-71481432-205',NULL,'Walk-in Customer',NULL,NULL,0.00,0,NULL,'2026-02-19 06:10:32','2026-03-21 14:10:32'),(81,'RWD-1B2D073EB7D2-1771482076','pos',70,'TX-71482075-368',NULL,'Walk-in Customer',NULL,NULL,0.00,0,NULL,'2026-02-19 06:21:16','2026-03-21 14:21:16'),(82,'RWD-894ECC694EFF-1771483184','pos',71,'TX-71483184-786',NULL,'Walk-in Customer',NULL,NULL,0.00,0,NULL,'2026-02-19 06:39:44','2026-03-21 14:39:44'),(83,'RWD-79774D8791DF-1771484082','pos',72,'TX-71484082-807',NULL,'Walk-in Customer',NULL,NULL,0.00,0,NULL,'2026-02-19 06:54:42','2026-03-21 14:54:42'),(84,'RWD-DF4B8320BC26-1771484366','pos',73,'TX-71484366-993',NULL,'Walk-in Customer',NULL,NULL,0.00,0,NULL,'2026-02-19 06:59:26','2026-03-21 14:59:26'),(85,'RWD-290D6C296476-1771519246','pos',74,'TX-71519246-394',NULL,'Walk-in Customer',NULL,NULL,0.00,0,NULL,'2026-02-19 16:40:46','2026-03-22 00:40:46'),(86,'RWD-CA258A956DF7-1771521706','pos',75,'TX-71521706-594',NULL,'Walk-in Customer',NULL,NULL,25.00,0,NULL,'2026-02-19 17:21:46','2026-03-22 01:21:46'),(87,'RWD-E1AEB51A17F3-1771527457','pos',76,'TX-71527457-112',NULL,'Walk-in Customer',NULL,NULL,0.00,0,NULL,'2026-02-19 18:57:37','2026-03-22 02:57:37'),(88,'RWD-9B51291E1B87-1771527528','pos',77,'TX-71527528-331',NULL,'Walk-in Customer',NULL,NULL,50.00,0,NULL,'2026-02-19 18:58:48','2026-03-22 02:58:48'),(89,'RWD-E804C3ECEB9C-1771527538','pos',78,'TX-71527538-554',NULL,'Walk-in Customer',NULL,NULL,50.00,0,NULL,'2026-02-19 18:58:58','2026-03-22 02:58:58'),(90,'RWD-DA2301DD4EAF-1771527543','pos',79,'TX-71527543-616',NULL,'Walk-in Customer',NULL,NULL,0.00,0,NULL,'2026-02-19 18:59:03','2026-03-22 02:59:03'),(91,'RWD-A66841F336A9-1771528688','pos',80,'TX-71528688-737',NULL,'Walk-in Customer',NULL,NULL,25.00,0,NULL,'2026-02-19 19:18:08','2026-03-22 03:18:08'),(92,'RWD-88DBA39E961B-1772081979','pos',81,'TX-72081978-512',NULL,'Walk-in Customer',NULL,NULL,0.00,0,NULL,'2026-02-26 04:59:39','2026-03-28 12:59:39'),(93,'RWD-BDA0A398CEA9-1772082064','pos',82,'TX-72082064-676',NULL,'Walk-in Customer',NULL,NULL,25.00,0,NULL,'2026-02-26 05:01:04','2026-03-28 13:01:04'),(94,'RWD-39EE06879F88-1772116307','pos',83,'TX-72116307-103',NULL,'Walk-in Customer',NULL,NULL,0.00,0,NULL,'2026-02-26 14:31:47','2026-03-28 22:31:47'),(95,'RWD-EE93D61653D5-1772119690','pos',84,'TX-72119690-223',NULL,'Walk-in Customer',NULL,NULL,0.00,0,NULL,'2026-02-26 15:28:10','2026-03-28 23:28:10'),(96,'RWD-7ECDABFEA2DF-1772215699','pos',85,'TX-72215699-779',NULL,'Walk-in Customer',NULL,NULL,0.00,0,NULL,'2026-02-27 18:08:19','2026-03-30 02:08:19'),(97,'RWD-B6324AFACAFB-1772216562','pos',86,'TX-72216562-776',NULL,'Walk-in Customer',NULL,NULL,25.00,0,NULL,'2026-02-27 18:22:42','2026-03-30 02:22:42'),(98,'RWD-BCE0842E9E9E-1772217532','pos',87,'TX-72217532-619',NULL,'Walk-in Customer',NULL,NULL,0.00,0,NULL,'2026-02-27 18:38:52','2026-03-30 02:38:52'),(99,'RWD-4EB583F13D05-1772217874','pos',88,'TX-72217874-732',NULL,'Walk-in Customer',NULL,NULL,300.00,0,NULL,'2026-02-27 18:44:34','2026-03-30 02:44:34'),(100,'RWD-2803DC4C6681-1772218374','pos',111,'TX-72218374-113',NULL,'Walk-in Customer',NULL,NULL,75.00,0,NULL,'2026-02-27 18:52:54','2026-03-30 02:52:54'),(101,'RWD-12D24FB983D3-1772558402','pos',112,'TX-72558402-151',NULL,'Walk-in Customer',NULL,NULL,0.00,0,NULL,'2026-03-03 17:20:02','2026-04-03 01:20:02'),(102,'RWD-F53A83A00A1A-1772930522','pos',113,'TX-72930522-105',NULL,'Walk-in Customer',NULL,NULL,0.00,0,NULL,'2026-03-08 00:42:02','2026-04-07 08:42:02');
/*!40000 ALTER TABLE `reward_qr_codes` ENABLE KEYS */;
UNLOCK TABLES;

--
-- Table structure for table `role_permissions`
--

DROP TABLE IF EXISTS `role_permissions`;
/*!40101 SET @saved_cs_client     = @@character_set_client */;
/*!40101 SET character_set_client = utf8 */;
CREATE TABLE `role_permissions` (
  `role_permission_id` int(11) NOT NULL AUTO_INCREMENT,
  `role_id` int(11) NOT NULL,
  `permission_id` int(11) NOT NULL,
  `created_at` timestamp NOT NULL DEFAULT CURRENT_TIMESTAMP,
  PRIMARY KEY (`role_permission_id`),
  UNIQUE KEY `unique_role_permission` (`role_id`,`permission_id`),
  KEY `idx_role` (`role_id`),
  KEY `idx_permission` (`permission_id`),
  CONSTRAINT `role_permissions_ibfk_1` FOREIGN KEY (`role_id`) REFERENCES `roles` (`role_id`) ON DELETE CASCADE,
  CONSTRAINT `role_permissions_ibfk_2` FOREIGN KEY (`permission_id`) REFERENCES `permissions` (`permission_id`) ON DELETE CASCADE
) ENGINE=InnoDB AUTO_INCREMENT=48 DEFAULT CHARSET=utf8mb4 COLLATE=utf8mb4_unicode_ci;
/*!40101 SET character_set_client = @saved_cs_client */;

--
-- Dumping data for table `role_permissions`
--

LOCK TABLES `role_permissions` WRITE;
/*!40000 ALTER TABLE `role_permissions` DISABLE KEYS */;
INSERT INTO `role_permissions` VALUES (1,1,6,'2026-02-13 05:39:19'),(2,1,7,'2026-02-13 05:39:19'),(3,1,8,'2026-02-13 05:39:19'),(4,1,9,'2026-02-13 05:39:19'),(5,1,10,'2026-02-13 05:39:19'),(6,1,11,'2026-02-13 05:39:19'),(7,1,12,'2026-02-13 05:39:19'),(8,1,13,'2026-02-13 05:39:19'),(9,1,14,'2026-02-13 05:39:19'),(10,1,21,'2026-02-13 05:39:19'),(11,1,22,'2026-02-13 05:39:19'),(12,1,23,'2026-02-13 05:39:19'),(13,1,15,'2026-02-13 05:39:19'),(14,1,16,'2026-02-13 05:39:19'),(15,1,24,'2026-02-13 05:39:19'),(16,1,25,'2026-02-13 05:39:19'),(17,1,26,'2026-02-13 05:39:19'),(18,1,17,'2026-02-13 05:39:19'),(19,1,18,'2026-02-13 05:39:19'),(20,1,19,'2026-02-13 05:39:19'),(21,1,20,'2026-02-13 05:39:19'),(22,1,1,'2026-02-13 05:39:19'),(23,1,2,'2026-02-13 05:39:19'),(24,1,3,'2026-02-13 05:39:19'),(25,1,4,'2026-02-13 05:39:19'),(26,1,5,'2026-02-13 05:39:19'),(32,2,12,'2026-02-13 05:39:19'),(33,2,14,'2026-02-13 05:39:19'),(34,2,6,'2026-02-13 05:39:19'),(35,2,15,'2026-02-13 05:39:19'),(39,5,10,'2026-02-13 05:39:19'),(40,5,11,'2026-02-13 05:39:19'),(41,5,7,'2026-02-13 05:39:19'),(42,5,8,'2026-02-13 05:39:19'),(43,5,6,'2026-02-13 05:39:19'),(44,5,22,'2026-02-13 05:39:19'),(45,5,18,'2026-02-13 05:39:19'),(46,5,19,'2026-02-13 05:39:19'),(47,5,17,'2026-02-13 05:39:19');
/*!40000 ALTER TABLE `role_permissions` ENABLE KEYS */;
UNLOCK TABLES;

--
-- Table structure for table `roles`
--

DROP TABLE IF EXISTS `roles`;
/*!40101 SET @saved_cs_client     = @@character_set_client */;
/*!40101 SET character_set_client = utf8 */;
CREATE TABLE `roles` (
  `role_id` int(11) NOT NULL AUTO_INCREMENT,
  `role_name` varchar(50) NOT NULL,
  `description` text DEFAULT NULL,
  `created_at` timestamp NOT NULL DEFAULT CURRENT_TIMESTAMP,
  PRIMARY KEY (`role_id`),
  UNIQUE KEY `role_name` (`role_name`)
) ENGINE=InnoDB AUTO_INCREMENT=8 DEFAULT CHARSET=utf8mb4 COLLATE=utf8mb4_unicode_ci;
/*!40101 SET character_set_client = @saved_cs_client */;

--
-- Dumping data for table `roles`
--

LOCK TABLES `roles` WRITE;
/*!40000 ALTER TABLE `roles` DISABLE KEYS */;
INSERT INTO `roles` VALUES (1,'admin','Full system access with all permissions','2026-02-13 05:34:04'),(2,'cashier','Access to POS, sales, and basic inventory view','2026-02-13 05:34:04'),(3,'inventory_manager','Inventory Manager with stock management access','2026-02-13 05:34:04'),(4,'customer','Customer account for online ordering','2026-02-13 05:34:04'),(5,'Inventory Staff','Full inventory management and reporting access','2026-02-13 05:39:19'),(6,'Manager','Access to reports, analytics, and system settings','2026-02-13 05:39:19'),(7,'demo viewer','Read-only demo account for user surveys and testing','2026-03-02 02:32:00');
/*!40000 ALTER TABLE `roles` ENABLE KEYS */;
UNLOCK TABLES;

--
-- Table structure for table `rx_approval_log`
--

DROP TABLE IF EXISTS `rx_approval_log`;
/*!40101 SET @saved_cs_client     = @@character_set_client */;
/*!40101 SET character_set_client = utf8 */;
CREATE TABLE `rx_approval_log` (
  `log_id` int(11) NOT NULL AUTO_INCREMENT,
  `order_id` int(11) DEFAULT NULL,
  `sale_id` int(11) DEFAULT NULL,
  `sale_reference` varchar(50) DEFAULT NULL,
  `product_id` int(11) NOT NULL,
  `pharmacist_id` int(11) NOT NULL,
  `action` varchar(50) NOT NULL DEFAULT 'Approved',
  `notes` text DEFAULT NULL,
  `created_at` timestamp NOT NULL DEFAULT CURRENT_TIMESTAMP,
  PRIMARY KEY (`log_id`),
  KEY `product_id` (`product_id`),
  KEY `idx_order` (`order_id`),
  KEY `idx_pharmacist` (`pharmacist_id`),
  KEY `idx_created` (`created_at`),
  KEY `idx_sale` (`sale_id`),
  CONSTRAINT `rx_approval_log_ibfk_1` FOREIGN KEY (`order_id`) REFERENCES `online_orders` (`order_id`) ON DELETE CASCADE,
  CONSTRAINT `rx_approval_log_ibfk_2` FOREIGN KEY (`product_id`) REFERENCES `products` (`product_id`),
  CONSTRAINT `rx_approval_log_ibfk_3` FOREIGN KEY (`pharmacist_id`) REFERENCES `users` (`user_id`)
) ENGINE=InnoDB AUTO_INCREMENT=62 DEFAULT CHARSET=utf8mb4 COLLATE=utf8mb4_general_ci;
/*!40101 SET character_set_client = @saved_cs_client */;

--
-- Dumping data for table `rx_approval_log`
--

LOCK TABLES `rx_approval_log` WRITE;
/*!40000 ALTER TABLE `rx_approval_log` DISABLE KEYS */;
INSERT INTO `rx_approval_log` VALUES (4,NULL,1,'TX-70962813-393',237,15,'POS Dispensed','Prescription verified at POS by Hendry (backfilled)','2026-02-13 06:06:53'),(5,NULL,2,'TX-70964813-181',175,15,'POS Dispensed','Prescription verified at POS by Hendry (backfilled)','2026-02-13 06:40:13'),(6,NULL,7,'TX-70988853-444',238,13,'POS Dispensed','Prescription verified at POS by System Administrator (backfilled)','2026-02-13 13:20:53'),(7,NULL,8,'ONL-000005',226,13,'POS Dispensed','Prescription verified at POS by Online Order (backfilled)','2026-02-15 06:47:13'),(8,NULL,8,'ONL-000005',167,13,'POS Dispensed','Prescription verified at POS by Online Order (backfilled)','2026-02-15 06:47:13'),(9,NULL,9,'ONL-000004',237,13,'POS Dispensed','Prescription verified at POS by Online Order (backfilled)','2026-02-15 06:47:17'),(10,NULL,9,'ONL-000004',226,13,'POS Dispensed','Prescription verified at POS by Online Order (backfilled)','2026-02-15 06:47:17'),(11,NULL,9,'ONL-000004',238,13,'POS Dispensed','Prescription verified at POS by Online Order (backfilled)','2026-02-15 06:47:17'),(12,NULL,10,'ONL-000003',238,13,'POS Dispensed','Prescription verified at POS by Online Order (backfilled)','2026-02-15 06:47:21'),(13,NULL,12,'TX-71138514-179',165,14,'POS Dispensed','Prescription verified at POS by Alex Andrei Pamplona (backfilled)','2026-02-15 06:55:14'),(14,NULL,16,'TX-71325890-418',226,15,'POS Dispensed','Prescription verified at POS by hendry mojares (backfilled)','2026-02-17 10:58:10'),(15,NULL,17,'TX-71325897-591',226,15,'POS Dispensed','Prescription verified at POS by hendry mojares (backfilled)','2026-02-17 10:58:17'),(16,NULL,23,'TX-71332967-824',237,14,'POS Dispensed','Prescription verified at POS by Alex Andrei Pamplona (backfilled)','2026-02-17 12:56:07'),(17,NULL,24,'TX-71332994-337',237,14,'POS Dispensed','Prescription verified at POS by Alex Andrei Pamplona (backfilled)','2026-02-17 12:56:34'),(18,NULL,24,'TX-71332994-337',238,14,'POS Dispensed','Prescription verified at POS by Alex Andrei Pamplona (backfilled)','2026-02-17 12:56:34'),(19,NULL,26,'TX-71392754-438',162,14,'POS Dispensed','Prescription verified at POS by Alex Andrei Pamplona (backfilled)','2026-02-18 05:32:34'),(20,NULL,27,'TX-71392778-375',157,14,'POS Dispensed','Prescription verified at POS by Alex Andrei Pamplona (backfilled)','2026-02-18 05:32:58'),(21,NULL,35,'TX-71393562-509',226,15,'POS Dispensed','Prescription verified at POS by hendry mojares (backfilled)','2026-02-18 05:46:02'),(22,NULL,36,'TX-71397774-785',238,14,'POS Dispensed','Prescription verified at POS by Alex Andrei Pamplona (backfilled)','2026-02-18 06:56:14'),(23,NULL,37,'TX-71398751-275',237,15,'POS Dispensed','Prescription verified at POS by hendry mojares (backfilled)','2026-02-18 07:12:31'),(24,NULL,37,'TX-71398751-275',233,15,'POS Dispensed','Prescription verified at POS by hendry mojares (backfilled)','2026-02-18 07:12:31'),(25,NULL,38,'TX-71398778-832',237,15,'POS Dispensed','Prescription verified at POS by hendry mojares (backfilled)','2026-02-18 07:12:58'),(26,NULL,39,'TX-71399456-430',32,14,'POS Dispensed','Prescription verified at POS by Alex Andrei Pamplona (backfilled)','2026-02-18 07:24:16'),(27,NULL,39,'TX-71399456-430',30,14,'POS Dispensed','Prescription verified at POS by Alex Andrei Pamplona (backfilled)','2026-02-18 07:24:16'),(28,NULL,39,'TX-71399456-430',33,14,'POS Dispensed','Prescription verified at POS by Alex Andrei Pamplona (backfilled)','2026-02-18 07:24:16'),(29,NULL,39,'TX-71399456-430',39,14,'POS Dispensed','Prescription verified at POS by Alex Andrei Pamplona (backfilled)','2026-02-18 07:24:16'),(30,NULL,39,'TX-71399456-430',31,14,'POS Dispensed','Prescription verified at POS by Alex Andrei Pamplona (backfilled)','2026-02-18 07:24:16'),(31,NULL,42,'TX-71400994-870',226,15,'POS Dispensed','Prescription verified at POS by hendry mojares (backfilled)','2026-02-18 07:49:54'),(32,NULL,48,'TX-71402553-749',238,14,'POS Dispensed','Prescription verified at POS by Alex Andrei Pamplona (backfilled)','2026-02-18 08:15:53'),(33,NULL,52,'TX-71474698-817',238,14,'POS Dispensed','Prescription verified at POS by Alex Andrei Pamplona (backfilled)','2026-02-19 04:18:18'),(34,NULL,53,'TX-71475289-496',167,15,'POS Dispensed','Prescription verified at POS by hendry mojares (backfilled)','2026-02-19 04:28:09'),(35,NULL,58,'TX-71478836-893',237,15,'POS Dispensed','Prescription verified at POS by hendry mojares (backfilled)','2026-02-19 05:27:16'),(36,NULL,60,'TX-71479233-984',238,15,'POS Dispensed','Prescription verified at POS by hendry mojares (backfilled)','2026-02-19 05:33:53'),(37,NULL,61,'TX-71479641-455',237,15,'POS Dispensed','Prescription verified at POS by hendry mojares (backfilled)','2026-02-19 05:40:41'),(38,NULL,62,'TX-71480050-671',237,15,'POS Dispensed','Prescription verified at POS by hendry mojares (backfilled)','2026-02-19 05:47:30'),(39,NULL,63,'TX-71480260-475',167,15,'POS Dispensed','Prescription verified at POS by hendry mojares (backfilled)','2026-02-19 05:51:00'),(40,NULL,64,'TX-71480339-348',385,14,'POS Dispensed','Prescription verified at POS by Alex Andrei Pamplona (backfilled)','2026-02-19 05:52:19'),(41,NULL,65,'TX-71480360-467',167,15,'POS Dispensed','Prescription verified at POS by hendry mojares (backfilled)','2026-02-19 05:52:40'),(42,NULL,66,'TX-71480416-707',167,15,'POS Dispensed','Prescription verified at POS by hendry mojares (backfilled)','2026-02-19 05:53:36'),(43,NULL,67,'TX-71481094-930',171,15,'POS Dispensed','Prescription verified at POS by hendry mojares (backfilled)','2026-02-19 06:04:54'),(44,NULL,68,'TX-71481308-269',237,15,'POS Dispensed','Prescription verified at POS by hendry mojares (backfilled)','2026-02-19 06:08:28'),(45,NULL,69,'TX-71481432-205',237,15,'POS Dispensed','Prescription verified at POS by hendry mojares (backfilled)','2026-02-19 06:10:32'),(46,NULL,70,'TX-71482075-368',167,15,'POS Dispensed','Prescription verified at POS by hendry mojares (backfilled)','2026-02-19 06:21:15'),(47,NULL,73,'TX-71484366-993',167,15,'POS Dispensed','Prescription verified at POS by hendry mojares (backfilled)','2026-02-19 06:59:26'),(48,NULL,74,'TX-71519246-394',238,14,'POS Dispensed','Prescription verified at POS by Alex Andrei Pamplona (backfilled)','2026-02-19 16:40:46'),(49,NULL,75,'TX-71521706-594',237,14,'POS Dispensed','Prescription verified at POS by Alex Andrei Pamplona (backfilled)','2026-02-19 17:21:46'),(50,NULL,77,'TX-71527528-331',234,14,'POS Dispensed','Prescription verified at POS by Alex Andrei Pamplona (backfilled)','2026-02-19 18:58:48'),(51,NULL,78,'TX-71527538-554',234,14,'POS Dispensed','Prescription verified at POS by Alex Andrei Pamplona (backfilled)','2026-02-19 18:58:58'),(52,NULL,79,'TX-71527543-616',237,14,'POS Dispensed','Prescription verified at POS by Alex Andrei Pamplona (backfilled)','2026-02-19 18:59:03'),(53,NULL,79,'TX-71527543-616',238,14,'POS Dispensed','Prescription verified at POS by Alex Andrei Pamplona (backfilled)','2026-02-19 18:59:03'),(54,NULL,81,'TX-72081978-512',238,14,'POS Dispensed','Prescription verified at POS by Alex Andrei Pamplona (backfilled)','2026-02-26 04:59:39'),(55,NULL,82,'TX-72082064-676',226,15,'POS Dispensed','Prescription verified at POS by hendry mojares (backfilled)','2026-02-26 05:01:04'),(56,NULL,83,'TX-72116307-103',237,14,'POS Dispensed','Prescription verified at POS by Alex Andrei Pamplona (backfilled)','2026-02-26 14:31:47'),(57,NULL,84,'TX-72119690-223',384,15,'POS Dispensed','Prescription verified at POS by hendry mojares (backfilled)','2026-02-26 15:28:10'),(58,NULL,87,'TX-72217532-619',238,14,'POS Dispensed','Prescription verified at POS by Alex Andrei Pamplona (backfilled)','2026-02-27 18:38:52'),(59,NULL,88,'TX-72217874-732',33,14,'POS Dispensed','Prescription verified at POS by Alex Andrei Pamplona (backfilled)','2026-02-27 18:44:34'),(60,NULL,112,'TX-72558402-151',385,14,'POS Dispensed','Prescription verified at POS by Alex Andrei Pamplona','2026-03-03 17:20:02'),(61,NULL,113,'TX-72930522-105',237,14,'POS Dispensed','Prescription verified at POS by Alex Andrei Pamplona','2026-03-08 00:42:02');
/*!40000 ALTER TABLE `rx_approval_log` ENABLE KEYS */;
UNLOCK TABLES;

--
-- Table structure for table `sale_items`
--

DROP TABLE IF EXISTS `sale_items`;
/*!40101 SET @saved_cs_client     = @@character_set_client */;
/*!40101 SET character_set_client = utf8 */;
CREATE TABLE `sale_items` (
  `item_id` int(11) NOT NULL AUTO_INCREMENT,
  `sale_id` int(11) NOT NULL,
  `product_id` int(11) NOT NULL,
  `name` varchar(255) NOT NULL,
  `unit_price` decimal(10,2) NOT NULL,
  `discount_amount` decimal(10,2) DEFAULT 0.00,
  `tax_amount` decimal(10,2) DEFAULT 0.00,
  `quantity` int(11) NOT NULL,
  `line_total` decimal(10,2) NOT NULL,
  PRIMARY KEY (`item_id`),
  KEY `idx_sale_items_product` (`product_id`),
  KEY `idx_sale_items_sale` (`sale_id`),
  CONSTRAINT `sale_items_ibfk_1` FOREIGN KEY (`sale_id`) REFERENCES `sales` (`sale_id`) ON DELETE CASCADE,
  CONSTRAINT `sale_items_ibfk_2` FOREIGN KEY (`product_id`) REFERENCES `products` (`product_id`)
) ENGINE=InnoDB AUTO_INCREMENT=122 DEFAULT CHARSET=utf8mb4 COLLATE=utf8mb4_general_ci;
/*!40101 SET character_set_client = @saved_cs_client */;

--
-- Dumping data for table `sale_items`
--

LOCK TABLES `sale_items` WRITE;
/*!40000 ALTER TABLE `sale_items` DISABLE KEYS */;
INSERT INTO `sale_items` VALUES (1,1,237,'Acyclovir 400mg (Herpes)',180.00,0.00,0.00,1,180.00),(2,2,175,'Aspirin 80mg (Cardiac)',35.00,0.00,0.00,1,35.00),(3,3,24,'Alaxan FR',115.00,0.00,0.00,1,115.00),(4,4,15,'Advil Liqui-Gels 200mg',250.00,0.00,0.00,1,250.00),(5,5,56,'Benadryl Cough Syrup',165.00,0.00,0.00,1,165.00),(6,6,24,'Alaxan FR',3.00,0.00,0.00,1,3.00),(7,7,238,'Acyclovir 200mg',95.00,0.00,0.00,1,95.00),(8,8,226,'Althea 21s',650.00,0.00,0.00,1,650.00),(9,8,167,'Amlodipine 5mg (RiteMed)',42.00,0.00,0.00,1,42.00),(10,9,226,'Althea 21s',650.00,0.00,0.00,2,1300.00),(11,9,238,'Acyclovir 200mg',95.00,0.00,0.00,1,95.00),(12,9,237,'Acyclovir 400mg (Herpes)',180.00,0.00,0.00,1,180.00),(13,10,238,'Acyclovir 200mg',95.00,0.00,0.00,1,95.00),(14,11,24,'Alaxan FR',115.00,0.00,0.00,1,115.00),(15,12,165,'Amlodipine 5mg (Norvasc)',180.00,0.00,0.00,1,180.00),(16,13,119,'Allegra 120mg',280.00,0.00,0.00,1,280.00),(17,14,15,'Advil Liqui-Gels 200mg',250.00,0.00,0.00,1,250.00),(18,14,14,'Advil 200mg Tablet',180.00,0.00,0.00,1,180.00),(19,15,24,'Alaxan FR',115.00,0.00,0.00,1,115.00),(20,16,226,'Althea 21s',650.00,0.00,0.00,1,650.00),(21,17,226,'Althea 21s',650.00,0.00,0.00,1,650.00),(22,18,189,'Alcohol Swabs 100s',85.00,0.00,0.00,1,85.00),(23,19,14,'Advil 200mg Tablet',180.00,0.00,0.00,2,360.00),(24,19,24,'Alaxan FR',115.00,0.00,0.00,2,230.00),(25,19,15,'Advil Liqui-Gels 200mg',250.00,0.00,0.00,7,1750.00),(26,19,25,'Bayer Aspirin 500mg',120.00,0.00,0.00,1,120.00),(27,20,14,'Advil 200mg Tablet',180.00,0.00,0.00,1,180.00),(28,21,133,'Acyclovir 5% Cream 5g',120.00,0.00,0.00,1,120.00),(29,22,66,'Ascof Lagundi 600mg',85.00,0.00,0.00,1,85.00),(30,22,70,'Bactidol Mouthwash 250mL',180.00,0.00,0.00,6,1080.00),(31,23,237,'Acyclovir 400mg (Herpes)',180.00,0.00,0.00,1,180.00),(32,24,237,'Acyclovir 400mg (Herpes)',180.00,0.00,0.00,1,180.00),(33,24,238,'Acyclovir 200mg',95.00,0.00,0.00,7,665.00),(34,25,86,'Ferrous Sulfate 325mg 100s',65.00,0.00,0.00,1,65.00),(35,26,162,'Montelukast 4mg Chewable',320.00,0.00,0.00,5,1600.00),(36,27,157,'Salbutamol Nebules 2.5mg/2.5mL 20s',180.00,0.00,0.00,5,900.00),(37,28,251,'Sensodyne Repair & Protect 100g',220.00,0.00,0.00,1,220.00),(38,29,24,'Alaxan FR',3.00,0.00,0.00,2,6.00),(39,30,24,'Alaxan FR',3.00,0.00,0.00,2,6.00),(40,31,24,'Alaxan FR',3.00,0.00,0.00,10,30.00),(41,32,24,'Alaxan FR',115.00,0.00,0.00,3,345.00),(42,33,189,'Alcohol Swabs 100s',85.00,0.00,0.00,3,255.00),(43,34,189,'Alcohol Swabs 100s',85.00,0.00,0.00,6,510.00),(44,35,226,'Althea 21s',650.00,0.00,0.00,1,650.00),(45,36,238,'Acyclovir 200mg',95.00,0.00,0.00,1,95.00),(46,37,237,'Acyclovir 400mg (Herpes)',180.00,0.00,0.00,6,1080.00),(47,37,233,'Azithromycin 1g Single Dose',120.00,0.00,0.00,1,120.00),(48,37,192,'Durex Fetherlite 12s',340.00,0.00,0.00,1,340.00),(49,38,237,'Acyclovir 400mg (Herpes)',180.00,0.00,0.00,3,540.00),(50,39,31,'Amoxicillin 250mg/5mL Suspension',85.00,0.00,0.00,1,85.00),(51,39,32,'Amoxicillin 500mg (Amoxil)',180.00,0.00,0.00,1,180.00),(52,39,30,'Amoxicillin 500mg (RiteMed)',96.00,0.00,0.00,1,96.00),(53,39,33,'Augmentin 625mg',950.00,0.00,0.00,1,950.00),(54,39,39,'Azithromycin 500mg (RiteMed)',180.00,0.00,0.00,1,180.00),(55,40,15,'Advil Liqui-Gels 200mg',250.00,0.00,0.00,1,250.00),(56,41,133,'Acyclovir 5% Cream 5g',120.00,0.00,0.00,4,480.00),(57,42,226,'Althea 21s',650.00,0.00,0.00,1,650.00),(58,43,219,'Clearblue Digital',450.00,0.00,0.00,1,450.00),(59,44,145,'Cotton Balls 50g',25.00,0.00,0.00,6,150.00),(60,44,137,'Band-Aid Flexible Fabric 30s',65.00,0.00,0.00,9,585.00),(61,45,82,'Caltrate Plus 600+D 30s',520.00,0.00,0.00,1,520.00),(62,46,104,'Buscopan 10mg',150.00,0.00,0.00,4,600.00),(63,47,188,'Glucometer Test Strips 25s',650.00,0.00,0.00,5,3250.00),(64,48,238,'Acyclovir 200mg',95.00,0.00,0.00,1,95.00),(65,49,15,'Advil Liqui-Gels 200mg',250.00,0.00,0.00,1,250.00),(66,50,24,'Alaxan FR',115.00,0.00,0.00,1,115.00),(67,50,15,'Advil Liqui-Gels 200mg',250.00,0.00,0.00,1,250.00),(68,51,14,'Advil 200mg Tablet',4.00,0.00,0.00,1,4.00),(69,51,14,'Advil 200mg Tablet',180.00,0.00,0.00,2,360.00),(70,52,238,'Acyclovir 200mg',95.00,0.00,0.00,3,285.00),(71,52,193,'Durex Extra Safe 3s',90.00,0.00,0.00,4,360.00),(72,52,194,'Durex Pleasuremax 3s',95.00,0.00,0.00,1,95.00),(73,53,167,'Amlodipine 5mg (RiteMed)',42.00,0.00,0.00,1,42.00),(74,54,24,'Alaxan FR',115.00,0.00,0.00,2,230.00),(75,55,24,'Alaxan FR',115.00,0.00,0.00,1,115.00),(76,56,24,'Alaxan FR',115.00,0.00,0.00,2,230.00),(77,57,133,'Acyclovir 5% Cream 5g',120.00,0.00,0.00,1,120.00),(78,58,237,'Acyclovir 400mg (Herpes)',180.00,0.00,0.00,1,180.00),(79,59,189,'Alcohol Swabs 100s',85.00,0.00,0.00,1,85.00),(80,60,238,'Acyclovir 200mg',95.00,0.00,0.00,1,95.00),(81,61,237,'Acyclovir 400mg (Herpes)',180.00,0.00,0.00,1,180.00),(82,62,237,'Acyclovir 400mg (Herpes)',180.00,0.00,0.00,1,180.00),(83,63,167,'Amlodipine 5mg (RiteMed)',42.00,0.00,0.00,1,42.00),(84,64,385,'Acetylcysteine 600mg Effervescent Tablet',120.00,0.00,0.00,1,120.00),(85,64,14,'Advil 200mg Tablet',180.00,0.00,0.00,1,180.00),(86,65,167,'Amlodipine 5mg (RiteMed)',1.50,0.00,0.00,1,1.50),(87,66,167,'Amlodipine 5mg (RiteMed)',1.50,0.00,0.00,1,1.50),(88,67,171,'Atorvastatin 20mg (Lipitor)',520.00,0.00,0.00,1,520.00),(89,68,237,'Acyclovir 400mg (Herpes)',180.00,0.00,0.00,1,180.00),(90,69,237,'Acyclovir 400mg (Herpes)',180.00,0.00,0.00,1,180.00),(91,70,167,'Amlodipine 5mg (RiteMed)',42.00,0.00,0.00,1,42.00),(92,71,189,'Alcohol Swabs 100s',85.00,0.00,0.00,1,85.00),(93,72,14,'Advil 200mg Tablet',180.00,0.00,0.00,1,180.00),(94,73,167,'Amlodipine 5mg (RiteMed)',42.00,0.00,0.00,1,42.00),(95,74,238,'Acyclovir 200mg',95.00,0.00,0.00,1,95.00),(96,75,237,'Acyclovir 400mg (Herpes)',180.00,0.00,0.00,1,180.00),(97,75,14,'Advil 200mg Tablet',180.00,0.00,0.00,1,180.00),(98,75,119,'Allegra 120mg',280.00,0.00,0.00,1,280.00),(99,76,325,'Acetic Acid Ear Drops 10mL',120.00,0.00,0.00,1,120.00),(100,77,234,'Doxycycline 100mg (STI Course 14s)',280.00,0.00,0.00,4,1120.00),(101,78,234,'Doxycycline 100mg (STI Course 14s)',280.00,0.00,0.00,4,1120.00),(102,78,24,'Alaxan FR',115.00,0.00,0.00,1,115.00),(103,79,237,'Acyclovir 400mg (Herpes)',180.00,0.00,0.00,1,180.00),(104,79,238,'Acyclovir 200mg',95.00,0.00,0.00,1,95.00),(105,80,325,'Acetic Acid Ear Drops 10mL',120.00,0.00,0.00,1,120.00),(106,80,15,'Advil Liqui-Gels 200mg',250.00,0.00,0.00,1,250.00),(107,80,14,'Advil 200mg Tablet',180.00,0.00,0.00,1,180.00),(108,81,238,'Acyclovir 200mg',95.00,0.00,0.00,1,95.00),(109,82,226,'Althea 21s',650.00,0.00,0.00,1,650.00),(110,83,237,'Acyclovir 400mg (Herpes)',180.00,0.00,0.00,1,180.00),(111,83,133,'Acyclovir 5% Cream 5g',120.00,0.00,0.00,1,120.00),(112,84,384,'Ambroxol 15mg/5mL Syrup',120.00,0.00,0.00,3,360.00),(113,85,325,'Acetic Acid Ear Drops 10mL',120.00,0.00,0.00,1,120.00),(114,86,24,'Alaxan FR',115.00,0.00,0.00,2,230.00),(115,86,15,'Advil Liqui-Gels 200mg',250.00,0.00,0.00,1,250.00),(116,87,238,'Acyclovir 200mg',95.00,0.00,0.00,1,95.00),(117,88,33,'Augmentin 625mg',950.00,0.00,0.00,6,5700.00),(118,111,25,'Bayer Aspirin 500mg',120.00,0.00,0.00,1,120.00),(119,111,366,'Benzocaine Oral Gel 10g',120.00,0.00,0.00,11,1320.00),(120,112,385,'Acetylcysteine 600mg Effervescent Tablet',120.00,0.00,0.00,1,120.00),(121,113,237,'Acyclovir 400mg (Herpes)',180.00,0.00,0.00,1,180.00);
/*!40000 ALTER TABLE `sale_items` ENABLE KEYS */;
UNLOCK TABLES;

--
-- Table structure for table `sale_payments`
--

DROP TABLE IF EXISTS `sale_payments`;
/*!40101 SET @saved_cs_client     = @@character_set_client */;
/*!40101 SET character_set_client = utf8 */;
CREATE TABLE `sale_payments` (
  `payment_id` int(11) NOT NULL AUTO_INCREMENT,
  `sale_id` int(11) NOT NULL,
  `payment_method` enum('CASH','GCASH','MAYA','CARD','BANK_TRANSFER') NOT NULL,
  `amount` decimal(10,2) NOT NULL,
  `reference_number` varchar(100) DEFAULT NULL COMMENT 'Transaction reference for digital payments',
  `created_at` timestamp NOT NULL DEFAULT CURRENT_TIMESTAMP,
  PRIMARY KEY (`payment_id`),
  KEY `idx_sale` (`sale_id`),
  KEY `idx_method` (`payment_method`),
  KEY `idx_created` (`created_at`),
  CONSTRAINT `sale_payments_ibfk_1` FOREIGN KEY (`sale_id`) REFERENCES `sales` (`sale_id`) ON DELETE CASCADE
) ENGINE=InnoDB DEFAULT CHARSET=utf8mb4 COLLATE=utf8mb4_unicode_ci;
/*!40101 SET character_set_client = @saved_cs_client */;

--
-- Dumping data for table `sale_payments`
--

LOCK TABLES `sale_payments` WRITE;
/*!40000 ALTER TABLE `sale_payments` DISABLE KEYS */;
/*!40000 ALTER TABLE `sale_payments` ENABLE KEYS */;
UNLOCK TABLES;

--
-- Table structure for table `sales`
--

DROP TABLE IF EXISTS `sales`;
/*!40101 SET @saved_cs_client     = @@character_set_client */;
/*!40101 SET character_set_client = utf8 */;
CREATE TABLE `sales` (
  `sale_id` int(11) NOT NULL AUTO_INCREMENT,
  `sale_reference` varchar(255) NOT NULL,
  `subtotal` decimal(10,2) DEFAULT NULL,
  `total` decimal(10,2) NOT NULL,
  `discount_amount` decimal(10,2) DEFAULT 0.00,
  `tax_amount` decimal(10,2) DEFAULT 0.00,
  `payment_method` varchar(50) DEFAULT 'Cash',
  `paid_amount` decimal(10,2) DEFAULT 0.00,
  `change_amount` decimal(10,2) DEFAULT 0.00,
  `cashier` varchar(255) DEFAULT 'POS',
  `customer_name` varchar(100) DEFAULT NULL,
  `notes` text DEFAULT NULL,
  `status` enum('completed','voided','refunded') DEFAULT 'completed',
  `voided_by` int(11) DEFAULT NULL,
  `voided_at` datetime DEFAULT NULL,
  `created_at` timestamp NOT NULL DEFAULT CURRENT_TIMESTAMP,
  `updated_at` timestamp NOT NULL DEFAULT CURRENT_TIMESTAMP ON UPDATE current_timestamp(),
  `discount_percent` decimal(5,2) DEFAULT 0.00,
  `loyalty_member_id` int(11) DEFAULT NULL,
  `points_redeemed` decimal(12,2) DEFAULT 0.00,
  PRIMARY KEY (`sale_id`),
  KEY `idx_sale_reference` (`sale_reference`),
  KEY `idx_status` (`status`),
  KEY `idx_created` (`created_at`),
  KEY `fk_sale_voided_by` (`voided_by`),
  KEY `idx_sales_created_at` (`created_at`),
  CONSTRAINT `fk_sale_voided_by` FOREIGN KEY (`voided_by`) REFERENCES `users` (`user_id`) ON DELETE SET NULL
) ENGINE=InnoDB AUTO_INCREMENT=114 DEFAULT CHARSET=utf8mb4 COLLATE=utf8mb4_general_ci;
/*!40101 SET character_set_client = @saved_cs_client */;

--
-- Dumping data for table `sales`
--

LOCK TABLES `sales` WRITE;
/*!40000 ALTER TABLE `sales` DISABLE KEYS */;
INSERT INTO `sales` VALUES (1,'TX-70962813-393',NULL,180.00,0.00,0.00,'cash',250.00,70.00,'Hendry',NULL,NULL,'completed',NULL,NULL,'2026-02-13 06:06:53','2026-02-13 06:06:53',0.00,NULL,0.00),(2,'TX-70964813-181',NULL,35.00,0.00,0.00,'cash',50.00,15.00,'Hendry',NULL,NULL,'completed',NULL,NULL,'2026-02-13 06:40:13','2026-02-13 06:40:13',0.00,NULL,0.00),(3,'TX-70965406-542',NULL,115.00,0.00,0.00,'cash',150.00,35.00,'Hendry',NULL,NULL,'completed',NULL,NULL,'2026-02-13 06:50:06','2026-02-13 06:50:06',0.00,NULL,0.00),(4,'ONL-000002',NULL,250.00,0.00,0.00,'Cash on Pickup',250.00,0.00,'Online Order',NULL,NULL,'completed',NULL,NULL,'2026-02-13 06:58:13','2026-02-13 06:58:13',0.00,NULL,0.00),(5,'ONL-000001',NULL,165.00,0.00,0.00,'Cash on Pickup',165.00,0.00,'Online Order',NULL,NULL,'completed',NULL,NULL,'2026-02-13 06:58:21','2026-02-13 06:58:21',0.00,NULL,0.00),(6,'TX-70971782-445',3.00,3.36,0.00,0.36,'cash',50.00,46.64,'Hendry',NULL,NULL,'completed',NULL,NULL,'2026-02-13 08:36:22','2026-02-13 08:36:22',0.00,NULL,0.00),(7,'TX-70988853-444',95.00,106.40,0.00,11.40,'cash',150.00,43.60,'System Administrator',NULL,NULL,'completed',NULL,NULL,'2026-02-13 13:20:53','2026-02-13 13:20:53',0.00,NULL,0.00),(8,'ONL-000005',NULL,692.00,0.00,0.00,'Cash on Pickup',692.00,0.00,'Online Order',NULL,NULL,'completed',NULL,NULL,'2026-02-15 06:47:13','2026-02-15 06:47:13',0.00,NULL,0.00),(9,'ONL-000004',NULL,1575.00,0.00,0.00,'Cash on Pickup',1575.00,0.00,'Online Order',NULL,NULL,'completed',NULL,NULL,'2026-02-15 06:47:17','2026-02-15 06:47:17',0.00,NULL,0.00),(10,'ONL-000003',NULL,95.00,0.00,0.00,'Cash on Pickup',95.00,0.00,'Online Order',NULL,NULL,'completed',NULL,NULL,'2026-02-15 06:47:21','2026-02-15 06:47:21',0.00,NULL,0.00),(11,'TX-71138491-369',115.00,128.80,0.00,13.80,'cash',150.00,21.20,'Alex Andrei Pamplona',NULL,NULL,'completed',NULL,NULL,'2026-02-15 06:54:51','2026-02-15 06:54:51',0.00,NULL,0.00),(12,'TX-71138514-179',180.00,201.60,0.00,21.60,'cash',250.00,48.40,'Alex Andrei Pamplona',NULL,NULL,'completed',NULL,NULL,'2026-02-15 06:55:14','2026-02-15 06:55:14',0.00,NULL,0.00),(13,'TX-71323318-674',280.00,313.60,0.00,33.60,'cash',350.00,36.40,'hendry mojares',NULL,NULL,'completed',NULL,NULL,'2026-02-17 10:15:18','2026-02-17 10:15:18',0.00,NULL,0.00),(14,'TX-71324956-200',430.00,481.60,0.00,51.60,'cash',500.00,18.40,'Alex Andrei Pamplona',NULL,NULL,'completed',NULL,NULL,'2026-02-17 10:42:36','2026-02-17 10:42:36',0.00,NULL,0.00),(15,'TX-71325875-731',115.00,128.80,0.00,13.80,'cash',150.00,21.20,'hendry mojares',NULL,NULL,'completed',NULL,NULL,'2026-02-17 10:57:55','2026-02-17 10:57:55',0.00,NULL,0.00),(16,'TX-71325890-418',650.00,728.00,0.00,78.00,'cash',750.00,22.00,'hendry mojares',NULL,NULL,'completed',NULL,NULL,'2026-02-17 10:58:10','2026-02-17 10:58:10',0.00,NULL,0.00),(17,'TX-71325897-591',650.00,728.00,0.00,78.00,'cash',750.00,22.00,'hendry mojares',NULL,NULL,'completed',NULL,NULL,'2026-02-17 10:58:17','2026-02-17 10:58:17',0.00,NULL,0.00),(18,'TX-71328992-635',85.00,95.20,0.00,10.20,'cash',100.00,4.80,'Alex Andrei Pamplona',NULL,NULL,'completed',NULL,NULL,'2026-02-17 11:49:52','2026-02-17 11:49:52',0.00,NULL,0.00),(19,'TX-71329013-273',2460.00,2755.20,0.00,295.20,'cash',3000.00,244.80,'Alex Andrei Pamplona',NULL,NULL,'completed',NULL,NULL,'2026-02-17 11:50:13','2026-02-17 11:50:13',0.00,NULL,0.00),(20,'TX-71329339-820',180.00,201.60,0.00,21.60,'cash',250.00,48.40,'hendry mojares',NULL,NULL,'completed',NULL,NULL,'2026-02-17 11:55:39','2026-02-17 11:55:39',0.00,NULL,0.00),(21,'TX-71329779-946',120.00,134.40,0.00,14.40,'cash',200.00,65.60,'Alex Andrei Pamplona',NULL,NULL,'completed',NULL,NULL,'2026-02-17 12:02:59','2026-02-17 12:02:59',0.00,NULL,0.00),(22,'TX-71330046-508',1165.00,1304.80,0.00,139.80,'cash',1305.00,0.20,'hendry mojares',NULL,NULL,'completed',NULL,NULL,'2026-02-17 12:07:26','2026-02-17 12:07:26',0.00,NULL,0.00),(23,'TX-71332967-824',180.00,201.60,0.00,21.60,'cash',202.00,0.40,'Alex Andrei Pamplona',NULL,NULL,'completed',NULL,NULL,'2026-02-17 12:56:07','2026-02-17 12:56:07',0.00,NULL,0.00),(24,'TX-71332994-337',845.00,946.40,0.00,101.40,'cash',950.00,3.60,'Alex Andrei Pamplona',NULL,NULL,'completed',NULL,NULL,'2026-02-17 12:56:34','2026-02-17 12:56:34',0.00,NULL,0.00),(25,'TX-71333049-452',65.00,72.80,0.00,7.80,'cash',73.00,0.20,'Alex Andrei Pamplona',NULL,NULL,'completed',NULL,NULL,'2026-02-17 12:57:29','2026-02-17 12:57:29',0.00,NULL,0.00),(26,'TX-71392754-438',1600.00,1792.00,0.00,192.00,'cash',1793.00,1.00,'Alex Andrei Pamplona',NULL,NULL,'completed',NULL,NULL,'2026-02-18 05:32:34','2026-02-18 05:32:34',0.00,NULL,0.00),(27,'TX-71392778-375',900.00,1008.00,0.00,108.00,'cash',1100.00,92.00,'Alex Andrei Pamplona',NULL,NULL,'completed',NULL,NULL,'2026-02-18 05:32:58','2026-02-18 05:32:58',0.00,NULL,0.00),(28,'TX-71393425-657',220.00,246.40,0.00,26.40,'cash',247.00,0.60,'Alex Andrei Pamplona',NULL,NULL,'completed',NULL,NULL,'2026-02-18 05:43:45','2026-02-18 05:43:45',0.00,NULL,0.00),(29,'TX-71393500-960',6.00,6.72,0.00,0.72,'cash',7.00,0.28,'hendry mojares',NULL,NULL,'completed',NULL,NULL,'2026-02-18 05:45:00','2026-02-18 05:45:00',0.00,NULL,0.00),(30,'TX-71393515-186',6.00,6.72,0.00,0.72,'cash',7.00,0.28,'hendry mojares',NULL,NULL,'completed',NULL,NULL,'2026-02-18 05:45:15','2026-02-18 05:45:15',0.00,NULL,0.00),(31,'TX-71393526-223',30.00,33.60,0.00,3.60,'cash',50.00,16.40,'hendry mojares',NULL,NULL,'completed',NULL,NULL,'2026-02-18 05:45:26','2026-02-18 05:45:26',0.00,NULL,0.00),(32,'TX-71393531-762',345.00,386.40,0.00,41.40,'cash',387.00,0.60,'Alex Andrei Pamplona',NULL,NULL,'completed',NULL,NULL,'2026-02-18 05:45:31','2026-02-18 05:45:31',0.00,NULL,0.00),(33,'TX-71393542-258',255.00,285.60,0.00,30.60,'cash',286.00,0.40,'Alex Andrei Pamplona',NULL,NULL,'completed',NULL,NULL,'2026-02-18 05:45:42','2026-02-18 05:45:42',0.00,NULL,0.00),(34,'TX-71393548-659',510.00,571.20,0.00,61.20,'cash',572.00,0.80,'hendry mojares',NULL,NULL,'completed',NULL,NULL,'2026-02-18 05:45:48','2026-02-18 05:45:48',0.00,NULL,0.00),(35,'TX-71393562-509',650.00,728.00,0.00,78.00,'cash',729.00,1.00,'hendry mojares',NULL,NULL,'completed',NULL,NULL,'2026-02-18 05:46:02','2026-02-18 05:46:02',0.00,NULL,0.00),(36,'TX-71397774-785',95.00,106.40,0.00,11.40,'cash',107.00,0.60,'Alex Andrei Pamplona',NULL,NULL,'completed',NULL,NULL,'2026-02-18 06:56:14','2026-02-18 06:56:14',0.00,NULL,0.00),(37,'TX-71398751-275',1540.00,1724.80,0.00,184.80,'cash',1725.00,0.20,'hendry mojares',NULL,NULL,'completed',NULL,NULL,'2026-02-18 07:12:31','2026-02-18 07:12:31',0.00,NULL,0.00),(38,'TX-71398778-832',540.00,604.80,0.00,64.80,'cash',650.00,45.20,'hendry mojares',NULL,NULL,'completed',NULL,NULL,'2026-02-18 07:12:58','2026-02-18 07:12:58',0.00,NULL,0.00),(39,'TX-71399456-430',1491.00,1669.92,0.00,178.92,'cash',2000.00,330.08,'Alex Andrei Pamplona',NULL,NULL,'completed',NULL,NULL,'2026-02-18 07:24:16','2026-02-18 07:24:16',0.00,NULL,0.00),(40,'TX-71399762-744',250.00,224.00,56.00,30.00,'cash',250.00,26.00,'hendry mojares',NULL,NULL,'completed',NULL,NULL,'2026-02-18 07:29:22','2026-02-18 07:29:22',20.00,NULL,0.00),(41,'TX-71400084-791',480.00,537.60,0.00,57.60,'cash',550.00,12.40,'Alex Andrei Pamplona',NULL,NULL,'completed',NULL,NULL,'2026-02-18 07:34:44','2026-02-18 07:34:44',0.00,NULL,0.00),(42,'TX-71400994-870',650.00,582.40,145.60,78.00,'cash',600.00,17.60,'hendry mojares',NULL,NULL,'completed',NULL,NULL,'2026-02-18 07:49:54','2026-02-18 07:49:54',20.00,NULL,0.00),(43,'TX-71401294-745',450.00,504.00,0.00,54.00,'cash',550.00,46.00,'Alex Andrei Pamplona',NULL,NULL,'completed',NULL,NULL,'2026-02-18 07:54:54','2026-02-18 07:54:54',0.00,NULL,0.00),(44,'TX-71401440-301',735.00,658.56,164.64,88.20,'cash',659.00,0.44,'Alex Andrei Pamplona',NULL,NULL,'completed',NULL,NULL,'2026-02-18 07:57:20','2026-02-18 07:57:20',20.00,NULL,0.00),(45,'TX-71401478-762',520.00,582.40,0.00,62.40,'cash',583.00,0.60,'Alex Andrei Pamplona',NULL,NULL,'completed',NULL,NULL,'2026-02-18 07:57:58','2026-02-18 07:57:58',0.00,NULL,0.00),(46,'TX-71401576-282',600.00,672.00,0.00,72.00,'cash',700.00,28.00,'Alex Andrei Pamplona',NULL,NULL,'completed',NULL,NULL,'2026-02-18 07:59:36','2026-02-18 07:59:36',0.00,NULL,0.00),(47,'TX-71401632-286',3250.00,2912.00,728.00,390.00,'cash',3000.00,88.00,'Alex Andrei Pamplona',NULL,NULL,'completed',NULL,NULL,'2026-02-18 08:00:32','2026-02-18 08:00:32',20.00,NULL,0.00),(48,'TX-71402553-749',95.00,106.40,0.00,11.40,'cash',150.00,43.60,'Alex Andrei Pamplona',NULL,NULL,'completed',NULL,NULL,'2026-02-18 08:15:53','2026-02-18 08:15:53',0.00,NULL,0.00),(49,'TX-71410492-440',250.00,280.00,0.00,30.00,'cash',300.00,20.00,'Alex Andrei Pamplona',NULL,NULL,'completed',NULL,NULL,'2026-02-18 10:28:12','2026-02-18 10:28:12',0.00,NULL,0.00),(50,'TX-71413252-417',365.00,408.80,0.00,43.80,'cash',450.00,41.20,'Alex Andrei Pamplona',NULL,NULL,'completed',NULL,NULL,'2026-02-18 11:14:12','2026-02-18 11:14:12',0.00,NULL,0.00),(51,'TX-71472544-176',364.00,326.14,81.54,43.68,'cash',327.00,0.86,'hendry mojares',NULL,NULL,'completed',NULL,NULL,'2026-02-19 03:42:24','2026-02-19 03:42:24',20.00,NULL,0.00),(52,'TX-71474698-817',740.00,828.80,0.00,88.80,'cash',850.00,21.20,'Alex Andrei Pamplona',NULL,NULL,'completed',NULL,NULL,'2026-02-19 04:18:18','2026-02-19 04:18:18',0.00,NULL,0.00),(53,'TX-71475289-496',42.00,47.04,0.00,5.04,'cash',50.00,2.96,'hendry mojares',NULL,NULL,'completed',NULL,NULL,'2026-02-19 04:28:09','2026-02-19 04:28:09',0.00,NULL,0.00),(54,'TX-71475393-175',230.00,257.60,0.00,27.60,'cash',300.00,42.40,'hendry mojares',NULL,NULL,'completed',NULL,NULL,'2026-02-19 04:29:53','2026-02-19 04:29:53',0.00,NULL,0.00),(55,'TX-71478232-299',115.00,128.80,0.00,13.80,'cash',150.00,21.20,'hendry mojares',NULL,NULL,'completed',NULL,NULL,'2026-02-19 05:17:12','2026-02-19 05:17:12',0.00,NULL,0.00),(56,'TX-71478249-611',230.00,257.60,0.00,27.60,'cash',300.00,42.40,'hendry mojares',NULL,NULL,'completed',NULL,NULL,'2026-02-19 05:17:29','2026-02-19 05:17:29',0.00,NULL,0.00),(57,'TX-71478732-319',120.00,134.40,0.00,14.40,'cash',150.00,15.60,'hendry mojares',NULL,NULL,'completed',NULL,NULL,'2026-02-19 05:25:32','2026-02-19 05:25:32',0.00,NULL,0.00),(58,'TX-71478836-893',180.00,201.60,0.00,21.60,'cash',250.00,48.40,'hendry mojares',NULL,NULL,'completed',NULL,NULL,'2026-02-19 05:27:16','2026-02-19 05:27:16',0.00,NULL,0.00),(59,'TX-71478998-187',85.00,95.20,0.00,10.20,'cash',100.00,4.80,'hendry mojares',NULL,NULL,'completed',NULL,NULL,'2026-02-19 05:29:58','2026-02-19 05:29:58',0.00,NULL,0.00),(60,'TX-71479233-984',95.00,106.40,0.00,11.40,'cash',150.00,43.60,'hendry mojares',NULL,NULL,'completed',NULL,NULL,'2026-02-19 05:33:53','2026-02-19 05:33:53',0.00,NULL,0.00),(61,'TX-71479641-455',180.00,201.60,0.00,21.60,'cash',250.00,48.40,'hendry mojares',NULL,NULL,'completed',NULL,NULL,'2026-02-19 05:40:41','2026-02-19 05:40:41',0.00,NULL,0.00),(62,'TX-71480050-671',180.00,201.60,0.00,21.60,'cash',250.00,48.40,'hendry mojares',NULL,NULL,'completed',NULL,NULL,'2026-02-19 05:47:30','2026-02-19 05:47:30',0.00,NULL,0.00),(63,'TX-71480260-475',42.00,47.04,0.00,5.04,'cash',50.00,2.96,'hendry mojares',NULL,NULL,'completed',NULL,NULL,'2026-02-19 05:51:00','2026-02-19 05:51:00',0.00,NULL,0.00),(64,'TX-71480339-348',300.00,336.00,0.00,36.00,'cash',400.00,64.00,'Alex Andrei Pamplona',NULL,NULL,'completed',NULL,NULL,'2026-02-19 05:52:19','2026-02-19 05:52:19',0.00,NULL,0.00),(65,'TX-71480360-467',1.50,1.68,0.00,0.18,'cash',100.00,98.32,'hendry mojares',NULL,NULL,'completed',NULL,NULL,'2026-02-19 05:52:40','2026-02-19 05:52:40',0.00,NULL,0.00),(66,'TX-71480416-707',1.50,1.68,0.00,0.18,'cash',2.00,0.32,'hendry mojares',NULL,NULL,'completed',NULL,NULL,'2026-02-19 05:53:36','2026-02-19 05:53:36',0.00,NULL,0.00),(67,'TX-71481094-930',520.00,582.40,0.00,62.40,'cash',583.00,0.60,'hendry mojares',NULL,NULL,'completed',NULL,NULL,'2026-02-19 06:04:54','2026-02-19 06:04:54',0.00,NULL,0.00),(68,'TX-71481308-269',180.00,201.60,0.00,21.60,'cash',250.00,48.40,'hendry mojares',NULL,NULL,'completed',NULL,NULL,'2026-02-19 06:08:28','2026-02-19 06:08:28',0.00,NULL,0.00),(69,'TX-71481432-205',180.00,201.60,0.00,21.60,'cash',202.00,0.40,'hendry mojares',NULL,NULL,'completed',NULL,NULL,'2026-02-19 06:10:32','2026-02-19 06:10:32',0.00,NULL,0.00),(70,'TX-71482075-368',42.00,47.04,0.00,5.04,'cash',48.00,0.96,'hendry mojares',NULL,NULL,'completed',NULL,NULL,'2026-02-19 06:21:15','2026-02-19 06:21:15',0.00,NULL,0.00),(71,'TX-71483184-786',85.00,95.20,0.00,10.20,'cash',100.00,4.80,'hendry mojares',NULL,NULL,'completed',NULL,NULL,'2026-02-19 06:39:44','2026-02-19 06:39:44',0.00,NULL,0.00),(72,'TX-71484082-807',180.00,201.60,0.00,21.60,'cash',202.00,0.40,'hendry mojares',NULL,NULL,'completed',NULL,NULL,'2026-02-19 06:54:42','2026-02-19 06:54:42',0.00,NULL,0.00),(73,'TX-71484366-993',42.00,47.04,0.00,5.04,'cash',48.00,0.96,'hendry mojares',NULL,NULL,'completed',NULL,NULL,'2026-02-19 06:59:26','2026-02-19 06:59:26',0.00,NULL,0.00),(74,'TX-71519246-394',95.00,106.40,0.00,11.40,'cash',107.00,0.60,'Alex Andrei Pamplona',NULL,NULL,'completed',NULL,NULL,'2026-02-19 16:40:46','2026-02-19 16:40:46',0.00,NULL,0.00),(75,'TX-71521706-594',640.00,716.80,0.00,76.80,'cash',750.00,33.20,'Alex Andrei Pamplona',NULL,NULL,'completed',NULL,NULL,'2026-02-19 17:21:46','2026-02-19 17:21:46',0.00,NULL,0.00),(76,'TX-71527457-112',120.00,134.40,0.00,14.40,'cash',200.00,65.60,'Alex Andrei Pamplona',NULL,NULL,'completed',NULL,NULL,'2026-02-19 18:57:37','2026-02-19 18:57:37',0.00,NULL,0.00),(77,'TX-71527528-331',1120.00,1254.40,0.00,134.40,'cash',1300.00,45.60,'Alex Andrei Pamplona',NULL,NULL,'completed',NULL,NULL,'2026-02-19 18:58:48','2026-02-19 18:58:48',0.00,NULL,0.00),(78,'TX-71527538-554',1235.00,1383.20,0.00,148.20,'cash',1400.00,16.80,'Alex Andrei Pamplona',NULL,NULL,'completed',NULL,NULL,'2026-02-19 18:58:58','2026-02-19 18:58:58',0.00,NULL,0.00),(79,'TX-71527543-616',275.00,308.00,0.00,33.00,'cash',500.00,192.00,'Alex Andrei Pamplona',NULL,NULL,'completed',NULL,NULL,'2026-02-19 18:59:03','2026-02-19 18:59:03',0.00,NULL,0.00),(80,'TX-71528688-737',550.00,616.00,0.00,66.00,'cash',650.00,34.00,'Alex Andrei Pamplona',NULL,NULL,'completed',NULL,NULL,'2026-02-19 19:18:08','2026-02-19 19:18:08',0.00,NULL,0.00),(81,'TX-72081978-512',95.00,106.40,0.00,11.40,'cash',150.00,43.60,'Alex Andrei Pamplona',NULL,NULL,'completed',NULL,NULL,'2026-02-26 04:59:39','2026-02-26 04:59:39',0.00,NULL,0.00),(82,'TX-72082064-676',650.00,582.40,145.60,78.00,'cash',600.00,17.60,'hendry mojares',NULL,NULL,'completed',NULL,NULL,'2026-02-26 05:01:04','2026-02-26 05:01:04',20.00,NULL,0.00),(83,'TX-72116307-103',300.00,336.00,0.00,36.00,'cash',350.00,14.00,'Alex Andrei Pamplona',NULL,NULL,'completed',NULL,NULL,'2026-02-26 14:31:47','2026-02-26 14:31:47',0.00,NULL,0.00),(84,'TX-72119690-223',360.00,322.56,80.64,43.20,'cash',350.00,27.44,'hendry mojares',NULL,NULL,'completed',NULL,NULL,'2026-02-26 15:28:10','2026-02-26 15:28:10',20.00,NULL,0.00),(85,'TX-72215699-779',120.00,134.40,0.00,14.40,'cash',150.00,15.60,'Alex Andrei Pamplona',NULL,NULL,'completed',NULL,NULL,'2026-02-27 18:08:19','2026-02-27 18:08:19',0.00,NULL,0.00),(86,'TX-72216562-776',480.00,537.60,0.00,57.60,'cash',550.00,12.40,'Alex Andrei Pamplona',NULL,NULL,'completed',NULL,NULL,'2026-02-27 18:22:42','2026-02-27 18:22:42',0.00,NULL,0.00),(87,'TX-72217532-619',95.00,106.40,0.00,11.40,'cash',500.00,393.60,'Alex Andrei Pamplona',NULL,NULL,'completed',NULL,NULL,'2026-02-27 18:38:52','2026-02-27 18:38:52',0.00,8,0.00),(88,'TX-72217874-732',5700.00,6384.00,0.00,684.00,'cash',6400.00,16.00,'Alex Andrei Pamplona',NULL,NULL,'completed',NULL,NULL,'2026-02-27 18:44:34','2026-02-27 18:44:34',0.00,3,0.00),(111,'TX-72218374-113',1440.00,1612.80,0.00,172.80,'loyalty_points+cash',1400.00,12.20,'Alex Andrei Pamplona',NULL,NULL,'completed',NULL,NULL,'2026-02-27 18:52:54','2026-02-27 18:52:54',0.00,3,225.00),(112,'TX-72558402-151',120.00,134.40,0.00,14.40,'cash',200.00,65.60,'Alex Andrei Pamplona',NULL,NULL,'completed',NULL,NULL,'2026-03-03 17:20:02','2026-03-03 17:20:02',0.00,NULL,0.00),(113,'TX-72930522-105',180.00,201.60,0.00,21.60,'loyalty_points+cash',200.00,8.40,'Alex Andrei Pamplona',NULL,NULL,'completed',NULL,NULL,'2026-03-08 00:42:02','2026-03-08 00:42:02',0.00,6,10.00);
/*!40000 ALTER TABLE `sales` ENABLE KEYS */;
UNLOCK TABLES;

--
-- Table structure for table `settings`
--

DROP TABLE IF EXISTS `settings`;
/*!40101 SET @saved_cs_client     = @@character_set_client */;
/*!40101 SET character_set_client = utf8 */;
CREATE TABLE `settings` (
  `setting_id` int(11) NOT NULL AUTO_INCREMENT,
  `setting_key` varchar(100) NOT NULL,
  `setting_value` text DEFAULT NULL,
  `category` varchar(50) NOT NULL,
  `description` text DEFAULT NULL,
  `created_at` timestamp NOT NULL DEFAULT CURRENT_TIMESTAMP,
  `updated_at` timestamp NOT NULL DEFAULT CURRENT_TIMESTAMP ON UPDATE current_timestamp(),
  PRIMARY KEY (`setting_id`),
  UNIQUE KEY `setting_key` (`setting_key`),
  KEY `idx_category` (`category`),
  KEY `idx_key` (`setting_key`)
) ENGINE=InnoDB AUTO_INCREMENT=104 DEFAULT CHARSET=utf8mb4 COLLATE=utf8mb4_general_ci;
/*!40101 SET character_set_client = @saved_cs_client */;

--
-- Dumping data for table `settings`
--

LOCK TABLES `settings` WRITE;
/*!40000 ALTER TABLE `settings` DISABLE KEYS */;
INSERT INTO `settings` VALUES (1,'company_name','Calloway Pharmacy','company','Company/Store name','2026-02-13 05:40:27','2026-02-13 05:40:27'),(2,'company_address','','company','Company address','2026-02-13 05:40:27','2026-02-13 05:40:27'),(3,'company_phone','','company','Company phone number','2026-02-13 05:40:27','2026-02-13 05:40:27'),(4,'company_email','','company','Company email address','2026-02-13 05:40:27','2026-02-13 05:40:27'),(5,'company_website','','company','Company website URL','2026-02-13 05:40:27','2026-02-13 05:40:27'),(6,'company_logo','','company','Company logo path/URL','2026-02-13 05:40:27','2026-02-13 05:40:27'),(7,'tax_rate','12.00','tax','Default tax rate percentage','2026-02-13 05:40:27','2026-02-13 05:40:27'),(8,'currency','PHP','tax','Currency code','2026-02-13 05:40:27','2026-02-13 05:40:27'),(9,'currency_symbol','₱','tax','Currency symbol','2026-02-13 05:40:27','2026-02-13 05:40:27'),(10,'enable_tax','1','tax','Enable/disable tax calculation','2026-02-13 05:40:27','2026-02-13 05:40:27'),(11,'email_host','smtp.gmail.com','email','SMTP server host','2026-02-13 05:40:27','2026-02-13 06:52:58'),(12,'email_port','465','email','SMTP server port','2026-02-13 05:40:27','2026-02-13 06:52:58'),(13,'email_username','pharmacycalloway@gmail.com','email','SMTP username','2026-02-13 05:40:27','2026-02-13 07:01:30'),(14,'email_password','cGxwYyBoaWpsIHR2a2MgcG1tcA==','email','SMTP password (encrypted)','2026-02-13 05:40:27','2026-02-13 06:55:25'),(15,'email_from_name','Calloway Pharmacy','email','From name for emails','2026-02-13 05:40:27','2026-02-13 05:40:27'),(16,'email_from_address','pharmacycalloway@gmail.com','email','From email address','2026-02-13 05:40:27','2026-02-13 07:01:30'),(17,'email_encryption','ssl','email','Email encryption (tls/ssl)','2026-02-13 05:40:27','2026-02-13 06:52:58'),(18,'receipt_header','Thank you for shopping with us!','receipt','Receipt header message','2026-02-13 05:40:27','2026-02-13 05:40:27'),(19,'receipt_footer','Please come again!','receipt','Receipt footer message','2026-02-13 05:40:27','2026-02-13 05:40:27'),(20,'receipt_show_logo','1','receipt','Show logo on receipt','2026-02-13 05:40:27','2026-02-13 05:40:27'),(21,'receipt_show_barcode','1','receipt','Show barcode on receipt','2026-02-13 05:40:27','2026-02-13 05:40:27'),(22,'receipt_width','80mm','receipt','Receipt paper width','2026-02-13 05:40:27','2026-02-13 05:40:27'),(23,'low_stock_threshold','20','alerts','Low stock alert threshold','2026-02-13 05:40:27','2026-02-13 05:40:27'),(24,'expiry_alert_days','30','alerts','Days before expiry to alert','2026-02-13 05:40:27','2026-02-13 05:40:27'),(25,'enable_email_alerts','1','alerts','Enable email alerts','2026-02-13 05:40:27','2026-03-06 16:18:50'),(26,'alert_email','pharmacycalloway@gmail.com','alerts','Email address for alerts','2026-02-13 05:40:27','2026-03-06 16:18:50'),(27,'auto_backup_enabled','1','backup','Enable automatic backups','2026-02-13 05:40:27','2026-02-13 05:40:27'),(28,'backup_frequency','daily','backup','Backup frequency (daily/weekly/monthly)','2026-02-13 05:40:27','2026-02-13 05:40:27'),(29,'backup_retention_days','30','backup','Days to keep backups','2026-02-13 05:40:27','2026-02-13 05:40:27'),(30,'last_backup_date','','backup','Last backup timestamp','2026-02-13 05:40:27','2026-02-13 05:40:27'),(31,'system_version','1.0.0','system','System version','2026-02-13 05:40:27','2026-02-13 05:40:27'),(32,'maintenance_mode','0','system','Maintenance mode enabled','2026-02-13 05:40:27','2026-02-13 05:40:27'),(33,'session_timeout','3600','system','Session timeout in seconds','2026-02-13 05:40:27','2026-02-13 05:40:27'),(34,'max_login_attempts','5','system','Maximum login attempts before lockout','2026-02-13 05:40:27','2026-02-13 05:40:27'),(38,'smtp_host','smtp.gmail.com','email',NULL,'2026-02-13 06:52:58','2026-02-13 06:52:58'),(39,'smtp_port','465','email',NULL,'2026-02-13 06:52:58','2026-02-13 06:52:58'),(41,'smtp_password','cGxwYyBoaWpsIHR2a2MgcG1tcA==','email',NULL,'2026-02-13 06:55:25','2026-02-13 06:55:25'),(45,'smtp_username','pharmacycalloway@gmail.com','email',NULL,'2026-02-13 07:01:30','2026-02-13 07:01:30'),(47,'smtp_from_email','pharmacycalloway@gmail.com','email',NULL,'2026-02-13 07:01:30','2026-02-13 07:01:30'),(87,'enable_low_stock_alerts','1','alerts','Send email when stock is low','2026-03-06 16:15:19','2026-03-06 16:15:19'),(88,'enable_expiry_alerts','1','alerts','Send email when products are expiring','2026-03-06 16:15:19','2026-03-06 16:15:19'),(89,'enable_report_emails','1','alerts','Send periodic sales report emails','2026-03-06 16:15:19','2026-03-06 16:15:19'),(90,'report_frequency','daily','alerts','Report email frequency: daily, weekly, or monthly','2026-03-06 16:15:19','2026-03-06 16:15:19');
/*!40000 ALTER TABLE `settings` ENABLE KEYS */;
UNLOCK TABLES;

--
-- Temporary table structure for view `stage_statistics`
--

DROP TABLE IF EXISTS `stage_statistics`;
/*!50001 DROP VIEW IF EXISTS `stage_statistics`*/;
SET @saved_cs_client     = @@character_set_client;
SET character_set_client = utf8;
/*!50001 CREATE VIEW `stage_statistics` AS SELECT
 1 AS `stage`,
  1 AS `medicine_count`,
  1 AS `total_stock`,
  1 AS `avg_price`,
  1 AS `earliest_expiry`,
  1 AS `latest_expiry` */;
SET character_set_client = @saved_cs_client;

--
-- Table structure for table `stage_transitions`
--

DROP TABLE IF EXISTS `stage_transitions`;
/*!40101 SET @saved_cs_client     = @@character_set_client */;
/*!40101 SET character_set_client = utf8 */;
CREATE TABLE `stage_transitions` (
  `transition_id` int(11) NOT NULL AUTO_INCREMENT,
  `product_id` int(11) NOT NULL,
  `from_stage` varchar(50) DEFAULT NULL,
  `to_stage` varchar(50) NOT NULL,
  `reason` text DEFAULT NULL,
  `created_at` timestamp NOT NULL DEFAULT CURRENT_TIMESTAMP,
  PRIMARY KEY (`transition_id`),
  KEY `idx_product` (`product_id`),
  KEY `idx_created` (`created_at`),
  CONSTRAINT `stage_transitions_ibfk_1` FOREIGN KEY (`product_id`) REFERENCES `products` (`product_id`) ON DELETE CASCADE
) ENGINE=InnoDB DEFAULT CHARSET=utf8mb4 COLLATE=utf8mb4_general_ci;
/*!40101 SET character_set_client = @saved_cs_client */;

--
-- Dumping data for table `stage_transitions`
--

LOCK TABLES `stage_transitions` WRITE;
/*!40000 ALTER TABLE `stage_transitions` DISABLE KEYS */;
/*!40000 ALTER TABLE `stage_transitions` ENABLE KEYS */;
UNLOCK TABLES;

--
-- Table structure for table `stock_movements`
--

DROP TABLE IF EXISTS `stock_movements`;
/*!40101 SET @saved_cs_client     = @@character_set_client */;
/*!40101 SET character_set_client = utf8 */;
CREATE TABLE `stock_movements` (
  `movement_id` int(11) NOT NULL AUTO_INCREMENT,
  `product_id` int(11) NOT NULL,
  `batch_number` varchar(100) DEFAULT NULL,
  `expiry_date` date DEFAULT NULL,
  `movement_type` enum('IN','OUT','ADJUSTMENT') NOT NULL,
  `quantity` int(11) NOT NULL,
  `reference_type` varchar(50) DEFAULT NULL COMMENT 'sale, purchase, adjustment, return',
  `reference_id` int(11) DEFAULT NULL COMMENT 'ID of related sale, purchase, etc',
  `previous_stock` int(11) NOT NULL,
  `new_stock` int(11) NOT NULL,
  `notes` text DEFAULT NULL,
  `created_by` int(11) DEFAULT NULL,
  `created_at` timestamp NOT NULL DEFAULT CURRENT_TIMESTAMP,
  PRIMARY KEY (`movement_id`),
  KEY `created_by` (`created_by`),
  KEY `idx_product` (`product_id`),
  KEY `idx_movement_type` (`movement_type`),
  KEY `idx_reference` (`reference_type`,`reference_id`),
  KEY `idx_created` (`created_at`),
  CONSTRAINT `stock_movements_ibfk_1` FOREIGN KEY (`product_id`) REFERENCES `products` (`product_id`) ON DELETE CASCADE,
  CONSTRAINT `stock_movements_ibfk_2` FOREIGN KEY (`created_by`) REFERENCES `users` (`user_id`) ON DELETE SET NULL
) ENGINE=InnoDB AUTO_INCREMENT=19 DEFAULT CHARSET=utf8mb4 COLLATE=utf8mb4_unicode_ci;
/*!40101 SET character_set_client = @saved_cs_client */;

--
-- Dumping data for table `stock_movements`
--

LOCK TABLES `stock_movements` WRITE;
/*!40000 ALTER TABLE `stock_movements` DISABLE KEYS */;
INSERT INTO `stock_movements` VALUES (1,238,NULL,NULL,'ADJUSTMENT',45,'inline_edit',NULL,38,45,'Inline stock edit',NULL,'2026-02-15 05:31:54'),(2,271,NULL,NULL,'IN',300,'initial',NULL,0,300,'Initial stock',NULL,'2026-02-17 08:12:08'),(3,272,NULL,NULL,'IN',69,'initial',NULL,0,69,'Initial stock',NULL,'2026-02-17 08:15:07'),(4,273,NULL,NULL,'IN',123,'initial',NULL,0,123,'Initial stock',NULL,'2026-02-17 08:25:00'),(5,274,NULL,NULL,'IN',123,'initial',NULL,0,123,'Initial stock',NULL,'2026-02-17 08:25:04'),(6,275,NULL,NULL,'IN',123,'initial',NULL,0,123,'Initial stock',NULL,'2026-02-17 08:25:04'),(7,276,NULL,NULL,'IN',123,'initial',NULL,0,123,'Initial stock',NULL,'2026-02-17 08:25:04'),(8,277,NULL,NULL,'IN',123,'initial',NULL,0,123,'Initial stock',NULL,'2026-02-17 08:25:04'),(9,278,NULL,NULL,'IN',123,'initial',NULL,0,123,'Initial stock',NULL,'2026-02-17 08:27:31'),(10,270,NULL,NULL,'IN',12121,'initial',NULL,0,12121,'Initial stock',14,'2026-02-17 13:04:52'),(11,271,NULL,NULL,'IN',123131,'initial',NULL,0,123131,'Initial stock',14,'2026-02-17 13:06:20'),(12,238,NULL,NULL,'ADJUSTMENT',35,'inline_edit',NULL,33,35,'Inline stock edit',14,'2026-02-18 05:35:23'),(13,312,NULL,NULL,'ADJUSTMENT',45,'inline_edit',NULL,40,45,'Inline stock edit',14,'2026-03-04 02:35:10'),(14,317,NULL,NULL,'ADJUSTMENT',0,'inline_edit',NULL,40,0,'Inline stock edit',14,'2026-03-07 16:58:46'),(15,172,NULL,NULL,'ADJUSTMENT',0,'inline_edit',NULL,60,0,'Inline stock edit',14,'2026-03-07 16:58:51'),(16,371,NULL,NULL,'ADJUSTMENT',0,'inline_edit',NULL,40,0,'Inline stock edit',14,'2026-03-07 16:58:58'),(17,35,NULL,NULL,'ADJUSTMENT',0,'inline_edit',NULL,200,0,'Inline stock edit',14,'2026-03-07 16:59:00'),(18,115,NULL,NULL,'ADJUSTMENT',0,'inline_edit',NULL,60,0,'Inline stock edit',14,'2026-03-07 16:59:02');
/*!40000 ALTER TABLE `stock_movements` ENABLE KEYS */;
UNLOCK TABLES;

--
-- Table structure for table `suppliers`
--

DROP TABLE IF EXISTS `suppliers`;
/*!40101 SET @saved_cs_client     = @@character_set_client */;
/*!40101 SET character_set_client = utf8 */;
CREATE TABLE `suppliers` (
  `supplier_id` int(11) NOT NULL AUTO_INCREMENT,
  `supplier_name` varchar(150) NOT NULL,
  `contact_person` varchar(100) DEFAULT NULL,
  `phone` varchar(20) DEFAULT NULL,
  `email` varchar(100) DEFAULT NULL,
  `address` text DEFAULT NULL,
  `is_active` tinyint(1) DEFAULT 1,
  `created_at` timestamp NOT NULL DEFAULT CURRENT_TIMESTAMP,
  `updated_at` timestamp NOT NULL DEFAULT CURRENT_TIMESTAMP ON UPDATE current_timestamp(),
  PRIMARY KEY (`supplier_id`),
  KEY `idx_supplier_name` (`supplier_name`),
  KEY `idx_active` (`is_active`)
) ENGINE=InnoDB AUTO_INCREMENT=4 DEFAULT CHARSET=utf8mb4 COLLATE=utf8mb4_unicode_ci;
/*!40101 SET character_set_client = @saved_cs_client */;

--
-- Dumping data for table `suppliers`
--

LOCK TABLES `suppliers` WRITE;
/*!40000 ALTER TABLE `suppliers` DISABLE KEYS */;
INSERT INTO `suppliers` VALUES (1,'MedSupply Philippines','Juan dela Cruz','+63-917-123-4567','juan@medsupply.ph','Makati City, Metro Manila',1,'2026-02-13 05:39:20','2026-02-13 05:39:20'),(2,'PharmaCare Distributors','Maria Santos','+63-922-987-6543','maria@pharmacare.ph','Quezon City, Metro Manila',1,'2026-02-13 05:39:20','2026-02-13 05:39:20'),(3,'HealthPlus Trading','Pedro Reyes','+63-905-555-1234','pedro@healthplus.ph','Pasig City, Metro Manila',1,'2026-02-13 05:39:20','2026-02-13 05:39:20');
/*!40000 ALTER TABLE `suppliers` ENABLE KEYS */;
UNLOCK TABLES;

--
-- Table structure for table `users`
--

DROP TABLE IF EXISTS `users`;
/*!40101 SET @saved_cs_client     = @@character_set_client */;
/*!40101 SET character_set_client = utf8 */;
CREATE TABLE `users` (
  `user_id` int(11) NOT NULL AUTO_INCREMENT,
  `username` varchar(50) NOT NULL,
  `email` varchar(100) NOT NULL,
  `password_hash` varchar(255) NOT NULL,
  `full_name` varchar(100) NOT NULL,
  `role_id` int(11) DEFAULT NULL,
  `is_active` tinyint(1) DEFAULT 1,
  `last_login` datetime DEFAULT NULL,
  `created_at` timestamp NOT NULL DEFAULT CURRENT_TIMESTAMP,
  `updated_at` timestamp NOT NULL DEFAULT CURRENT_TIMESTAMP ON UPDATE current_timestamp(),
  `employee_id` int(11) DEFAULT NULL,
  `password_reset_token` varchar(64) DEFAULT NULL,
  `password_reset_expires` datetime DEFAULT NULL,
  `email_verify_code` varchar(10) DEFAULT NULL,
  `email_verify_expires` datetime DEFAULT NULL,
  `email_verified` tinyint(1) DEFAULT 0,
  PRIMARY KEY (`user_id`),
  UNIQUE KEY `username` (`username`),
  UNIQUE KEY `email` (`email`),
  KEY `idx_username` (`username`),
  KEY `idx_email` (`email`),
  KEY `idx_role` (`role_id`),
  KEY `idx_employee` (`employee_id`),
  CONSTRAINT `fk_user_role` FOREIGN KEY (`role_id`) REFERENCES `roles` (`role_id`) ON DELETE SET NULL,
  CONSTRAINT `fk_users_role` FOREIGN KEY (`role_id`) REFERENCES `roles` (`role_id`) ON DELETE SET NULL
) ENGINE=InnoDB AUTO_INCREMENT=30 DEFAULT CHARSET=utf8mb4 COLLATE=utf8mb4_unicode_ci;
/*!40101 SET character_set_client = @saved_cs_client */;

--
-- Dumping data for table `users`
--

LOCK TABLES `users` WRITE;
/*!40000 ALTER TABLE `users` DISABLE KEYS */;
INSERT INTO `users` VALUES (13,'cess','karazen081@gmail.com','$2y$12$MPzVpnxVXek5ZzbRYuv8LuIivDU3P15geJGfW/lP77r99k5pvWgEa','cess',4,1,'2026-03-02 09:10:25','2026-02-13 06:03:24','2026-03-02 01:10:25',NULL,NULL,NULL,NULL,NULL,0),(14,'Chrollo','akosialexandrei@gmail.com','$2y$10$Ri76iSItJJKLKo1ha0gplO5kT41DtLYTsjogevCYxQmigVoYSORqu','Alex Andrei Pamplona',1,1,'2026-03-08 08:17:35','2026-02-15 05:39:36','2026-03-08 00:17:35',9,'079ff7b512bd7cfc8019f01815eeac40d54ecdab64ea3cedbd2b49b4ca2220f8','2026-02-17 18:57:28',NULL,NULL,0),(15,'hendry','sdasdjiasjdklasjdll@gmail.com','$2y$10$o2768Nm2joDxbxSuV1SVSeo7CWT1xRHzqnae8QxMEnd.ziBYzxuLy','hendry mojares',1,1,'2026-03-02 09:18:51','2026-02-17 09:14:59','2026-03-02 01:18:51',10,NULL,NULL,NULL,NULL,0),(16,'Riyo','reyjemuelpalicpic19@gmail.com','$2y$10$AcSultm2Hl6TNjhOKbsHg.BWQpX00Qrjj.SD5X5gY7gFyvUtKuJBq','reyjemuel',4,1,'2026-02-17 17:48:12','2026-02-17 09:47:46','2026-02-17 09:56:19',NULL,'f14c0746a1d25c87220e3dea10d7fe86153f8b78e30a78729e302001fbd3d1a4','2026-02-17 18:56:19',NULL,NULL,0),(18,'Jonathan','Jonathan@gmail.com','$2y$10$iEWTLBfIxrocAO0HdjNgjeUKxxREVA1ZkV2ESm54I239gJ36L6oNe','Jonathan Onate',4,1,'2026-02-17 20:25:29','2026-02-17 12:22:36','2026-02-17 12:25:29',NULL,NULL,NULL,NULL,NULL,0),(19,'andrei123','dominikdimitri764@gmail.com','$2y$10$nGowEW57KJ6Ba9wrxJFSnuey6wduiWYXIomPNcOZVNuL5qBRTLM3e','Aexandrei',4,1,'2026-02-20 02:54:15','2026-02-17 12:30:54','2026-02-19 18:54:15',NULL,NULL,NULL,NULL,NULL,0),(20,'Jonathan123','Hello2232@gmail.com','$2y$10$UmkicnOGznENUBG8XFzLo.6XU8k.ulKP7nqN8sM0QUujVO0UCmal2','Jonathan',2,1,'2026-02-17 21:11:20','2026-02-17 13:11:02','2026-02-17 13:11:20',11,NULL,NULL,NULL,NULL,0),(22,'cess10','hendryevan2@gmail.com','$2y$12$UjHvnu/QGvK5Idpwv43B9Okr/M/6SfMeeAaWUJ1jpQ5KpurekKehG','Princess',4,1,'2026-02-18 14:28:29','2026-02-18 06:27:29','2026-02-18 06:28:29',NULL,NULL,NULL,NULL,NULL,1),(23,'axel','mojaresevan0@gmail.com','$2y$12$n3uQF0OrRz1H6Qkc.HMFj.2Ps6mBfHcrZE2HdqhtvLtruY8VsbPuW','Jonathan',5,1,'2026-02-18 14:40:06','2026-02-18 06:39:42','2026-02-18 06:40:06',12,NULL,NULL,NULL,NULL,0),(27,'KRULU','darlingdaaling@gmail.com','$2y$10$IfB.bZ1MTHPNgpW7sAiwhu9mmkV/K5JdicaU.TNHL7p3u42tfb7Gq','ANDREIPAMPLONA',4,1,'2026-02-28 02:43:47','2026-02-27 18:40:27','2026-02-27 18:43:47',NULL,NULL,NULL,NULL,NULL,1),(28,'demo','demo@calloway.local','$2y$12$ZXRrNiXMCSBPzO9UUwn8ROF0YZVGEClRYipci9VjMkal8h9z8n1Wm','Demo Viewer',7,1,'2026-03-02 10:32:57','2026-03-02 02:32:00','2026-03-02 02:32:57',NULL,NULL,NULL,NULL,NULL,0),(29,'Cashier','Cashier123@gmail.com','$2y$10$c9d//WiDN7xXLTGmUlOSDOAjcDAsBv5Jny3FqZOk5PrldFO16oN4i','TestingCashier',2,1,NULL,'2026-03-07 16:57:38','2026-03-07 16:57:38',NULL,NULL,NULL,NULL,NULL,0);
/*!40000 ALTER TABLE `users` ENABLE KEYS */;
UNLOCK TABLES;

--
-- Dumping routines for database 'calloway_pharmacy'
--

--
-- Final view structure for view `stage_statistics`
--

/*!50001 DROP VIEW IF EXISTS `stage_statistics`*/;
/*!50001 SET @saved_cs_client          = @@character_set_client */;
/*!50001 SET @saved_cs_results         = @@character_set_results */;
/*!50001 SET @saved_col_connection     = @@collation_connection */;
/*!50001 SET character_set_client      = utf8mb4 */;
/*!50001 SET character_set_results     = utf8mb4 */;
/*!50001 SET collation_connection      = utf8mb4_unicode_ci */;
/*!50001 CREATE ALGORITHM=UNDEFINED */
/*!50013 DEFINER=`root`@`localhost` SQL SECURITY DEFINER */
/*!50001 VIEW `stage_statistics` AS select `products`.`current_stage` AS `stage`,count(0) AS `medicine_count`,sum(`products`.`stock_quantity`) AS `total_stock`,avg(`products`.`price`) AS `avg_price`,min(`products`.`expiry_date`) AS `earliest_expiry`,max(`products`.`expiry_date`) AS `latest_expiry` from `products` where `products`.`is_active` = 1 group by `products`.`current_stage` order by field(`products`.`current_stage`,'NORMAL','LOW_STOCK','CRITICAL_STOCK','EXPIRING_SOON','EXPIRED','OUT_OF_STOCK') */;
/*!50001 SET character_set_client      = @saved_cs_client */;
/*!50001 SET character_set_results     = @saved_cs_results */;
/*!50001 SET collation_connection      = @saved_col_connection */;
/*!40103 SET TIME_ZONE=@OLD_TIME_ZONE */;

/*!40101 SET SQL_MODE=@OLD_SQL_MODE */;
/*!40014 SET FOREIGN_KEY_CHECKS=@OLD_FOREIGN_KEY_CHECKS */;
/*!40014 SET UNIQUE_CHECKS=@OLD_UNIQUE_CHECKS */;
/*!40101 SET CHARACTER_SET_CLIENT=@OLD_CHARACTER_SET_CLIENT */;
/*!40101 SET CHARACTER_SET_RESULTS=@OLD_CHARACTER_SET_RESULTS */;
/*!40101 SET COLLATION_CONNECTION=@OLD_COLLATION_CONNECTION */;
/*!40111 SET SQL_NOTES=@OLD_SQL_NOTES */;

-- Dump completed on 2026-03-10 15:42:17
